﻿{
  // false - disable.
  "enabled": true,
  "textFormat": {
    "font": "$TitleFont", // Font name
    "size": 16            // Font size
  },
  // Macros Avaliable. (WN8 '{wn8}''{c:wn8}' -  XWN8 '{xwn8}''{c:xwn8}' - EFF '{eff}''{c:eff}' - XEFF '{xeff}''{c:xeff}' - XTE '{xte}''{c:xte}' - DIFF '{diff}''{c:diff}'). 
  "format": "WN8: <font color='{c:wn8}'>{wn8}</font> EFF: <font color='{c:eff}'>{eff}</font> DIFF: <font color='{c:diff}'>{diff}</font>",
  "background": {
    // false - disable backgound.
    "enabled": true,
    "height": 23,
    "image": "../../scripts/client/gui/mods/mod_BattleEfficiency.png",
    "width": 250
  },
  // Texts Limits Lines
  "textLength": 1,
  // true - disallow to move text in battle.
  "textLock": false,
  "textPosition": {
    // left  - Move text from left side.
    // rihgt - Move text from right side.
    "alignX": "left",
    // top    - Move text for top side.
    // center - Move text for cebter side.
    // bottom - Move text for bottom side.
    "alignY": "top",
    "x": 168, // x position.
    "y": 36   // y position.
  },
  // Shadow options.
  "textShadow": {
    // false - no shadow.
    "enabled": true,
    "alpha": 1,         // (0.0 .. 1)  / opacity
    "angle": 90,        // (0 .. 360)  / offset angle
    "blurX": 2,         // (0 .. 255)  / blurX 
    "blurY": 2,         // (0 .. 255)  / blur Y
    "color": "#000000", // "#XXXXXX"   / color
    "distance": 0,      // (in pixels) / offset distance
    "quality": 2,       // (0 .. 2)    / quality
    "strength": 2       // (0 .. 2)    / intensity
  },
  //// false - disable battleResultsWindow. 
  "battleResultsWindow": true,
  // Macros Avaliable. (WN8 '{wn8}''{c:wn8}' -  XWN8 '{xwn8}''{c:xwn8}' - EFF '{eff}''{c:eff}' - XEFF '{xeff}''{c:xeff}' - XTE '{xte}''{c:xte}'). 
  "battleResultsFormat": "<textFormat tabstops='[210]'>{mapName} - {battleType}<tab>WN8: <font color='{c:wn8}'>{wn8}</font> - EFF: <font color='{c:eff}'>{eff}</font> - XWN8: <font color='{c:xwn8}'>{xwn8}</font></textFormat>",
  // System colors.
  "colors": {
    // Dynamic color by WN8 (XVM Color Scale).
    "wn8": [
      {"value": 450,    "color": "#FE0E00"},
      {"value": 984,    "color": "#FE7903"},
      {"value": 1577,   "color": "#F8F400"},
      {"value": 2368,   "color": "#60FF00"},
      {"value": 3182,   "color": "#02C9B3"},
      {"value": 999999, "color": "#D042F3"}
    ],
    // Dynamic color for EFF Scale.
    "eff": [
      {"value": 604,    "color": "#FE0E00"},
      {"value": 884,    "color": "#FE7903"},
      {"value": 1187,   "color": "#F8F400"},
      {"value": 1547,   "color": "#60FF00"},
      {"value": 1872,   "color": "#02C9B3"},
      {"value": 999999, "color": "#D042F3"}
    ],
    // Dynamic color for XVM Scale.
    "x": [
      {"value": 16.5, "color": "#FE0E00"},
      {"value": 33.5, "color": "#FE7903"},
      {"value": 52.5, "color": "#F8F400"},
      {"value": 75.5, "color": "#60FF00"},
      {"value": 92.5, "color": "#02C9B3"},
      {"value": 999,  "color": "#D042F3"}
    ],
    // Dynamic color for DIFF. damage.
    "diff": {
      "bad": "#FE0E00",
      "good": "#60FF00"
    }
  }
}