﻿{
    "background": false,
    "backgroundData": {
        "alpha": 1.0
    },
    "backgroundImage": "../../scripts/client/gui/mods/mod_BattleEfficiency.png",
    "battleResultsFormat": "<textFormat tabstops='[210]'>{mapName} | {battleType}<tab>WN8: <font color='{c:wn8}'>{wn8}</font> | EFF: <font color='{c:eff}'>{eff}</font> | XWN8: <font color='{c:xwn8}'>{xwn8}</font></textFormat>",
    "battleResultsWindow": false,
    "enabled": true,
    "format": "WN8: <font color='{c_wn8}'>{wn8}</font> EFF: <font color='{c_eff}'>{eff}</font> DIFF: <font color='{c_diff}'>{diff}</font>",
    "shadow": true,
    "shadowText": {
        "alpha": 1,
        "angle": 0,
        "blurX": 1,
        "blurY": 1,
        "color": 0,
        "distance": 0,
        "quality": 1,
        "strength": 1
    },
    "showInReplay": true,
    "textFormat": {
        "align": "center",
        "font": "$TitleFont",
        "size": 16
    },
    "textPosition": {
        "alignX": "left",
        "alignY": "top",
        "border": true,
        "drag": true,
        "height": 23,
        "width": 250,
        "x": 125,
        "y": 36
    }
}