{
    "battleResultsFormat": "<textformat leading='-2' tabstops='[5, 250]'>\t<font color='#FFFFFF' size='15'>{mapName} - {battleType}\tWN8: <font color='{c:wn8}'>{wn8} ({xwn8})</font>  EFF: <font color='{c:eff}'>{eff} ({xeff})</font></font></textformat>",
    "battleResultsWindow": false,
    "colorRatting": 0,
    "enabled": true,
    "format": "WN8: <font color='{c_wn8}'>{wn8}</font> EFF: <font color='{c_eff}'>{eff}</font> DIFF: <font color='{c_diff}'>{diff}</font>",
    "textLock": false,
    "textPosition": {
        "alignX": "left",
        "alignY": "top",
        "x": 125,
        "y": 36
    },
    "textShadow": {
        "alpha": 0.8,
        "angle": 90,
        "blurX": 2,
        "blurY": 2,
        "color": "0x000000",
        "distance": 0,
        "enabled": true,
        "quality": 2,
        "strength": 2
    },
    "textStyle": {
        "align": "center",
        "font": "$TitleFont",
        "size": 16
    }
}