﻿{
    "background": {
        "enabled": true,
        "height": 23,
        "image": "../../scripts/client/gui/mods/mod_BattleEfficiency.png",
        "width": 250
    },
    "battleResultsFormat": "<textFormat tabstops='[210]'>{mapName} - {battleType}<tab>WN8: <font color='{c:wn8}'>{wn8}</font> - EFF: <font color='{c:eff}'>{eff}</font> - XWN8: <font color='{c:xwn8}'>{xwn8}</font></textFormat>",
    "battleResultsWindow": false,
    "enabled": true,
    "format": "WN8: <font color='{c_wn8}'>{wn8}</font> EFF: <font color='{c_eff}'>{eff}</font> DIFF: <font color='{c_diff}'>{diff}</font>",
    "textFormat": {
        "font": "$TitleFont",
        "size": 16
    },
    "textLength": 1,
    "textLock": false,
    "textPosition": {
        "alignX": "left",
        "alignY": "top",
        "x": 125,
        "y": 36
    },
    "textShadow": {
        "alpha": 1,
        "angle": 90,
        "blurX": 2,
        "blurY": 2,
        "color": "#000000",
        "distance": 0,
        "enabled": true,
        "quality": 2,
        "strength": 2
    },
    "version": "1.8.5 (20.04.2020)"
}