﻿{
    "battleResultsFormat": "<textformat leading='-2' tabstops='[5, 250]'>\t<font color='#FFFFFF' size='15'>{mapName} - {battleType}\tWN8: <font color='{c:wn8}'>{wn8} ({xwn8})</font>  EFF: <font color='{c:eff}'>{eff} ({xeff})</font></font></textformat>",
    "battleResultsWindow": true,
    "colorRatting": 0,
    "enabled": true,
    "format": "WN8: <font color='{c_wn8}'>{wn8}</font> EFF: <font color='{c_eff}'>{eff}</font> DIFF: <font color='{c_diff}'>{diff}</font>",
    "position": [124.95, 37.95],
    "shadow": true,
    "textLock": false,
    "textShadow": {
        "alpha": 0.8,
        "angle": 90,
        "blurX": 2,
        "blurY": 2,
        "color": "#000000",
        "distance": 0,
        "quality": 4,
        "strength": 2
    },
    "textStyle": {
        "align": "center",
        "color": "#FFFFFF",
        "font": "$TitleFont",
        "size": 16
    }
}