﻿{
    "background": {
        "enabled": true,
        "height": 23,
        "image": "../../scripts/client/gui/mods/mod_BattleEfficiency.png",
        "width": 250
    },
    "battleResultsFormat": "<textFormat tabstops='[210]'>{mapName} - {battleType}<tab>WN8: <font color='{c:wn8}'>{wn8}</font> - EFF: <font color='{c:eff}'>{eff}</font> - XWN8: <font color='{c:xwn8}'>{xwn8}</font></textFormat>",
    "battleResultsWindow": false,
    "colors": {
        "diff": {
            "bad": "#FE0E00",
            "good": "#60FF00"
        },
        "dmg": "#FFFFFF",
        "eff": [
            {
                "color": "#FE0E00",
                "value": 604
            },
            {
                "color": "#FE7903",
                "value": 884
            },
            {
                "color": "#F8F400",
                "value": 1187
            },
            {
                "color": "#60FF00",
                "value": 1547
            },
            {
                "color": "#02C9B3",
                "value": 1872
            },
            {
                "color": "#D042F3",
                "value": 999999
            }
        ],
        "wn8": [
            {
                "color": "#FE0E00",
                "value": 450
            },
            {
                "color": "#FE7903",
                "value": 984
            },
            {
                "color": "#F8F400",
                "value": 1577
            },
            {
                "color": "#60FF00",
                "value": 2368
            },
            {
                "color": "#02C9B3",
                "value": 3182
            },
            {
                "color": "#D042F3",
                "value": 999999
            }
        ],
        "wtr": [
            {
                "color": "#FE0E00",
                "value": 2631
            },
            {
                "color": "#FE7903",
                "value": 4464
            },
            {
                "color": "#F8F400",
                "value": 6249
            },
            {
                "color": "#60FF00",
                "value": 8141
            },
            {
                "color": "#02C9B3",
                "value": 9460
            },
            {
                "color": "#D042F3",
                "value": 99999
            }
        ],
        "x": [
            {
                "color": "#FE0E00",
                "value": 16.5
            },
            {
                "color": "#FE7903",
                "value": 33.5
            },
            {
                "color": "#F8F400",
                "value": 52.5
            },
            {
                "color": "#60FF00",
                "value": 75.5
            },
            {
                "color": "#02C9B3",
                "value": 92.5
            },
            {
                "color": "#D042F3",
                "value": 999
            }
        ]
    },
    "enabled": true,
    "format": "WN8: <font color='{c_wn8}'>{wn8}</font> EFF: <font color='{c_eff}'>{eff}</font>",
    "textFormat": {
        "font": "$TitleFont",
        "size": 16
    },
    "textLength": 1,
    "textLock": false,
    "textPosition": {
        "alignX": "left",
        "alignY": "top",
        "x": 125,
        "y": 36
    },
    "textShadow": {
        "alpha": 1,
        "angle": 90,
        "blurX": 2,
        "blurY": 2,
        "color": 0,
        "distance": 0,
        "enabled": true,
        "quality": 2,
        "strength": 2
    }
}