{"data":[{"IDNum":1,"expDef":1.144,"expFrag":0.984,"expSpot":1.387,"expDamage":490.445,"expWinRate":54.841},{"IDNum":33,"expDef":1.158,"expFrag":1.249,"expSpot":1.584,"expDamage":640.287,"expWinRate":55.778},{"IDNum":49,"expDef":0.878,"expFrag":0.882,"expSpot":1.538,"expDamage":1124.614,"expWinRate":51.173},{"IDNum":81,"expDef":1.281,"expFrag":1.673,"expSpot":0.900,"expDamage":222.166,"expWinRate":57.735},{"IDNum":113,"expDef":1.277,"expFrag":1.548,"expSpot":0.794,"expDamage":239.401,"expWinRate":58.014},{"IDNum":129,"expDef":1.380,"expFrag":1.428,"expSpot":1.213,"expDamage":219.813,"expWinRate":58.027},{"IDNum":145,"expDef":0.828,"expFrag":0.974,"expSpot":1.350,"expDamage":773.942,"expWinRate":54.236},{"IDNum":161,"expDef":1.604,"expFrag":1.583,"expSpot":0.959,"expDamage":243.652,"expWinRate":57.772},{"IDNum":257,"expDef":1.300,"expFrag":1.129,"expSpot":0.548,"expDamage":578.189,"expWinRate":54.465},{"IDNum":273,"expDef":1.321,"expFrag":1.010,"expSpot":0.073,"expDamage":900.611,"expWinRate":51.338},{"IDNum":289,"expDef":1.569,"expFrag":1.021,"expSpot":2.131,"expDamage":298.354,"expWinRate":55.843},{"IDNum":305,"expDef":0.735,"expFrag":0.695,"expSpot":2.598,"expDamage":662.035,"expWinRate":51.964},{"IDNum":321,"expDef":1.593,"expFrag":1.196,"expSpot":0.823,"expDamage":318.992,"expWinRate":58.257},{"IDNum":337,"expDef":1.203,"expFrag":1.365,"expSpot":0.933,"expDamage":248.663,"expWinRate":56.406},{"IDNum":353,"expDef":1.433,"expFrag":1.341,"expSpot":1.193,"expDamage":245.683,"expWinRate":57.370},{"IDNum":369,"expDef":1.545,"expFrag":1.186,"expSpot":1.304,"expDamage":255.627,"expWinRate":56.431},{"IDNum":385,"expDef":1.517,"expFrag":1.307,"expSpot":1.339,"expDamage":277.728,"expWinRate":57.176},{"IDNum":401,"expDef":1.526,"expFrag":0.835,"expSpot":0.998,"expDamage":238.119,"expWinRate":53.745},{"IDNum":417,"expDef":1.819,"expFrag":1.350,"expSpot":1.400,"expDamage":321.840,"expWinRate":56.769},{"IDNum":513,"expDef":0.838,"expFrag":0.986,"expSpot":1.025,"expDamage":1017.231,"expWinRate":53.529},{"IDNum":529,"expDef":1.033,"expFrag":0.950,"expSpot":0.991,"expDamage":1057.297,"expWinRate":53.415},{"IDNum":545,"expDef":1.384,"expFrag":1.551,"expSpot":1.900,"expDamage":201.756,"expWinRate":58.114},{"IDNum":561,"expDef":0.741,"expFrag":0.869,"expSpot":1.432,"expDamage":1178.729,"expWinRate":50.671},{"IDNum":577,"expDef":1.788,"expFrag":1.414,"expSpot":1.182,"expDamage":203.595,"expWinRate":57.255},{"IDNum":593,"expDef":1.494,"expFrag":1.365,"expSpot":2.124,"expDamage":254.613,"expWinRate":58.139},{"IDNum":609,"expDef":1.818,"expFrag":1.507,"expSpot":1.083,"expDamage":211.542,"expWinRate":57.943},{"IDNum":625,"expDef":1.466,"expFrag":0.911,"expSpot":1.044,"expDamage":315.404,"expWinRate":53.629},{"IDNum":641,"expDef":1.586,"expFrag":1.161,"expSpot":1.341,"expDamage":362.633,"expWinRate":55.565},{"IDNum":673,"expDef":1.658,"expFrag":1.515,"expSpot":0.966,"expDamage":332.530,"expWinRate":58.836},{"IDNum":769,"expDef":1.311,"expFrag":0.827,"expSpot":2.557,"expDamage":289.591,"expWinRate":55.285},{"IDNum":785,"expDef":1.749,"expFrag":1.364,"expSpot":1.521,"expDamage":235.584,"expWinRate":57.183},{"IDNum":801,"expDef":0.884,"expFrag":1.011,"expSpot":1.059,"expDamage":851.841,"expWinRate":54.234},{"IDNum":817,"expDef":0.712,"expFrag":0.903,"expSpot":1.312,"expDamage":1218.811,"expWinRate":51.925},{"IDNum":833,"expDef":1.325,"expFrag":1.321,"expSpot":0.116,"expDamage":214.593,"expWinRate":56.685},{"IDNum":849,"expDef":1.561,"expFrag":1.113,"expSpot":0.796,"expDamage":465.892,"expWinRate":55.626},{"IDNum":865,"expDef":1.422,"expFrag":1.324,"expSpot":1.436,"expDamage":255.409,"expWinRate":56.486},{"IDNum":881,"expDef":1.333,"expFrag":0.949,"expSpot":1.227,"expDamage":378.344,"expWinRate":55.581},{"IDNum":897,"expDef":1.124,"expFrag":0.993,"expSpot":1.306,"expDamage":398.712,"expWinRate":55.182},{"IDNum":913,"expDef":0.489,"expFrag":0.861,"expSpot":0.996,"expDamage":1318.188,"expWinRate":52.720},{"IDNum":929,"expDef":1.479,"expFrag":1.344,"expSpot":1.166,"expDamage":416.500,"expWinRate":57.678},{"IDNum":1025,"expDef":1.421,"expFrag":1.319,"expSpot":1.776,"expDamage":247.126,"expWinRate":56.947},{"IDNum":1041,"expDef":1.410,"expFrag":1.112,"expSpot":0.696,"expDamage":577.239,"expWinRate":53.978},{"IDNum":1057,"expDef":1.017,"expFrag":1.043,"expSpot":1.385,"expDamage":508.861,"expWinRate":54.668},{"IDNum":1073,"expDef":0.997,"expFrag":0.921,"expSpot":1.456,"expDamage":904.368,"expWinRate":54.050},{"IDNum":1089,"expDef":1.385,"expFrag":1.124,"expSpot":1.140,"expDamage":410.685,"expWinRate":55.118},{"IDNum":1105,"expDef":1.006,"expFrag":0.989,"expSpot":1.878,"expDamage":690.691,"expWinRate":54.093},{"IDNum":1121,"expDef":1.102,"expFrag":0.891,"expSpot":1.003,"expDamage":894.307,"expWinRate":51.737},{"IDNum":1137,"expDef":1.127,"expFrag":0.857,"expSpot":1.450,"expDamage":486.907,"expWinRate":54.015},{"IDNum":1153,"expDef":1.029,"expFrag":0.913,"expSpot":1.193,"expDamage":503.789,"expWinRate":53.784},{"IDNum":1169,"expDef":1.481,"expFrag":1.364,"expSpot":1.557,"expDamage":244.297,"expWinRate":58.262},{"IDNum":1185,"expDef":0.958,"expFrag":1.119,"expSpot":1.106,"expDamage":472.057,"expWinRate":55.215},{"IDNum":1297,"expDef":1.211,"expFrag":0.885,"expSpot":1.246,"expDamage":879.590,"expWinRate":53.498},{"IDNum":1313,"expDef":1.096,"expFrag":0.969,"expSpot":1.409,"expDamage":690.504,"expWinRate":54.617},{"IDNum":1329,"expDef":1.756,"expFrag":1.670,"expSpot":1.239,"expDamage":225.279,"expWinRate":56.813},{"IDNum":1345,"expDef":2.013,"expFrag":1.387,"expSpot":1.064,"expDamage":259.735,"expWinRate":58.467},{"IDNum":1361,"expDef":1.626,"expFrag":1.134,"expSpot":1.786,"expDamage":310.077,"expWinRate":57.235},{"IDNum":1377,"expDef":1.114,"expFrag":0.916,"expSpot":1.188,"expDamage":490.340,"expWinRate":54.161},{"IDNum":1393,"expDef":1.005,"expFrag":0.901,"expSpot":1.419,"expDamage":716.418,"expWinRate":52.742},{"IDNum":1409,"expDef":1.023,"expFrag":0.931,"expSpot":1.088,"expDamage":733.236,"expWinRate":53.175},{"IDNum":1425,"expDef":1.476,"expFrag":1.440,"expSpot":1.028,"expDamage":322.930,"expWinRate":58.437},{"IDNum":1441,"expDef":0.896,"expFrag":0.912,"expSpot":1.111,"expDamage":503.729,"expWinRate":54.741},{"IDNum":1537,"expDef":1.028,"expFrag":1.029,"expSpot":1.242,"expDamage":412.678,"expWinRate":55.682},{"IDNum":1553,"expDef":1.248,"expFrag":1.062,"expSpot":0.725,"expDamage":746.478,"expWinRate":53.268},{"IDNum":1569,"expDef":1.042,"expFrag":0.915,"expSpot":1.564,"expDamage":916.345,"expWinRate":53.975},{"IDNum":1585,"expDef":0.955,"expFrag":0.829,"expSpot":1.452,"expDamage":1066.115,"expWinRate":51.677},{"IDNum":1601,"expDef":1.977,"expFrag":1.267,"expSpot":0.885,"expDamage":262.135,"expWinRate":56.941},{"IDNum":1617,"expDef":1.066,"expFrag":1.026,"expSpot":0.903,"expDamage":385.442,"expWinRate":55.044},{"IDNum":1633,"expDef":1.165,"expFrag":0.977,"expSpot":1.261,"expDamage":408.735,"expWinRate":54.878},{"IDNum":1649,"expDef":0.893,"expFrag":0.876,"expSpot":1.239,"expDamage":895.982,"expWinRate":52.760},{"IDNum":1665,"expDef":0.792,"expFrag":0.879,"expSpot":1.306,"expDamage":896.742,"expWinRate":52.907},{"IDNum":1681,"expDef":1.155,"expFrag":1.001,"expSpot":1.214,"expDamage":323.070,"expWinRate":54.480},{"IDNum":1697,"expDef":0.720,"expFrag":0.967,"expSpot":1.038,"expDamage":748.128,"expWinRate":53.219},{"IDNum":1793,"expDef":0.835,"expFrag":0.907,"expSpot":0.040,"expDamage":1117.577,"expWinRate":50.944},{"IDNum":1809,"expDef":1.180,"expFrag":1.375,"expSpot":0.621,"expDamage":484.350,"expWinRate":55.681},{"IDNum":1825,"expDef":1.584,"expFrag":1.474,"expSpot":2.469,"expDamage":285.604,"expWinRate":56.544},{"IDNum":1841,"expDef":0.742,"expFrag":0.880,"expSpot":1.368,"expDamage":1423.730,"expWinRate":51.324},{"IDNum":1889,"expDef":1.156,"expFrag":0.956,"expSpot":1.062,"expDamage":720.298,"expWinRate":52.349},{"IDNum":1905,"expDef":0.952,"expFrag":0.795,"expSpot":1.034,"expDamage":1068.945,"expWinRate":51.210},{"IDNum":1921,"expDef":0.671,"expFrag":0.926,"expSpot":0.798,"expDamage":1292.935,"expWinRate":51.597},{"IDNum":1937,"expDef":0.980,"expFrag":0.725,"expSpot":1.497,"expDamage":332.883,"expWinRate":53.125},{"IDNum":1953,"expDef":0.739,"expFrag":0.926,"expSpot":1.321,"expDamage":900.193,"expWinRate":53.334},{"IDNum":2049,"expDef":1.123,"expFrag":0.771,"expSpot":2.761,"expDamage":363.971,"expWinRate":54.503},{"IDNum":2065,"expDef":1.612,"expFrag":1.395,"expSpot":1.661,"expDamage":276.356,"expWinRate":56.989},{"IDNum":2081,"expDef":1.936,"expFrag":1.246,"expSpot":0.372,"expDamage":224.565,"expWinRate":54.344},{"IDNum":2097,"expDef":0.556,"expFrag":0.841,"expSpot":1.250,"expDamage":1540.809,"expWinRate":51.125},{"IDNum":2113,"expDef":1.220,"expFrag":1.298,"expSpot":0.101,"expDamage":710.445,"expWinRate":54.118},{"IDNum":2129,"expDef":1.138,"expFrag":0.867,"expSpot":1.750,"expDamage":452.436,"expWinRate":54.448},{"IDNum":2145,"expDef":1.380,"expFrag":1.259,"expSpot":1.187,"expDamage":359.604,"expWinRate":56.709},{"IDNum":2161,"expDef":0.769,"expFrag":0.992,"expSpot":1.128,"expDamage":1572.088,"expWinRate":50.592},{"IDNum":2177,"expDef":0.550,"expFrag":0.958,"expSpot":0.906,"expDamage":1629.308,"expWinRate":51.492},{"IDNum":2193,"expDef":0.774,"expFrag":0.897,"expSpot":1.257,"expDamage":530.109,"expWinRate":54.574},{"IDNum":2209,"expDef":0.691,"expFrag":0.864,"expSpot":1.104,"expDamage":1148.017,"expWinRate":50.303},{"IDNum":2305,"expDef":0.890,"expFrag":1.034,"expSpot":0.525,"expDamage":993.904,"expWinRate":52.861},{"IDNum":2321,"expDef":1.101,"expFrag":1.018,"expSpot":1.144,"expDamage":784.224,"expWinRate":54.633},{"IDNum":2353,"expDef":1.507,"expFrag":1.399,"expSpot":1.225,"expDamage":267.594,"expWinRate":57.424},{"IDNum":2369,"expDef":1.581,"expFrag":1.608,"expSpot":0.975,"expDamage":460.216,"expWinRate":57.095},{"IDNum":2385,"expDef":1.365,"expFrag":1.136,"expSpot":1.032,"expDamage":315.673,"expWinRate":57.351},{"IDNum":2401,"expDef":1.509,"expFrag":1.151,"expSpot":1.587,"expDamage":298.846,"expWinRate":56.602},{"IDNum":2417,"expDef":0.633,"expFrag":1.008,"expSpot":1.259,"expDamage":1816.296,"expWinRate":49.088},{"IDNum":2433,"expDef":0.469,"expFrag":0.923,"expSpot":1.136,"expDamage":1931.098,"expWinRate":49.202},{"IDNum":2449,"expDef":0.719,"expFrag":0.914,"expSpot":0.799,"expDamage":729.727,"expWinRate":53.262},{"IDNum":2465,"expDef":0.716,"expFrag":1.019,"expSpot":1.096,"expDamage":1580.218,"expWinRate":50.103},{"IDNum":2561,"expDef":0.982,"expFrag":0.947,"expSpot":1.335,"expDamage":707.153,"expWinRate":53.897},{"IDNum":2577,"expDef":1.021,"expFrag":0.923,"expSpot":1.124,"expDamage":570.556,"expWinRate":52.856},{"IDNum":2593,"expDef":0.579,"expFrag":0.957,"expSpot":0.675,"expDamage":1672.160,"expWinRate":50.757},{"IDNum":2625,"expDef":0.862,"expFrag":0.896,"expSpot":0.938,"expDamage":787.225,"expWinRate":53.128},{"IDNum":2657,"expDef":1.024,"expFrag":0.816,"expSpot":1.112,"expDamage":1092.256,"expWinRate":51.056},{"IDNum":2689,"expDef":2.029,"expFrag":1.042,"expSpot":0.494,"expDamage":305.500,"expWinRate":51.370},{"IDNum":2705,"expDef":0.647,"expFrag":0.952,"expSpot":1.046,"expDamage":1044.176,"expWinRate":53.414},{"IDNum":2721,"expDef":0.642,"expFrag":1.068,"expSpot":1.115,"expDamage":1866.836,"expWinRate":49.321},{"IDNum":2817,"expDef":0.803,"expFrag":1.046,"expSpot":1.060,"expDamage":806.447,"expWinRate":53.801},{"IDNum":2833,"expDef":1.340,"expFrag":1.150,"expSpot":0.149,"expDamage":350.251,"expWinRate":56.618},{"IDNum":2849,"expDef":0.732,"expFrag":0.793,"expSpot":0.833,"expDamage":1235.196,"expWinRate":51.005},{"IDNum":2865,"expDef":0.818,"expFrag":0.846,"expSpot":1.093,"expDamage":1214.519,"expWinRate":52.644},{"IDNum":2881,"expDef":1.103,"expFrag":0.798,"expSpot":0.863,"expDamage":299.986,"expWinRate":54.819},{"IDNum":2897,"expDef":1.349,"expFrag":1.129,"expSpot":0.887,"expDamage":624.961,"expWinRate":55.674},{"IDNum":2913,"expDef":1.254,"expFrag":1.011,"expSpot":1.717,"expDamage":382.413,"expWinRate":55.634},{"IDNum":2929,"expDef":0.483,"expFrag":0.919,"expSpot":1.151,"expDamage":2041.639,"expWinRate":48.950},{"IDNum":2945,"expDef":1.452,"expFrag":1.326,"expSpot":0.542,"expDamage":421.400,"expWinRate":54.820},{"IDNum":2961,"expDef":0.548,"expFrag":0.828,"expSpot":0.968,"expDamage":1265.061,"expWinRate":51.525},{"IDNum":2977,"expDef":0.490,"expFrag":0.936,"expSpot":0.964,"expDamage":1947.399,"expWinRate":48.767},{"IDNum":3073,"expDef":1.230,"expFrag":1.081,"expSpot":1.380,"expDamage":294.824,"expWinRate":55.736},{"IDNum":3089,"expDef":1.616,"expFrag":1.599,"expSpot":1.734,"expDamage":241.555,"expWinRate":57.302},{"IDNum":3105,"expDef":1.085,"expFrag":1.039,"expSpot":0.850,"expDamage":358.679,"expWinRate":55.376},{"IDNum":3121,"expDef":1.176,"expFrag":0.944,"expSpot":2.378,"expDamage":363.048,"expWinRate":55.740},{"IDNum":3137,"expDef":0.962,"expFrag":0.988,"expSpot":0.902,"expDamage":1275.124,"expWinRate":50.934},{"IDNum":3153,"expDef":1.256,"expFrag":0.942,"expSpot":0.847,"expDamage":1001.444,"expWinRate":55.067},{"IDNum":3169,"expDef":1.525,"expFrag":1.136,"expSpot":1.224,"expDamage":253.498,"expWinRate":55.210},{"IDNum":3185,"expDef":0.533,"expFrag":0.855,"expSpot":1.115,"expDamage":1643.773,"expWinRate":51.152},{"IDNum":3201,"expDef":1.283,"expFrag":1.133,"expSpot":0.634,"expDamage":451.994,"expWinRate":54.928},{"IDNum":3217,"expDef":0.470,"expFrag":0.874,"expSpot":0.939,"expDamage":1608.791,"expWinRate":51.838},{"IDNum":3233,"expDef":0.739,"expFrag":0.893,"expSpot":1.000,"expDamage":1037.076,"expWinRate":53.445},{"IDNum":3329,"expDef":1.649,"expFrag":1.649,"expSpot":1.210,"expDamage":224.583,"expWinRate":57.764},{"IDNum":3345,"expDef":1.523,"expFrag":1.314,"expSpot":1.302,"expDamage":339.356,"expWinRate":57.412},{"IDNum":3361,"expDef":1.181,"expFrag":1.153,"expSpot":1.175,"expDamage":644.643,"expWinRate":55.487},{"IDNum":3377,"expDef":0.755,"expFrag":0.703,"expSpot":2.307,"expDamage":686.205,"expWinRate":51.547},{"IDNum":3393,"expDef":1.945,"expFrag":1.091,"expSpot":0.139,"expDamage":385.822,"expWinRate":52.309},{"IDNum":3409,"expDef":1.506,"expFrag":1.041,"expSpot":0.126,"expDamage":295.985,"expWinRate":55.120},{"IDNum":3425,"expDef":0.809,"expFrag":0.913,"expSpot":1.109,"expDamage":1502.097,"expWinRate":50.586},{"IDNum":3441,"expDef":0.630,"expFrag":0.750,"expSpot":1.039,"expDamage":1214.470,"expWinRate":51.037},{"IDNum":3457,"expDef":1.033,"expFrag":1.058,"expSpot":0.849,"expDamage":537.369,"expWinRate":54.775},{"IDNum":3473,"expDef":0.368,"expFrag":0.922,"expSpot":0.942,"expDamage":2026.506,"expWinRate":50.161},{"IDNum":3489,"expDef":0.527,"expFrag":0.890,"expSpot":0.994,"expDamage":1559.468,"expWinRate":51.014},{"IDNum":3585,"expDef":1.059,"expFrag":1.095,"expSpot":0.726,"expDamage":786.315,"expWinRate":53.435},{"IDNum":3601,"expDef":1.681,"expFrag":1.712,"expSpot":0.865,"expDamage":311.392,"expWinRate":58.060},{"IDNum":3617,"expDef":1.790,"expFrag":0.883,"expSpot":0.115,"expDamage":468.151,"expWinRate":49.691},{"IDNum":3633,"expDef":0.828,"expFrag":0.996,"expSpot":1.084,"expDamage":1049.792,"expWinRate":53.980},{"IDNum":3649,"expDef":0.790,"expFrag":1.056,"expSpot":1.656,"expDamage":1738.106,"expWinRate":48.806},{"IDNum":3665,"expDef":1.077,"expFrag":0.947,"expSpot":1.009,"expDamage":729.159,"expWinRate":52.701},{"IDNum":3681,"expDef":0.666,"expFrag":0.936,"expSpot":1.328,"expDamage":1817.616,"expWinRate":49.972},{"IDNum":3697,"expDef":0.682,"expFrag":0.914,"expSpot":0.944,"expDamage":1085.843,"expWinRate":53.725},{"IDNum":3713,"expDef":1.061,"expFrag":0.953,"expSpot":0.604,"expDamage":759.452,"expWinRate":52.795},{"IDNum":3729,"expDef":0.894,"expFrag":0.901,"expSpot":1.354,"expDamage":621.117,"expWinRate":53.506},{"IDNum":3745,"expDef":0.550,"expFrag":0.880,"expSpot":1.042,"expDamage":1313.877,"expWinRate":51.276},{"IDNum":3841,"expDef":1.343,"expFrag":1.251,"expSpot":0.117,"expDamage":214.883,"expWinRate":55.167},{"IDNum":3857,"expDef":1.065,"expFrag":1.006,"expSpot":0.687,"expDamage":1019.098,"expWinRate":52.764},{"IDNum":3873,"expDef":0.971,"expFrag":0.990,"expSpot":1.083,"expDamage":1107.642,"expWinRate":54.040},{"IDNum":3889,"expDef":0.683,"expFrag":0.659,"expSpot":2.479,"expDamage":824.407,"expWinRate":51.348},{"IDNum":3905,"expDef":0.787,"expFrag":0.944,"expSpot":0.857,"expDamage":1545.072,"expWinRate":49.979},{"IDNum":3921,"expDef":0.811,"expFrag":0.830,"expSpot":1.041,"expDamage":1239.535,"expWinRate":52.275},{"IDNum":3937,"expDef":0.477,"expFrag":0.878,"expSpot":0.783,"expDamage":1938.877,"expWinRate":50.606},{"IDNum":3969,"expDef":1.140,"expFrag":0.948,"expSpot":0.582,"expDamage":963.245,"expWinRate":52.312},{"IDNum":3985,"expDef":0.673,"expFrag":0.942,"expSpot":1.001,"expDamage":814.892,"expWinRate":52.815},{"IDNum":4097,"expDef":0.790,"expFrag":0.876,"expSpot":0.019,"expDamage":1266.544,"expWinRate":51.426},{"IDNum":4113,"expDef":1.043,"expFrag":0.960,"expSpot":1.561,"expDamage":886.698,"expWinRate":53.566},{"IDNum":4129,"expDef":1.476,"expFrag":1.005,"expSpot":0.078,"expDamage":816.838,"expWinRate":51.361},{"IDNum":4145,"expDef":0.661,"expFrag":0.926,"expSpot":1.278,"expDamage":1789.232,"expWinRate":49.867},{"IDNum":4161,"expDef":2.301,"expFrag":1.129,"expSpot":0.100,"expDamage":617.882,"expWinRate":52.974},{"IDNum":4193,"expDef":0.510,"expFrag":0.808,"expSpot":0.698,"expDamage":1488.827,"expWinRate":51.713},{"IDNum":4225,"expDef":0.944,"expFrag":0.908,"expSpot":0.552,"expDamage":1309.687,"expWinRate":50.455},{"IDNum":4241,"expDef":0.694,"expFrag":0.878,"expSpot":1.301,"expDamage":964.383,"expWinRate":52.910},{"IDNum":4257,"expDef":0.770,"expFrag":1.107,"expSpot":0.625,"expDamage":864.574,"expWinRate":52.445},{"IDNum":4353,"expDef":0.892,"expFrag":0.821,"expSpot":1.383,"expDamage":1049.252,"expWinRate":51.796},{"IDNum":4369,"expDef":1.137,"expFrag":1.003,"expSpot":1.886,"expDamage":391.935,"expWinRate":56.363},{"IDNum":4385,"expDef":0.945,"expFrag":0.866,"expSpot":1.156,"expDamage":1231.103,"expWinRate":52.409},{"IDNum":4401,"expDef":1.473,"expFrag":1.276,"expSpot":1.202,"expDamage":339.181,"expWinRate":57.193},{"IDNum":4417,"expDef":0.998,"expFrag":1.008,"expSpot":1.174,"expDamage":496.304,"expWinRate":54.117},{"IDNum":4433,"expDef":0.624,"expFrag":0.848,"expSpot":1.040,"expDamage":1609.513,"expWinRate":51.420},{"IDNum":4449,"expDef":1.095,"expFrag":1.077,"expSpot":0.747,"expDamage":380.831,"expWinRate":53.910},{"IDNum":4481,"expDef":0.936,"expFrag":0.962,"expSpot":0.553,"expDamage":1661.502,"expWinRate":50.411},{"IDNum":4497,"expDef":0.733,"expFrag":0.759,"expSpot":1.003,"expDamage":1074.953,"expWinRate":49.958},{"IDNum":4513,"expDef":0.709,"expFrag":0.937,"expSpot":0.829,"expDamage":1020.611,"expWinRate":54.229},{"IDNum":4609,"expDef":1.774,"expFrag":1.383,"expSpot":1.105,"expDamage":242.174,"expWinRate":57.398},{"IDNum":4625,"expDef":1.718,"expFrag":1.020,"expSpot":0.160,"expDamage":394.931,"expWinRate":53.965},{"IDNum":4641,"expDef":1.616,"expFrag":1.014,"expSpot":0.124,"expDamage":384.826,"expWinRate":53.695},{"IDNum":4657,"expDef":1.180,"expFrag":1.002,"expSpot":1.397,"expDamage":487.183,"expWinRate":53.994},{"IDNum":4673,"expDef":1.526,"expFrag":1.033,"expSpot":0.075,"expDamage":897.286,"expWinRate":52.558},{"IDNum":4689,"expDef":1.219,"expFrag":0.985,"expSpot":0.747,"expDamage":759.336,"expWinRate":54.334},{"IDNum":4705,"expDef":1.061,"expFrag":1.159,"expSpot":0.729,"expDamage":370.440,"expWinRate":54.184},{"IDNum":4721,"expDef":0.699,"expFrag":0.675,"expSpot":2.063,"expDamage":782.517,"expWinRate":52.274},{"IDNum":4737,"expDef":0.857,"expFrag":1.008,"expSpot":0.579,"expDamage":2003.442,"expWinRate":50.346},{"IDNum":4769,"expDef":0.625,"expFrag":0.853,"expSpot":0.848,"expDamage":1289.812,"expWinRate":52.238},{"IDNum":4865,"expDef":1.529,"expFrag":0.982,"expSpot":0.098,"expDamage":542.143,"expWinRate":51.009},{"IDNum":4881,"expDef":1.251,"expFrag":1.224,"expSpot":1.820,"expDamage":376.635,"expWinRate":55.461},{"IDNum":4897,"expDef":1.204,"expFrag":1.279,"expSpot":1.429,"expDamage":329.939,"expWinRate":56.722},{"IDNum":4913,"expDef":0.809,"expFrag":0.731,"expSpot":2.399,"expDamage":495.978,"expWinRate":52.174},{"IDNum":4929,"expDef":0.745,"expFrag":0.755,"expSpot":2.363,"expDamage":962.252,"expWinRate":51.167},{"IDNum":4945,"expDef":1.369,"expFrag":0.907,"expSpot":0.785,"expDamage":356.577,"expWinRate":54.787},{"IDNum":4961,"expDef":0.666,"expFrag":0.797,"expSpot":0.748,"expDamage":1231.607,"expWinRate":52.663},{"IDNum":4977,"expDef":0.723,"expFrag":0.712,"expSpot":1.968,"expDamage":686.060,"expWinRate":51.776},{"IDNum":4993,"expDef":0.705,"expFrag":0.838,"expSpot":1.183,"expDamage":1175.978,"expWinRate":51.004},{"IDNum":5121,"expDef":1.713,"expFrag":1.635,"expSpot":0.428,"expDamage":297.657,"expWinRate":58.254},{"IDNum":5137,"expDef":0.905,"expFrag":0.836,"expSpot":0.944,"expDamage":1233.221,"expWinRate":51.593},{"IDNum":5153,"expDef":1.118,"expFrag":0.814,"expSpot":2.380,"expDamage":310.532,"expWinRate":56.170},{"IDNum":5169,"expDef":1.046,"expFrag":0.960,"expSpot":1.446,"expDamage":699.697,"expWinRate":53.645},{"IDNum":5185,"expDef":0.862,"expFrag":0.762,"expSpot":2.197,"expDamage":671.614,"expWinRate":51.650},{"IDNum":5201,"expDef":1.436,"expFrag":1.376,"expSpot":1.220,"expDamage":241.372,"expWinRate":56.899},{"IDNum":5217,"expDef":0.666,"expFrag":0.957,"expSpot":0.980,"expDamage":1068.114,"expWinRate":54.876},{"IDNum":5249,"expDef":0.711,"expFrag":0.887,"expSpot":1.171,"expDamage":1501.874,"expWinRate":51.129},{"IDNum":5265,"expDef":0.684,"expFrag":0.937,"expSpot":1.627,"expDamage":1815.828,"expWinRate":50.849},{"IDNum":5281,"expDef":0.517,"expFrag":0.992,"expSpot":0.878,"expDamage":2061.097,"expWinRate":53.073},{"IDNum":5377,"expDef":0.804,"expFrag":0.877,"expSpot":1.018,"expDamage":1247.627,"expWinRate":51.796},{"IDNum":5393,"expDef":0.801,"expFrag":0.714,"expSpot":2.370,"expDamage":407.917,"expWinRate":53.638},{"IDNum":5409,"expDef":0.971,"expFrag":0.801,"expSpot":1.983,"expDamage":376.797,"expWinRate":53.857},{"IDNum":5425,"expDef":0.574,"expFrag":0.852,"expSpot":1.349,"expDamage":1787.106,"expWinRate":49.520},{"IDNum":5457,"expDef":1.104,"expFrag":0.930,"expSpot":1.604,"expDamage":860.692,"expWinRate":53.146},{"IDNum":5473,"expDef":0.654,"expFrag":1.045,"expSpot":0.807,"expDamage":817.505,"expWinRate":54.212},{"IDNum":5505,"expDef":0.609,"expFrag":0.945,"expSpot":1.166,"expDamage":1864.164,"expWinRate":50.483},{"IDNum":5537,"expDef":0.587,"expFrag":0.913,"expSpot":0.822,"expDamage":1654.999,"expWinRate":52.570},{"IDNum":5633,"expDef":1.250,"expFrag":1.037,"expSpot":0.063,"expDamage":949.614,"expWinRate":51.678},{"IDNum":5649,"expDef":1.613,"expFrag":1.079,"expSpot":0.100,"expDamage":622.251,"expWinRate":52.858},{"IDNum":5665,"expDef":1.434,"expFrag":1.318,"expSpot":1.563,"expDamage":234.400,"expWinRate":57.320},{"IDNum":5681,"expDef":0.665,"expFrag":0.683,"expSpot":2.469,"expDamage":1019.323,"expWinRate":50.259},{"IDNum":5697,"expDef":0.902,"expFrag":0.989,"expSpot":1.430,"expDamage":1402.627,"expWinRate":50.436},{"IDNum":5713,"expDef":0.799,"expFrag":0.868,"expSpot":1.261,"expDamage":1497.004,"expWinRate":50.961},{"IDNum":5729,"expDef":0.889,"expFrag":1.278,"expSpot":1.163,"expDamage":693.634,"expWinRate":54.763},{"IDNum":5745,"expDef":1.157,"expFrag":0.725,"expSpot":1.164,"expDamage":316.264,"expWinRate":38.754},{"IDNum":5793,"expDef":1.088,"expFrag":1.037,"expSpot":0.800,"expDamage":624.548,"expWinRate":53.638},{"IDNum":5889,"expDef":0.813,"expFrag":0.995,"expSpot":0.843,"expDamage":1060.886,"expWinRate":54.115},{"IDNum":5905,"expDef":1.627,"expFrag":1.008,"expSpot":0.145,"expDamage":353.102,"expWinRate":52.215},{"IDNum":5921,"expDef":1.043,"expFrag":0.827,"expSpot":1.377,"expDamage":1094.695,"expWinRate":51.891},{"IDNum":5937,"expDef":0.618,"expFrag":0.714,"expSpot":2.577,"expDamage":1270.560,"expWinRate":48.886},{"IDNum":5953,"expDef":1.527,"expFrag":1.046,"expSpot":0.896,"expDamage":300.786,"expWinRate":54.496},{"IDNum":5969,"expDef":0.937,"expFrag":0.773,"expSpot":1.255,"expDamage":1083.951,"expWinRate":52.302},{"IDNum":5985,"expDef":1.210,"expFrag":1.470,"expSpot":1.131,"expDamage":272.999,"expWinRate":57.546},{"IDNum":6033,"expDef":0.488,"expFrag":0.963,"expSpot":0.925,"expDamage":1706.830,"expWinRate":52.383},{"IDNum":6049,"expDef":0.374,"expFrag":0.898,"expSpot":0.849,"expDamage":1642.734,"expWinRate":51.720},{"IDNum":6145,"expDef":0.661,"expFrag":0.884,"expSpot":1.090,"expDamage":1876.621,"expWinRate":49.790},{"IDNum":6161,"expDef":1.149,"expFrag":0.865,"expSpot":2.598,"expDamage":346.990,"expWinRate":55.583},{"IDNum":6177,"expDef":1.612,"expFrag":1.875,"expSpot":1.107,"expDamage":277.974,"expWinRate":57.135},{"IDNum":6193,"expDef":0.502,"expFrag":0.872,"expSpot":1.240,"expDamage":1892.545,"expWinRate":49.019},{"IDNum":6209,"expDef":0.680,"expFrag":0.981,"expSpot":0.941,"expDamage":1881.426,"expWinRate":48.047},{"IDNum":6225,"expDef":0.649,"expFrag":0.856,"expSpot":1.023,"expDamage":1823.647,"expWinRate":48.869},{"IDNum":6241,"expDef":0.799,"expFrag":1.178,"expSpot":0.876,"expDamage":1232.495,"expWinRate":55.852},{"IDNum":6257,"expDef":0.694,"expFrag":0.706,"expSpot":2.118,"expDamage":956.328,"expWinRate":52.532},{"IDNum":6401,"expDef":1.617,"expFrag":1.345,"expSpot":0.740,"expDamage":439.938,"expWinRate":56.605},{"IDNum":6417,"expDef":1.062,"expFrag":0.958,"expSpot":1.586,"expDamage":485.861,"expWinRate":54.719},{"IDNum":6433,"expDef":1.375,"expFrag":1.442,"expSpot":1.140,"expDamage":357.074,"expWinRate":57.739},{"IDNum":6449,"expDef":1.437,"expFrag":1.565,"expSpot":0.428,"expDamage":341.507,"expWinRate":58.330},{"IDNum":6465,"expDef":0.762,"expFrag":0.703,"expSpot":2.025,"expDamage":519.492,"expWinRate":51.949},{"IDNum":6481,"expDef":1.057,"expFrag":0.908,"expSpot":1.906,"expDamage":388.854,"expWinRate":55.706},{"IDNum":6497,"expDef":0.753,"expFrag":0.899,"expSpot":0.598,"expDamage":1291.096,"expWinRate":51.202},{"IDNum":6545,"expDef":0.695,"expFrag":0.965,"expSpot":0.587,"expDamage":827.370,"expWinRate":51.784},{"IDNum":6657,"expDef":1.095,"expFrag":0.929,"expSpot":1.429,"expDamage":850.827,"expWinRate":54.015},{"IDNum":6673,"expDef":1.534,"expFrag":1.371,"expSpot":0.884,"expDamage":391.410,"expWinRate":58.074},{"IDNum":6705,"expDef":1.364,"expFrag":1.442,"expSpot":0.589,"expDamage":422.255,"expWinRate":55.070},{"IDNum":6721,"expDef":1.060,"expFrag":1.175,"expSpot":0.899,"expDamage":667.638,"expWinRate":55.403},{"IDNum":6753,"expDef":0.561,"expFrag":1.010,"expSpot":0.690,"expDamage":1780.506,"expWinRate":52.215},{"IDNum":6769,"expDef":0.757,"expFrag":0.748,"expSpot":2.329,"expDamage":1201.688,"expWinRate":51.085},{"IDNum":6801,"expDef":0.724,"expFrag":1.018,"expSpot":0.445,"expDamage":671.217,"expWinRate":52.401},{"IDNum":6913,"expDef":1.429,"expFrag":1.311,"expSpot":0.812,"expDamage":497.780,"expWinRate":56.169},{"IDNum":6929,"expDef":0.576,"expFrag":0.879,"expSpot":0.823,"expDamage":1850.514,"expWinRate":51.317},{"IDNum":6945,"expDef":1.353,"expFrag":1.128,"expSpot":0.953,"expDamage":587.600,"expWinRate":54.790},{"IDNum":6961,"expDef":1.198,"expFrag":1.370,"expSpot":0.661,"expDamage":574.889,"expWinRate":56.300},{"IDNum":6977,"expDef":0.989,"expFrag":0.893,"expSpot":0.960,"expDamage":1026.030,"expWinRate":53.417},{"IDNum":6993,"expDef":1.049,"expFrag":1.275,"expSpot":0.908,"expDamage":278.674,"expWinRate":55.580},{"IDNum":7009,"expDef":0.974,"expFrag":0.972,"expSpot":0.515,"expDamage":638.291,"expWinRate":52.504},{"IDNum":7025,"expDef":0.508,"expFrag":1.073,"expSpot":1.011,"expDamage":1678.640,"expWinRate":53.944},{"IDNum":7057,"expDef":0.454,"expFrag":0.938,"expSpot":1.070,"expDamage":1957.006,"expWinRate":52.585},{"IDNum":7169,"expDef":0.587,"expFrag":0.855,"expSpot":1.273,"expDamage":1790.911,"expWinRate":49.600},{"IDNum":7185,"expDef":0.920,"expFrag":0.988,"expSpot":1.265,"expDamage":767.675,"expWinRate":54.624},{"IDNum":7201,"expDef":1.104,"expFrag":1.020,"expSpot":0.824,"expDamage":798.724,"expWinRate":53.805},{"IDNum":7217,"expDef":0.927,"expFrag":1.088,"expSpot":0.539,"expDamage":618.625,"expWinRate":54.220},{"IDNum":7233,"expDef":1.261,"expFrag":0.901,"expSpot":0.059,"expDamage":1077.485,"expWinRate":51.495},{"IDNum":7249,"expDef":0.669,"expFrag":0.910,"expSpot":1.335,"expDamage":1816.839,"expWinRate":49.759},{"IDNum":7265,"expDef":0.731,"expFrag":0.972,"expSpot":0.354,"expDamage":836.586,"expWinRate":50.611},{"IDNum":7313,"expDef":0.519,"expFrag":0.934,"expSpot":0.719,"expDamage":1386.189,"expWinRate":51.791},{"IDNum":7425,"expDef":0.786,"expFrag":1.042,"expSpot":0.497,"expDamage":1368.725,"expWinRate":50.595},{"IDNum":7441,"expDef":0.620,"expFrag":0.837,"expSpot":0.910,"expDamage":1518.075,"expWinRate":51.634},{"IDNum":7457,"expDef":0.884,"expFrag":0.859,"expSpot":0.033,"expDamage":1255.915,"expWinRate":51.277},{"IDNum":7473,"expDef":0.885,"expFrag":1.034,"expSpot":0.647,"expDamage":795.571,"expWinRate":53.350},{"IDNum":7489,"expDef":1.080,"expFrag":0.866,"expSpot":0.050,"expDamage":1217.397,"expWinRate":50.908},{"IDNum":7505,"expDef":1.084,"expFrag":1.186,"expSpot":1.732,"expDamage":377.718,"expWinRate":56.891},{"IDNum":7569,"expDef":0.665,"expFrag":1.039,"expSpot":0.662,"expDamage":1076.460,"expWinRate":52.628},{"IDNum":7681,"expDef":1.887,"expFrag":1.207,"expSpot":0.121,"expDamage":440.743,"expWinRate":53.832},{"IDNum":7697,"expDef":0.955,"expFrag":0.998,"expSpot":0.566,"expDamage":1356.782,"expWinRate":51.319},{"IDNum":7713,"expDef":1.485,"expFrag":1.301,"expSpot":0.936,"expDamage":497.647,"expWinRate":56.537},{"IDNum":7729,"expDef":0.891,"expFrag":1.070,"expSpot":0.622,"expDamage":1004.764,"expWinRate":53.280},{"IDNum":7745,"expDef":1.801,"expFrag":1.736,"expSpot":0.707,"expDamage":307.900,"expWinRate":58.173},{"IDNum":7761,"expDef":1.355,"expFrag":1.466,"expSpot":1.842,"expDamage":264.077,"expWinRate":58.203},{"IDNum":7777,"expDef":0.695,"expFrag":0.991,"expSpot":1.119,"expDamage":956.381,"expWinRate":53.363},{"IDNum":7937,"expDef":0.830,"expFrag":0.896,"expSpot":1.545,"expDamage":1385.575,"expWinRate":51.063},{"IDNum":7953,"expDef":0.781,"expFrag":1.014,"expSpot":0.588,"expDamage":1702.888,"expWinRate":50.972},{"IDNum":7969,"expDef":1.086,"expFrag":0.923,"expSpot":0.049,"expDamage":1048.045,"expWinRate":51.899},{"IDNum":7985,"expDef":0.684,"expFrag":0.932,"expSpot":0.461,"expDamage":1296.338,"expWinRate":50.947},{"IDNum":8017,"expDef":1.695,"expFrag":1.340,"expSpot":0.661,"expDamage":433.623,"expWinRate":56.426},{"IDNum":8033,"expDef":0.606,"expFrag":0.974,"expSpot":1.163,"expDamage":754.828,"expWinRate":53.973},{"IDNum":8081,"expDef":0.703,"expFrag":0.918,"expSpot":1.135,"expDamage":1511.463,"expWinRate":50.987},{"IDNum":8193,"expDef":0.782,"expFrag":1.102,"expSpot":0.575,"expDamage":1790.666,"expWinRate":50.629},{"IDNum":8209,"expDef":1.290,"expFrag":0.944,"expSpot":2.389,"expDamage":362.549,"expWinRate":56.656},{"IDNum":8225,"expDef":0.871,"expFrag":0.963,"expSpot":0.564,"expDamage":1329.052,"expWinRate":52.667},{"IDNum":8241,"expDef":0.599,"expFrag":1.039,"expSpot":0.501,"expDamage":1749.005,"expWinRate":51.672},{"IDNum":8257,"expDef":1.709,"expFrag":1.337,"expSpot":0.822,"expDamage":384.642,"expWinRate":56.876},{"IDNum":8273,"expDef":1.566,"expFrag":1.620,"expSpot":1.095,"expDamage":285.680,"expWinRate":58.020},{"IDNum":8289,"expDef":0.528,"expFrag":1.050,"expSpot":0.655,"expDamage":2155.908,"expWinRate":51.658},{"IDNum":8449,"expDef":0.826,"expFrag":0.891,"expSpot":0.024,"expDamage":1489.629,"expWinRate":50.604},{"IDNum":8465,"expDef":0.973,"expFrag":0.810,"expSpot":1.172,"expDamage":1088.858,"expWinRate":51.809},{"IDNum":8481,"expDef":0.623,"expFrag":0.785,"expSpot":0.025,"expDamage":1586.555,"expWinRate":49.983},{"IDNum":8497,"expDef":0.519,"expFrag":1.010,"expSpot":0.639,"expDamage":2031.886,"expWinRate":51.366},{"IDNum":8529,"expDef":1.198,"expFrag":0.959,"expSpot":0.617,"expDamage":1300.759,"expWinRate":52.514},{"IDNum":8545,"expDef":0.616,"expFrag":0.815,"expSpot":1.102,"expDamage":1851.748,"expWinRate":48.947},{"IDNum":8705,"expDef":0.749,"expFrag":0.829,"expSpot":0.032,"expDamage":1593.541,"expWinRate":49.998},{"IDNum":8721,"expDef":0.772,"expFrag":0.859,"expSpot":0.029,"expDamage":1439.848,"expWinRate":50.447},{"IDNum":8737,"expDef":0.547,"expFrag":1.048,"expSpot":0.584,"expDamage":1754.380,"expWinRate":53.430},{"IDNum":8785,"expDef":1.710,"expFrag":1.097,"expSpot":0.748,"expDamage":543.668,"expWinRate":56.911},{"IDNum":8801,"expDef":0.579,"expFrag":0.844,"expSpot":1.100,"expDamage":1653.246,"expWinRate":51.721},{"IDNum":8961,"expDef":1.026,"expFrag":0.915,"expSpot":1.458,"expDamage":834.032,"expWinRate":54.484},{"IDNum":8977,"expDef":1.031,"expFrag":0.947,"expSpot":0.041,"expDamage":1100.634,"expWinRate":51.233},{"IDNum":8993,"expDef":0.772,"expFrag":0.908,"expSpot":1.330,"expDamage":1482.253,"expWinRate":50.826},{"IDNum":9009,"expDef":0.451,"expFrag":0.888,"expSpot":1.166,"expDamage":1985.287,"expWinRate":50.041},{"IDNum":9041,"expDef":1.572,"expFrag":1.200,"expSpot":1.131,"expDamage":459.682,"expWinRate":56.462},{"IDNum":9057,"expDef":0.645,"expFrag":0.911,"expSpot":1.071,"expDamage":1138.076,"expWinRate":53.252},{"IDNum":9217,"expDef":0.790,"expFrag":0.971,"expSpot":1.090,"expDamage":1276.034,"expWinRate":52.303},{"IDNum":9233,"expDef":0.632,"expFrag":0.832,"expSpot":0.027,"expDamage":1604.859,"expWinRate":50.095},{"IDNum":9249,"expDef":1.113,"expFrag":1.022,"expSpot":0.747,"expDamage":1017.964,"expWinRate":53.205},{"IDNum":9265,"expDef":0.455,"expFrag":0.822,"expSpot":1.220,"expDamage":1608.652,"expWinRate":51.781},{"IDNum":9297,"expDef":0.485,"expFrag":1.050,"expSpot":0.485,"expDamage":1940.301,"expWinRate":49.374},{"IDNum":9313,"expDef":0.617,"expFrag":0.825,"expSpot":0.924,"expDamage":1354.712,"expWinRate":51.396},{"IDNum":9473,"expDef":1.110,"expFrag":0.820,"expSpot":2.482,"expDamage":382.641,"expWinRate":55.073},{"IDNum":9489,"expDef":0.496,"expFrag":0.887,"expSpot":0.909,"expDamage":1871.798,"expWinRate":49.968},{"IDNum":9505,"expDef":0.730,"expFrag":0.846,"expSpot":1.073,"expDamage":1517.241,"expWinRate":50.749},{"IDNum":9521,"expDef":0.517,"expFrag":0.731,"expSpot":1.106,"expDamage":1224.575,"expWinRate":51.415},{"IDNum":9553,"expDef":1.370,"expFrag":1.013,"expSpot":0.672,"expDamage":762.685,"expWinRate":55.795},{"IDNum":9745,"expDef":0.703,"expFrag":0.868,"expSpot":0.957,"expDamage":1555.961,"expWinRate":51.464},{"IDNum":9761,"expDef":0.751,"expFrag":0.638,"expSpot":2.609,"expDamage":398.613,"expWinRate":53.383},{"IDNum":9777,"expDef":0.639,"expFrag":0.882,"expSpot":1.160,"expDamage":1088.056,"expWinRate":54.289},{"IDNum":9793,"expDef":1.160,"expFrag":1.236,"expSpot":0.555,"expDamage":465.081,"expWinRate":55.377},{"IDNum":9809,"expDef":1.086,"expFrag":0.934,"expSpot":0.409,"expDamage":757.564,"expWinRate":52.759},{"IDNum":9985,"expDef":0.873,"expFrag":0.899,"expSpot":0.818,"expDamage":1245.953,"expWinRate":51.561},{"IDNum":10001,"expDef":0.674,"expFrag":0.639,"expSpot":2.428,"expDamage":483.424,"expWinRate":52.309},{"IDNum":10017,"expDef":1.119,"expFrag":0.979,"expSpot":1.139,"expDamage":692.038,"expWinRate":54.348},{"IDNum":10049,"expDef":1.354,"expFrag":1.179,"expSpot":0.711,"expDamage":613.346,"expWinRate":53.845},{"IDNum":10065,"expDef":1.293,"expFrag":1.029,"expSpot":0.651,"expDamage":1071.070,"expWinRate":55.293},{"IDNum":10241,"expDef":1.072,"expFrag":1.003,"expSpot":0.868,"expDamage":1006.169,"expWinRate":53.594},{"IDNum":10257,"expDef":0.740,"expFrag":0.909,"expSpot":1.264,"expDamage":1528.355,"expWinRate":51.138},{"IDNum":10273,"expDef":1.548,"expFrag":1.178,"expSpot":1.169,"expDamage":482.596,"expWinRate":56.566},{"IDNum":10289,"expDef":0.526,"expFrag":0.879,"expSpot":1.007,"expDamage":1686.709,"expWinRate":51.358},{"IDNum":10497,"expDef":0.641,"expFrag":1.049,"expSpot":0.707,"expDamage":814.865,"expWinRate":53.445},{"IDNum":10513,"expDef":0.920,"expFrag":0.855,"expSpot":1.169,"expDamage":1208.958,"expWinRate":52.024},{"IDNum":10529,"expDef":1.396,"expFrag":1.144,"expSpot":1.354,"expDamage":593.926,"expWinRate":54.165},{"IDNum":10577,"expDef":1.166,"expFrag":1.253,"expSpot":0.193,"expDamage":191.401,"expWinRate":56.459},{"IDNum":10753,"expDef":0.677,"expFrag":0.867,"expSpot":0.921,"expDamage":1557.245,"expWinRate":51.736},{"IDNum":10769,"expDef":1.030,"expFrag":0.917,"expSpot":0.949,"expDamage":1036.880,"expWinRate":54.038},{"IDNum":10785,"expDef":0.667,"expFrag":0.885,"expSpot":1.222,"expDamage":1853.275,"expWinRate":49.200},{"IDNum":10817,"expDef":1.094,"expFrag":0.909,"expSpot":0.683,"expDamage":976.535,"expWinRate":53.112},{"IDNum":10833,"expDef":1.788,"expFrag":0.968,"expSpot":0.093,"expDamage":356.993,"expWinRate":54.325},{"IDNum":11009,"expDef":0.824,"expFrag":0.828,"expSpot":0.818,"expDamage":1205.318,"expWinRate":52.535},{"IDNum":11025,"expDef":0.992,"expFrag":0.986,"expSpot":0.464,"expDamage":1005.440,"expWinRate":51.057},{"IDNum":11041,"expDef":1.185,"expFrag":0.933,"expSpot":0.887,"expDamage":964.415,"expWinRate":53.147},{"IDNum":11073,"expDef":0.802,"expFrag":1.063,"expSpot":0.823,"expDamage":1664.998,"expWinRate":51.727},{"IDNum":11089,"expDef":1.541,"expFrag":1.111,"expSpot":0.103,"expDamage":599.283,"expWinRate":55.046},{"IDNum":11265,"expDef":0.840,"expFrag":1.003,"expSpot":0.916,"expDamage":802.614,"expWinRate":54.543},{"IDNum":11281,"expDef":1.561,"expFrag":1.283,"expSpot":0.781,"expDamage":497.039,"expWinRate":55.897},{"IDNum":11297,"expDef":0.928,"expFrag":0.936,"expSpot":0.530,"expDamage":1306.895,"expWinRate":51.343},{"IDNum":11345,"expDef":1.564,"expFrag":0.882,"expSpot":0.061,"expDamage":929.529,"expWinRate":52.505},{"IDNum":11521,"expDef":0.703,"expFrag":0.845,"expSpot":1.187,"expDamage":1494.234,"expWinRate":50.552},{"IDNum":11537,"expDef":0.902,"expFrag":0.989,"expSpot":0.684,"expDamage":1345.419,"expWinRate":50.809},{"IDNum":11553,"expDef":1.181,"expFrag":1.016,"expSpot":1.219,"expDamage":783.927,"expWinRate":53.293},{"IDNum":11585,"expDef":1.078,"expFrag":0.952,"expSpot":0.622,"expDamage":746.642,"expWinRate":52.724},{"IDNum":11601,"expDef":0.863,"expFrag":0.830,"expSpot":0.026,"expDamage":1400.853,"expWinRate":50.952},{"IDNum":11777,"expDef":1.116,"expFrag":1.171,"expSpot":0.877,"expDamage":636.801,"expWinRate":55.033},{"IDNum":11793,"expDef":1.153,"expFrag":1.022,"expSpot":0.566,"expDamage":813.214,"expWinRate":51.182},{"IDNum":11809,"expDef":1.173,"expFrag":0.970,"expSpot":1.576,"expDamage":867.973,"expWinRate":52.585},{"IDNum":11841,"expDef":0.994,"expFrag":0.913,"expSpot":0.051,"expDamage":1547.322,"expWinRate":49.997},{"IDNum":11857,"expDef":1.864,"expFrag":0.990,"expSpot":0.150,"expDamage":762.411,"expWinRate":53.707},{"IDNum":12049,"expDef":0.429,"expFrag":0.993,"expSpot":0.580,"expDamage":1996.134,"expWinRate":51.223},{"IDNum":12097,"expDef":0.947,"expFrag":0.942,"expSpot":0.707,"expDamage":1267.308,"expWinRate":51.064},{"IDNum":12113,"expDef":0.899,"expFrag":0.843,"expSpot":0.028,"expDamage":1157.629,"expWinRate":51.251},{"IDNum":12289,"expDef":1.096,"expFrag":1.000,"expSpot":1.814,"expDamage":681.419,"expWinRate":54.358},{"IDNum":12305,"expDef":0.693,"expFrag":0.904,"expSpot":1.310,"expDamage":1806.346,"expWinRate":49.727},{"IDNum":12369,"expDef":0.750,"expFrag":0.743,"expSpot":0.021,"expDamage":1624.178,"expWinRate":50.688},{"IDNum":12545,"expDef":0.848,"expFrag":0.926,"expSpot":1.554,"expDamage":890.323,"expWinRate":53.259},{"IDNum":12561,"expDef":1.386,"expFrag":1.152,"expSpot":2.665,"expDamage":263.418,"expWinRate":55.459},{"IDNum":12577,"expDef":0.969,"expFrag":0.975,"expSpot":1.755,"expDamage":523.365,"expWinRate":55.089},{"IDNum":12817,"expDef":1.502,"expFrag":1.267,"expSpot":1.774,"expDamage":271.522,"expWinRate":53.989},{"IDNum":12881,"expDef":0.968,"expFrag":0.993,"expSpot":1.398,"expDamage":496.341,"expWinRate":54.556},{"IDNum":13073,"expDef":1.452,"expFrag":0.985,"expSpot":1.593,"expDamage":304.906,"expWinRate":56.550},{"IDNum":13089,"expDef":0.521,"expFrag":0.960,"expSpot":0.726,"expDamage":1976.490,"expWinRate":50.251},{"IDNum":13121,"expDef":1.530,"expFrag":1.333,"expSpot":1.102,"expDamage":422.151,"expWinRate":59.475},{"IDNum":13137,"expDef":0.777,"expFrag":0.985,"expSpot":0.520,"expDamage":1605.375,"expWinRate":50.430},{"IDNum":13313,"expDef":0.900,"expFrag":0.875,"expSpot":1.188,"expDamage":1129.030,"expWinRate":50.747},{"IDNum":13329,"expDef":1.217,"expFrag":1.185,"expSpot":1.098,"expDamage":434.802,"expWinRate":55.554},{"IDNum":13345,"expDef":0.929,"expFrag":0.840,"expSpot":1.058,"expDamage":1129.491,"expWinRate":51.208},{"IDNum":13393,"expDef":1.476,"expFrag":1.061,"expSpot":0.538,"expDamage":585.230,"expWinRate":54.110},{"IDNum":13569,"expDef":0.657,"expFrag":1.038,"expSpot":0.685,"expDamage":2023.116,"expWinRate":49.205},{"IDNum":13585,"expDef":1.257,"expFrag":1.065,"expSpot":1.599,"expDamage":387.645,"expWinRate":56.960},{"IDNum":13825,"expDef":0.786,"expFrag":0.941,"expSpot":1.376,"expDamage":1724.792,"expWinRate":48.965},{"IDNum":13841,"expDef":1.002,"expFrag":0.818,"expSpot":1.074,"expDamage":1111.955,"expWinRate":50.962},{"IDNum":13857,"expDef":0.443,"expFrag":0.967,"expSpot":0.673,"expDamage":2020.895,"expWinRate":51.809},{"IDNum":13889,"expDef":0.611,"expFrag":1.049,"expSpot":0.719,"expDamage":1970.662,"expWinRate":50.325},{"IDNum":13905,"expDef":0.382,"expFrag":1.068,"expSpot":0.361,"expDamage":1880.349,"expWinRate":50.023},{"IDNum":14097,"expDef":1.111,"expFrag":0.972,"expSpot":1.598,"expDamage":702.856,"expWinRate":54.340},{"IDNum":14113,"expDef":0.681,"expFrag":0.909,"expSpot":1.231,"expDamage":1787.314,"expWinRate":49.491},{"IDNum":14145,"expDef":0.800,"expFrag":0.654,"expSpot":2.377,"expDamage":400.850,"expWinRate":53.148},{"IDNum":14161,"expDef":1.005,"expFrag":1.025,"expSpot":0.774,"expDamage":1035.041,"expWinRate":52.909},{"IDNum":14353,"expDef":0.729,"expFrag":0.610,"expSpot":2.020,"expDamage":660.643,"expWinRate":51.523},{"IDNum":14401,"expDef":1.005,"expFrag":0.849,"expSpot":0.036,"expDamage":1367.704,"expWinRate":50.467},{"IDNum":14417,"expDef":1.127,"expFrag":0.984,"expSpot":0.830,"expDamage":763.455,"expWinRate":52.744},{"IDNum":14609,"expDef":0.748,"expFrag":0.954,"expSpot":1.099,"expDamage":1874.623,"expWinRate":48.877},{"IDNum":14625,"expDef":1.038,"expFrag":0.912,"expSpot":1.217,"expDamage":1131.066,"expWinRate":51.042},{"IDNum":14657,"expDef":1.536,"expFrag":0.999,"expSpot":0.099,"expDamage":385.727,"expWinRate":54.343},{"IDNum":14673,"expDef":0.902,"expFrag":0.935,"expSpot":0.675,"expDamage":1292.458,"expWinRate":50.993},{"IDNum":14865,"expDef":0.831,"expFrag":0.941,"expSpot":1.081,"expDamage":1576.714,"expWinRate":50.302},{"IDNum":14881,"expDef":0.589,"expFrag":1.004,"expSpot":0.819,"expDamage":1942.448,"expWinRate":48.522},{"IDNum":14913,"expDef":1.188,"expFrag":0.944,"expSpot":0.927,"expDamage":387.840,"expWinRate":55.071},{"IDNum":15105,"expDef":1.608,"expFrag":1.231,"expSpot":1.315,"expDamage":329.285,"expWinRate":56.474},{"IDNum":15121,"expDef":0.720,"expFrag":0.925,"expSpot":0.119,"expDamage":211.560,"expWinRate":54.808},{"IDNum":15137,"expDef":0.722,"expFrag":0.634,"expSpot":2.154,"expDamage":499.150,"expWinRate":52.557},{"IDNum":15169,"expDef":1.736,"expFrag":1.167,"expSpot":0.817,"expDamage":268.594,"expWinRate":56.534},{"IDNum":15361,"expDef":1.733,"expFrag":1.302,"expSpot":1.330,"expDamage":237.042,"expWinRate":58.584},{"IDNum":15377,"expDef":0.792,"expFrag":0.816,"expSpot":0.023,"expDamage":1191.865,"expWinRate":51.345},{"IDNum":15393,"expDef":0.766,"expFrag":1.026,"expSpot":0.925,"expDamage":1563.555,"expWinRate":50.340},{"IDNum":15425,"expDef":0.785,"expFrag":0.919,"expSpot":1.321,"expDamage":1737.032,"expWinRate":49.423},{"IDNum":15441,"expDef":0.871,"expFrag":0.773,"expSpot":1.143,"expDamage":1091.441,"expWinRate":51.144},{"IDNum":15617,"expDef":0.749,"expFrag":1.069,"expSpot":1.461,"expDamage":1908.552,"expWinRate":51.858},{"IDNum":15633,"expDef":1.563,"expFrag":1.056,"expSpot":0.088,"expDamage":407.496,"expWinRate":54.629},{"IDNum":15649,"expDef":0.716,"expFrag":0.741,"expSpot":2.361,"expDamage":697.820,"expWinRate":51.241},{"IDNum":15681,"expDef":0.808,"expFrag":0.921,"expSpot":1.374,"expDamage":1507.003,"expWinRate":50.675},{"IDNum":15697,"expDef":0.520,"expFrag":0.877,"expSpot":1.025,"expDamage":1954.398,"expWinRate":49.524},{"IDNum":15873,"expDef":1.357,"expFrag":0.936,"expSpot":1.499,"expDamage":329.560,"expWinRate":55.888},{"IDNum":15889,"expDef":1.028,"expFrag":0.952,"expSpot":1.319,"expDamage":727.031,"expWinRate":53.346},{"IDNum":15905,"expDef":0.702,"expFrag":0.911,"expSpot":1.303,"expDamage":1816.024,"expWinRate":49.921},{"IDNum":15937,"expDef":1.953,"expFrag":1.369,"expSpot":0.929,"expDamage":267.033,"expWinRate":58.864},{"IDNum":15953,"expDef":0.572,"expFrag":0.967,"expSpot":0.730,"expDamage":1961.499,"expWinRate":51.963},{"IDNum":16129,"expDef":0.922,"expFrag":0.891,"expSpot":0.034,"expDamage":967.083,"expWinRate":52.417},{"IDNum":16145,"expDef":1.118,"expFrag":1.076,"expSpot":0.670,"expDamage":591.168,"expWinRate":52.593},{"IDNum":16161,"expDef":0.983,"expFrag":0.809,"expSpot":0.029,"expDamage":1427.809,"expWinRate":50.808},{"IDNum":16209,"expDef":0.941,"expFrag":0.951,"expSpot":1.476,"expDamage":569.192,"expWinRate":54.388},{"IDNum":16385,"expDef":1.262,"expFrag":1.042,"expSpot":0.082,"expDamage":574.508,"expWinRate":53.773},{"IDNum":16401,"expDef":0.838,"expFrag":1.032,"expSpot":0.481,"expDamage":1698.657,"expWinRate":50.259},{"IDNum":16417,"expDef":1.353,"expFrag":0.997,"expSpot":0.053,"expDamage":803.498,"expWinRate":53.323},{"IDNum":16449,"expDef":0.628,"expFrag":0.763,"expSpot":0.713,"expDamage":1194.496,"expWinRate":51.495},{"IDNum":16641,"expDef":0.829,"expFrag":0.677,"expSpot":2.607,"expDamage":466.107,"expWinRate":52.797},{"IDNum":16657,"expDef":0.926,"expFrag":1.051,"expSpot":0.429,"expDamage":1406.387,"expWinRate":50.749},{"IDNum":16673,"expDef":0.768,"expFrag":0.628,"expSpot":2.254,"expDamage":520.924,"expWinRate":52.290},{"IDNum":16705,"expDef":0.534,"expFrag":0.868,"expSpot":1.129,"expDamage":1673.794,"expWinRate":52.138},{"IDNum":16897,"expDef":0.790,"expFrag":0.951,"expSpot":1.378,"expDamage":1751.873,"expWinRate":49.459},{"IDNum":16913,"expDef":0.757,"expFrag":1.266,"expSpot":0.474,"expDamage":2132.280,"expWinRate":48.807},{"IDNum":16961,"expDef":0.467,"expFrag":0.879,"expSpot":1.135,"expDamage":2008.660,"expWinRate":49.675},{"IDNum":17169,"expDef":1.113,"expFrag":1.289,"expSpot":1.299,"expDamage":360.572,"expWinRate":57.647},{"IDNum":17217,"expDef":0.570,"expFrag":0.783,"expSpot":2.497,"expDamage":1294.907,"expWinRate":49.088},{"IDNum":17425,"expDef":0.974,"expFrag":1.017,"expSpot":1.318,"expDamage":408.324,"expWinRate":55.510},{"IDNum":17473,"expDef":0.815,"expFrag":0.702,"expSpot":2.538,"expDamage":779.050,"expWinRate":51.221},{"IDNum":17665,"expDef":0.802,"expFrag":0.923,"expSpot":1.296,"expDamage":1438.992,"expWinRate":51.184},{"IDNum":17729,"expDef":0.586,"expFrag":1.103,"expSpot":0.704,"expDamage":1946.881,"expWinRate":51.157},{"IDNum":17937,"expDef":1.198,"expFrag":1.274,"expSpot":0.760,"expDamage":490.576,"expWinRate":55.657},{"IDNum":17953,"expDef":0.827,"expFrag":0.734,"expSpot":2.493,"expDamage":776.664,"expWinRate":51.950},{"IDNum":17985,"expDef":0.755,"expFrag":0.725,"expSpot":2.301,"expDamage":486.832,"expWinRate":53.496},{"IDNum":18177,"expDef":0.687,"expFrag":0.698,"expSpot":2.580,"expDamage":987.307,"expWinRate":51.068},{"IDNum":18193,"expDef":0.973,"expFrag":1.035,"expSpot":1.239,"expDamage":507.199,"expWinRate":54.301},{"IDNum":18209,"expDef":0.630,"expFrag":0.665,"expSpot":2.399,"expDamage":976.777,"expWinRate":50.561},{"IDNum":18241,"expDef":0.755,"expFrag":0.724,"expSpot":2.674,"expDamage":645.223,"expWinRate":53.048},{"IDNum":18433,"expDef":0.869,"expFrag":0.703,"expSpot":2.617,"expDamage":767.469,"expWinRate":52.515},{"IDNum":18449,"expDef":0.748,"expFrag":0.681,"expSpot":2.702,"expDamage":957.372,"expWinRate":51.143},{"IDNum":18465,"expDef":1.457,"expFrag":0.893,"expSpot":0.096,"expDamage":283.815,"expWinRate":53.678},{"IDNum":18497,"expDef":0.773,"expFrag":0.651,"expSpot":2.708,"expDamage":788.491,"expWinRate":51.479},{"IDNum":18689,"expDef":1.010,"expFrag":1.193,"expSpot":1.273,"expDamage":714.180,"expWinRate":56.754},{"IDNum":18705,"expDef":0.547,"expFrag":0.864,"expSpot":0.717,"expDamage":1575.171,"expWinRate":52.350},{"IDNum":18721,"expDef":1.243,"expFrag":0.973,"expSpot":0.105,"expDamage":395.567,"expWinRate":54.444},{"IDNum":18753,"expDef":0.966,"expFrag":0.727,"expSpot":3.509,"expDamage":938.587,"expWinRate":53.220},{"IDNum":18961,"expDef":0.744,"expFrag":0.685,"expSpot":2.060,"expDamage":731.363,"expWinRate":51.276},{"IDNum":19009,"expDef":0.799,"expFrag":0.739,"expSpot":3.750,"expDamage":1216.280,"expWinRate":50.859},{"IDNum":19201,"expDef":0.740,"expFrag":0.752,"expSpot":3.116,"expDamage":1191.370,"expWinRate":50.702},{"IDNum":19217,"expDef":0.577,"expFrag":1.028,"expSpot":0.531,"expDamage":1985.148,"expWinRate":49.616},{"IDNum":19281,"expDef":0.782,"expFrag":0.894,"expSpot":1.183,"expDamage":1826.084,"expWinRate":49.233},{"IDNum":19457,"expDef":0.833,"expFrag":0.815,"expSpot":2.320,"expDamage":686.344,"expWinRate":52.143},{"IDNum":19473,"expDef":0.454,"expFrag":0.869,"expSpot":0.969,"expDamage":1921.422,"expWinRate":50.580},{"IDNum":19489,"expDef":0.555,"expFrag":0.711,"expSpot":2.550,"expDamage":1286.092,"expWinRate":48.593},{"IDNum":19537,"expDef":0.809,"expFrag":0.882,"expSpot":1.369,"expDamage":1551.938,"expWinRate":51.233},{"IDNum":19713,"expDef":0.570,"expFrag":0.860,"expSpot":1.107,"expDamage":1517.252,"expWinRate":52.011},{"IDNum":19729,"expDef":0.582,"expFrag":0.833,"expSpot":0.776,"expDamage":1248.635,"expWinRate":53.201},{"IDNum":19745,"expDef":0.787,"expFrag":0.745,"expSpot":2.785,"expDamage":642.891,"expWinRate":51.925},{"IDNum":19793,"expDef":0.942,"expFrag":0.801,"expSpot":1.398,"expDamage":1112.870,"expWinRate":50.564},{"IDNum":19969,"expDef":0.571,"expFrag":0.940,"expSpot":1.306,"expDamage":1824.474,"expWinRate":50.331},{"IDNum":19985,"expDef":0.659,"expFrag":0.696,"expSpot":2.907,"expDamage":1245.376,"expWinRate":49.483},{"IDNum":20049,"expDef":1.075,"expFrag":0.974,"expSpot":1.764,"expDamage":610.240,"expWinRate":54.311},{"IDNum":20225,"expDef":0.433,"expFrag":0.943,"expSpot":1.201,"expDamage":1985.620,"expWinRate":52.519},{"IDNum":20241,"expDef":0.744,"expFrag":0.666,"expSpot":2.767,"expDamage":800.561,"expWinRate":51.871},{"IDNum":20257,"expDef":0.826,"expFrag":1.162,"expSpot":1.258,"expDamage":535.598,"expWinRate":55.555},{"IDNum":20305,"expDef":1.064,"expFrag":0.935,"expSpot":1.732,"expDamage":734.280,"expWinRate":53.164},{"IDNum":20481,"expDef":0.532,"expFrag":0.803,"expSpot":0.856,"expDamage":1220.258,"expWinRate":52.085},{"IDNum":20513,"expDef":0.626,"expFrag":0.908,"expSpot":1.306,"expDamage":859.747,"expWinRate":53.550},{"IDNum":20561,"expDef":1.134,"expFrag":0.943,"expSpot":1.781,"expDamage":902.245,"expWinRate":54.125},{"IDNum":20737,"expDef":0.483,"expFrag":0.854,"expSpot":0.963,"expDamage":1571.376,"expWinRate":52.085},{"IDNum":20769,"expDef":0.729,"expFrag":0.897,"expSpot":1.157,"expDamage":1077.746,"expWinRate":53.516},{"IDNum":20993,"expDef":0.379,"expFrag":0.862,"expSpot":1.044,"expDamage":1909.001,"expWinRate":49.898},{"IDNum":21025,"expDef":0.653,"expFrag":0.796,"expSpot":1.115,"expDamage":1225.762,"expWinRate":51.826},{"IDNum":21249,"expDef":0.601,"expFrag":0.935,"expSpot":0.897,"expDamage":1638.332,"expWinRate":51.769},{"IDNum":21281,"expDef":0.641,"expFrag":0.783,"expSpot":1.015,"expDamage":1467.428,"expWinRate":50.951},{"IDNum":21505,"expDef":0.662,"expFrag":0.978,"expSpot":1.293,"expDamage":1574.632,"expWinRate":51.940},{"IDNum":21537,"expDef":0.596,"expFrag":0.866,"expSpot":1.144,"expDamage":1893.527,"expWinRate":49.658},{"IDNum":21761,"expDef":0.771,"expFrag":0.992,"expSpot":1.092,"expDamage":1789.834,"expWinRate":49.632},{"IDNum":22017,"expDef":0.455,"expFrag":0.849,"expSpot":1.447,"expDamage":1873.423,"expWinRate":49.397},{"IDNum":22273,"expDef":0.534,"expFrag":0.932,"expSpot":0.906,"expDamage":1914.273,"expWinRate":50.110},{"IDNum":22529,"expDef":0.531,"expFrag":0.896,"expSpot":1.086,"expDamage":1576.587,"expWinRate":51.729},{"IDNum":22785,"expDef":0.584,"expFrag":0.836,"expSpot":0.845,"expDamage":1232.141,"expWinRate":51.852},{"IDNum":22801,"expDef":0.553,"expFrag":0.875,"expSpot":1.328,"expDamage":1898.940,"expWinRate":49.924},{"IDNum":23041,"expDef":1.245,"expFrag":1.037,"expSpot":1.859,"expDamage":372.253,"expWinRate":54.171},{"IDNum":23057,"expDef":0.515,"expFrag":0.858,"expSpot":0.784,"expDamage":1707.138,"expWinRate":51.809},{"IDNum":25617,"expDef":0.516,"expFrag":0.798,"expSpot":2.563,"expDamage":582.421,"expWinRate":53.091},{"IDNum":25873,"expDef":0.904,"expFrag":0.898,"expSpot":0.617,"expDamage":1532.635,"expWinRate":50.219},{"IDNum":26129,"expDef":0.620,"expFrag":0.698,"expSpot":2.281,"expDamage":959.600,"expWinRate":52.121},{"IDNum":27153,"expDef":0.611,"expFrag":0.887,"expSpot":1.104,"expDamage":1545.268,"expWinRate":51.974},{"IDNum":27409,"expDef":0.754,"expFrag":0.912,"expSpot":1.130,"expDamage":1119.568,"expWinRate":55.027},{"IDNum":27665,"expDef":0.600,"expFrag":0.975,"expSpot":2.192,"expDamage":603.914,"expWinRate":53.533},{"IDNum":27905,"expDef":0.655,"expFrag":1.037,"expSpot":0.420,"expDamage":1473.664,"expWinRate":50.958},{"IDNum":27921,"expDef":0.884,"expFrag":0.902,"expSpot":1.171,"expDamage":592.843,"expWinRate":53.705},{"IDNum":29441,"expDef":0.723,"expFrag":1.101,"expSpot":0.481,"expDamage":622.720,"expWinRate":51.347},{"IDNum":29953,"expDef":0.537,"expFrag":0.562,"expSpot":2.471,"expDamage":806.046,"expWinRate":56.238},{"IDNum":30465,"expDef":0.622,"expFrag":1.006,"expSpot":1.019,"expDamage":1812.292,"expWinRate":53.544},{"IDNum":30977,"expDef":0.611,"expFrag":0.914,"expSpot":1.375,"expDamage":1499.769,"expWinRate":52.819},{"IDNum":31233,"expDef":0.577,"expFrag":0.994,"expSpot":0.897,"expDamage":1106.476,"expWinRate":53.680},{"IDNum":31745,"expDef":0.498,"expFrag":0.976,"expSpot":0.333,"expDamage":1347.725,"expWinRate":50.662},{"IDNum":32001,"expDef":0.512,"expFrag":0.889,"expSpot":1.155,"expDamage":1996.032,"expWinRate":49.114},{"IDNum":32065,"expDef":0.676,"expFrag":0.795,"expSpot":1.525,"expDamage":1205.224,"expWinRate":51.329},{"IDNum":32257,"expDef":0.648,"expFrag":0.833,"expSpot":1.151,"expDamage":1207.091,"expWinRate":50.646},{"IDNum":32321,"expDef":0.560,"expFrag":0.695,"expSpot":2.509,"expDamage":1067.290,"expWinRate":51.395},{"IDNum":32545,"expDef":0.627,"expFrag":0.972,"expSpot":0.774,"expDamage":1428.038,"expWinRate":52.215},{"IDNum":32769,"expDef":0.820,"expFrag":0.971,"expSpot":1.015,"expDamage":1560.757,"expWinRate":51.589},{"IDNum":32801,"expDef":0.725,"expFrag":0.832,"expSpot":1.317,"expDamage":1330.867,"expWinRate":52.988},{"IDNum":33025,"expDef":0.856,"expFrag":1.079,"expSpot":0.948,"expDamage":715.445,"expWinRate":54.786},{"IDNum":33041,"expDef":0.885,"expFrag":0.928,"expSpot":0.464,"expDamage":1599.448,"expWinRate":50.170},{"IDNum":33057,"expDef":0.619,"expFrag":0.815,"expSpot":1.256,"expDamage":1278.820,"expWinRate":51.980},{"IDNum":33281,"expDef":0.800,"expFrag":0.785,"expSpot":1.704,"expDamage":385.459,"expWinRate":53.621},{"IDNum":33313,"expDef":0.555,"expFrag":0.787,"expSpot":1.066,"expDamage":1489.033,"expWinRate":51.482},{"IDNum":33537,"expDef":0.538,"expFrag":0.888,"expSpot":1.281,"expDamage":1230.957,"expWinRate":54.734},{"IDNum":33569,"expDef":0.728,"expFrag":0.957,"expSpot":0.777,"expDamage":1650.596,"expWinRate":51.571},{"IDNum":33793,"expDef":0.771,"expFrag":0.921,"expSpot":1.215,"expDamage":1447.393,"expWinRate":52.426},{"IDNum":34081,"expDef":0.626,"expFrag":0.981,"expSpot":0.999,"expDamage":1342.871,"expWinRate":50.924},{"IDNum":34305,"expDef":0.839,"expFrag":0.884,"expSpot":1.235,"expDamage":610.650,"expWinRate":52.200},{"IDNum":34337,"expDef":0.748,"expFrag":1.037,"expSpot":0.760,"expDamage":1621.788,"expWinRate":50.997},{"IDNum":34561,"expDef":0.537,"expFrag":0.844,"expSpot":0.972,"expDamage":1312.092,"expWinRate":54.251},{"IDNum":34593,"expDef":0.813,"expFrag":1.048,"expSpot":1.787,"expDamage":409.132,"expWinRate":58.228},{"IDNum":34817,"expDef":0.740,"expFrag":0.862,"expSpot":1.160,"expDamage":1440.536,"expWinRate":51.924},{"IDNum":34849,"expDef":0.628,"expFrag":0.918,"expSpot":1.127,"expDamage":1376.496,"expWinRate":51.987},{"IDNum":35105,"expDef":0.773,"expFrag":1.055,"expSpot":1.212,"expDamage":1367.752,"expWinRate":52.385},{"IDNum":35329,"expDef":0.553,"expFrag":1.067,"expSpot":1.219,"expDamage":1925.040,"expWinRate":52.550},{"IDNum":35617,"expDef":1.021,"expFrag":0.876,"expSpot":1.209,"expDamage":637.702,"expWinRate":53.533},{"IDNum":35841,"expDef":0.599,"expFrag":1.063,"expSpot":0.926,"expDamage":1373.582,"expWinRate":55.122},{"IDNum":36097,"expDef":0.634,"expFrag":1.103,"expSpot":0.512,"expDamage":1440.890,"expWinRate":51.630},{"IDNum":37377,"expDef":0.824,"expFrag":0.871,"expSpot":0.995,"expDamage":1202.199,"expWinRate":51.452},{"IDNum":37393,"expDef":0.680,"expFrag":0.867,"expSpot":0.933,"expDamage":1296.351,"expWinRate":50.400},{"IDNum":37649,"expDef":0.514,"expFrag":0.882,"expSpot":1.136,"expDamage":1727.293,"expWinRate":51.689},{"IDNum":37889,"expDef":0.817,"expFrag":0.972,"expSpot":0.990,"expDamage":675.005,"expWinRate":53.882},{"IDNum":38401,"expDef":0.754,"expFrag":0.891,"expSpot":1.498,"expDamage":1197.981,"expWinRate":51.868},{"IDNum":40961,"expDef":0.797,"expFrag":0.820,"expSpot":1.618,"expDamage":428.461,"expWinRate":51.560},{"IDNum":43073,"expDef":0.604,"expFrag":0.747,"expSpot":1.326,"expDamage":1511.189,"expWinRate":50.967},{"IDNum":43281,"expDef":1.989,"expFrag":1.417,"expSpot":0.763,"expDamage":440.139,"expWinRate":55.664},{"IDNum":43297,"expDef":0.653,"expFrag":0.886,"expSpot":1.170,"expDamage":1429.705,"expWinRate":52.237},{"IDNum":43329,"expDef":2.404,"expFrag":1.090,"expSpot":2.061,"expDamage":290.479,"expWinRate":54.219},{"IDNum":43537,"expDef":1.364,"expFrag":0.846,"expSpot":1.241,"expDamage":363.609,"expWinRate":48.596},{"IDNum":43553,"expDef":0.596,"expFrag":0.844,"expSpot":1.120,"expDamage":1330.463,"expWinRate":51.917},{"IDNum":43585,"expDef":0.846,"expFrag":0.699,"expSpot":3.239,"expDamage":832.340,"expWinRate":52.147},{"IDNum":43841,"expDef":1.776,"expFrag":1.003,"expSpot":0.942,"expDamage":275.675,"expWinRate":53.537},{"IDNum":44289,"expDef":0.501,"expFrag":0.919,"expSpot":1.064,"expDamage":1366.872,"expWinRate":52.254},{"IDNum":44545,"expDef":0.520,"expFrag":0.852,"expSpot":1.249,"expDamage":1606.737,"expWinRate":52.420},{"IDNum":44801,"expDef":1.184,"expFrag":0.903,"expSpot":1.884,"expDamage":313.155,"expWinRate":53.859},{"IDNum":45057,"expDef":0.657,"expFrag":1.025,"expSpot":0.435,"expDamage":1438.360,"expWinRate":50.631},{"IDNum":45313,"expDef":0.816,"expFrag":0.740,"expSpot":3.101,"expDamage":515.418,"expWinRate":53.458},{"IDNum":45569,"expDef":0.723,"expFrag":0.657,"expSpot":2.968,"expDamage":794.402,"expWinRate":51.336},{"IDNum":45585,"expDef":1.063,"expFrag":1.058,"expSpot":1.384,"expDamage":674.589,"expWinRate":54.575},{"IDNum":45841,"expDef":0.855,"expFrag":0.894,"expSpot":1.534,"expDamage":1138.040,"expWinRate":51.349},{"IDNum":46097,"expDef":1.575,"expFrag":0.802,"expSpot":0.784,"expDamage":439.369,"expWinRate":54.121},{"IDNum":46353,"expDef":0.773,"expFrag":0.907,"expSpot":1.235,"expDamage":1551.556,"expWinRate":50.741},{"IDNum":46593,"expDef":0.613,"expFrag":1.045,"expSpot":1.057,"expDamage":1142.926,"expWinRate":54.632},{"IDNum":46609,"expDef":0.742,"expFrag":0.821,"expSpot":0.963,"expDamage":1139.461,"expWinRate":52.304},{"IDNum":46849,"expDef":0.461,"expFrag":1.036,"expSpot":1.275,"expDamage":2309.539,"expWinRate":54.039},{"IDNum":46865,"expDef":0.499,"expFrag":0.784,"expSpot":1.355,"expDamage":1298.088,"expWinRate":51.633},{"IDNum":47105,"expDef":0.924,"expFrag":0.988,"expSpot":1.386,"expDamage":556.638,"expWinRate":54.391},{"IDNum":47121,"expDef":0.757,"expFrag":1.004,"expSpot":1.472,"expDamage":1728.404,"expWinRate":53.090},{"IDNum":47361,"expDef":0.657,"expFrag":0.846,"expSpot":0.987,"expDamage":1227.613,"expWinRate":50.403},{"IDNum":47377,"expDef":0.610,"expFrag":0.610,"expSpot":2.693,"expDamage":814.542,"expWinRate":50.624},{"IDNum":47617,"expDef":0.665,"expFrag":0.836,"expSpot":0.996,"expDamage":1195.834,"expWinRate":50.664},{"IDNum":47633,"expDef":1.675,"expFrag":1.409,"expSpot":1.364,"expDamage":330.247,"expWinRate":55.803},{"IDNum":47873,"expDef":0.914,"expFrag":1.164,"expSpot":1.170,"expDamage":370.377,"expWinRate":55.066},{"IDNum":48129,"expDef":0.879,"expFrag":0.907,"expSpot":1.183,"expDamage":704.180,"expWinRate":52.140},{"IDNum":48145,"expDef":0.559,"expFrag":0.813,"expSpot":0.760,"expDamage":1224.302,"expWinRate":52.719},{"IDNum":48385,"expDef":0.575,"expFrag":0.878,"expSpot":0.597,"expDamage":1336.701,"expWinRate":51.298},{"IDNum":48401,"expDef":0.827,"expFrag":0.924,"expSpot":0.638,"expDamage":1323.519,"expWinRate":50.964},{"IDNum":48641,"expDef":0.488,"expFrag":0.866,"expSpot":1.004,"expDamage":1339.548,"expWinRate":52.631},{"IDNum":48913,"expDef":0.559,"expFrag":0.815,"expSpot":0.757,"expDamage":1246.216,"expWinRate":52.019},{"IDNum":49169,"expDef":0.663,"expFrag":0.963,"expSpot":1.043,"expDamage":844.442,"expWinRate":54.110},{"IDNum":49409,"expDef":0.523,"expFrag":0.917,"expSpot":1.029,"expDamage":1322.560,"expWinRate":52.007},{"IDNum":49425,"expDef":0.574,"expFrag":0.979,"expSpot":0.617,"expDamage":1486.615,"expWinRate":52.959},{"IDNum":49665,"expDef":0.496,"expFrag":0.876,"expSpot":0.993,"expDamage":1373.727,"expWinRate":52.805},{"IDNum":49697,"expDef":0.874,"expFrag":1.007,"expSpot":1.320,"expDamage":813.121,"expWinRate":53.580},{"IDNum":49921,"expDef":0.574,"expFrag":0.928,"expSpot":1.166,"expDamage":1025.622,"expWinRate":53.475},{"IDNum":49937,"expDef":0.816,"expFrag":0.778,"expSpot":1.199,"expDamage":1079.579,"expWinRate":50.991},{"IDNum":50193,"expDef":0.646,"expFrag":0.959,"expSpot":0.515,"expDamage":1359.947,"expWinRate":50.728},{"IDNum":50209,"expDef":1.055,"expFrag":0.829,"expSpot":2.266,"expDamage":525.541,"expWinRate":53.137},{"IDNum":50337,"expDef":0.537,"expFrag":0.916,"expSpot":0.783,"expDamage":1345.041,"expWinRate":52.755},{"IDNum":50465,"expDef":0.721,"expFrag":0.800,"expSpot":0.967,"expDamage":1431.386,"expWinRate":52.035},{"IDNum":50577,"expDef":0.724,"expFrag":0.817,"expSpot":1.739,"expDamage":1091.971,"expWinRate":52.090},{"IDNum":50593,"expDef":0.635,"expFrag":0.979,"expSpot":1.028,"expDamage":1832.671,"expWinRate":49.147},{"IDNum":50689,"expDef":0.570,"expFrag":0.961,"expSpot":0.507,"expDamage":1987.003,"expWinRate":50.832},{"IDNum":50721,"expDef":0.749,"expFrag":0.799,"expSpot":1.168,"expDamage":1139.288,"expWinRate":50.758},{"IDNum":50817,"expDef":1.268,"expFrag":1.209,"expSpot":1.247,"expDamage":496.792,"expWinRate":51.315},{"IDNum":50833,"expDef":0.594,"expFrag":0.857,"expSpot":1.100,"expDamage":1383.291,"expWinRate":51.671},{"IDNum":50849,"expDef":0.653,"expFrag":1.083,"expSpot":1.169,"expDamage":2011.163,"expWinRate":50.850},{"IDNum":50945,"expDef":1.409,"expFrag":1.206,"expSpot":1.159,"expDamage":264.106,"expWinRate":56.215},{"IDNum":50961,"expDef":0.638,"expFrag":0.625,"expSpot":2.475,"expDamage":810.844,"expWinRate":50.670},{"IDNum":50977,"expDef":0.713,"expFrag":0.662,"expSpot":2.510,"expDamage":513.687,"expWinRate":53.164},{"IDNum":51025,"expDef":0.700,"expFrag":0.976,"expSpot":1.065,"expDamage":1892.986,"expWinRate":49.146},{"IDNum":51057,"expDef":0.503,"expFrag":1.011,"expSpot":0.981,"expDamage":1543.109,"expWinRate":52.452},{"IDNum":51089,"expDef":0.669,"expFrag":0.865,"expSpot":1.258,"expDamage":1269.133,"expWinRate":50.460},{"IDNum":51105,"expDef":0.498,"expFrag":0.929,"expSpot":1.084,"expDamage":1381.080,"expWinRate":51.540},{"IDNum":51201,"expDef":1.373,"expFrag":1.302,"expSpot":1.347,"expDamage":628.454,"expWinRate":58.109},{"IDNum":51233,"expDef":0.579,"expFrag":0.922,"expSpot":0.942,"expDamage":1357.710,"expWinRate":50.867},{"IDNum":51281,"expDef":1.146,"expFrag":1.105,"expSpot":0.757,"expDamage":582.579,"expWinRate":55.623},{"IDNum":51313,"expDef":0.844,"expFrag":0.961,"expSpot":1.058,"expDamage":1109.488,"expWinRate":55.407},{"IDNum":51329,"expDef":0.896,"expFrag":0.973,"expSpot":0.557,"expDamage":1679.177,"expWinRate":50.094},{"IDNum":51345,"expDef":0.893,"expFrag":0.997,"expSpot":1.426,"expDamage":787.630,"expWinRate":54.044},{"IDNum":51361,"expDef":0.738,"expFrag":0.969,"expSpot":1.300,"expDamage":1279.921,"expWinRate":50.530},{"IDNum":51457,"expDef":1.347,"expFrag":1.168,"expSpot":1.108,"expDamage":527.541,"expWinRate":55.611},{"IDNum":51473,"expDef":1.135,"expFrag":1.512,"expSpot":2.170,"expDamage":909.961,"expWinRate":58.108},{"IDNum":51489,"expDef":1.372,"expFrag":1.254,"expSpot":2.405,"expDamage":263.173,"expWinRate":55.432},{"IDNum":51537,"expDef":0.495,"expFrag":0.868,"expSpot":0.836,"expDamage":1277.831,"expWinRate":51.252},{"IDNum":51553,"expDef":1.144,"expFrag":0.940,"expSpot":1.078,"expDamage":513.478,"expWinRate":53.045},{"IDNum":51569,"expDef":0.820,"expFrag":0.934,"expSpot":1.337,"expDamage":733.884,"expWinRate":52.446},{"IDNum":51585,"expDef":0.899,"expFrag":1.032,"expSpot":0.990,"expDamage":802.914,"expWinRate":52.820},{"IDNum":51713,"expDef":1.272,"expFrag":1.184,"expSpot":1.205,"expDamage":640.333,"expWinRate":54.799},{"IDNum":51729,"expDef":1.980,"expFrag":1.595,"expSpot":1.358,"expDamage":448.604,"expWinRate":60.288},{"IDNum":51745,"expDef":1.160,"expFrag":1.055,"expSpot":1.394,"expDamage":524.099,"expWinRate":55.884},{"IDNum":51793,"expDef":0.564,"expFrag":0.784,"expSpot":1.221,"expDamage":1550.793,"expWinRate":51.162},{"IDNum":51825,"expDef":0.729,"expFrag":0.857,"expSpot":1.099,"expDamage":1166.051,"expWinRate":50.098},{"IDNum":51841,"expDef":1.375,"expFrag":0.996,"expSpot":1.472,"expDamage":226.280,"expWinRate":54.686},{"IDNum":51857,"expDef":0.370,"expFrag":0.975,"expSpot":1.009,"expDamage":1507.757,"expWinRate":52.952},{"IDNum":51985,"expDef":1.581,"expFrag":1.499,"expSpot":1.367,"expDamage":449.141,"expWinRate":59.829},{"IDNum":52001,"expDef":1.313,"expFrag":1.073,"expSpot":1.640,"expDamage":331.273,"expWinRate":54.583},{"IDNum":52049,"expDef":0.567,"expFrag":0.937,"expSpot":1.144,"expDamage":1526.928,"expWinRate":53.849},{"IDNum":52065,"expDef":0.868,"expFrag":0.795,"expSpot":1.236,"expDamage":1096.335,"expWinRate":50.890},{"IDNum":52097,"expDef":0.822,"expFrag":0.932,"expSpot":0.447,"expDamage":1384.673,"expWinRate":50.755},{"IDNum":52113,"expDef":0.504,"expFrag":0.873,"expSpot":0.982,"expDamage":1373.919,"expWinRate":52.497},{"IDNum":52129,"expDef":0.808,"expFrag":1.048,"expSpot":1.255,"expDamage":1370.301,"expWinRate":51.728},{"IDNum":52225,"expDef":1.379,"expFrag":1.222,"expSpot":2.265,"expDamage":364.325,"expWinRate":55.832},{"IDNum":52241,"expDef":1.560,"expFrag":1.480,"expSpot":1.550,"expDamage":514.840,"expWinRate":55.655},{"IDNum":52257,"expDef":1.091,"expFrag":1.023,"expSpot":1.624,"expDamage":471.615,"expWinRate":54.602},{"IDNum":52305,"expDef":0.756,"expFrag":1.099,"expSpot":0.616,"expDamage":1425.785,"expWinRate":51.619},{"IDNum":52321,"expDef":0.757,"expFrag":0.965,"expSpot":1.045,"expDamage":824.084,"expWinRate":54.104},{"IDNum":52353,"expDef":0.760,"expFrag":0.743,"expSpot":1.230,"expDamage":1090.291,"expWinRate":50.962},{"IDNum":52385,"expDef":1.098,"expFrag":1.170,"expSpot":1.262,"expDamage":469.068,"expWinRate":64.703},{"IDNum":52481,"expDef":1.656,"expFrag":1.233,"expSpot":1.448,"expDamage":381.105,"expWinRate":54.383},{"IDNum":52497,"expDef":2.606,"expFrag":1.806,"expSpot":1.494,"expDamage":375.646,"expWinRate":56.815},{"IDNum":52513,"expDef":0.616,"expFrag":0.803,"expSpot":1.155,"expDamage":1235.080,"expWinRate":51.627},{"IDNum":52561,"expDef":0.779,"expFrag":1.048,"expSpot":0.632,"expDamage":1751.002,"expWinRate":52.948},{"IDNum":52577,"expDef":0.529,"expFrag":0.748,"expSpot":1.464,"expDamage":1196.716,"expWinRate":52.481},{"IDNum":52609,"expDef":0.728,"expFrag":0.736,"expSpot":1.279,"expDamage":1067.592,"expWinRate":51.916},{"IDNum":52625,"expDef":0.746,"expFrag":1.128,"expSpot":1.680,"expDamage":2204.888,"expWinRate":55.066},{"IDNum":52737,"expDef":1.549,"expFrag":0.989,"expSpot":1.637,"expDamage":279.672,"expWinRate":53.024},{"IDNum":52769,"expDef":1.687,"expFrag":1.095,"expSpot":2.468,"expDamage":318.092,"expWinRate":56.515},{"IDNum":52817,"expDef":1.340,"expFrag":0.904,"expSpot":1.415,"expDamage":377.562,"expWinRate":55.708},{"IDNum":52833,"expDef":0.726,"expFrag":0.754,"expSpot":1.768,"expDamage":1027.565,"expWinRate":51.707},{"IDNum":52865,"expDef":0.545,"expFrag":0.925,"expSpot":1.052,"expDamage":1351.901,"expWinRate":51.603},{"IDNum":52993,"expDef":1.087,"expFrag":1.297,"expSpot":2.670,"expDamage":577.770,"expWinRate":56.899},{"IDNum":53025,"expDef":0.701,"expFrag":1.083,"expSpot":1.219,"expDamage":1406.068,"expWinRate":53.292},{"IDNum":53105,"expDef":0.258,"expFrag":0.905,"expSpot":1.179,"expDamage":1718.458,"expWinRate":52.344},{"IDNum":53121,"expDef":0.748,"expFrag":0.889,"expSpot":1.258,"expDamage":1224.800,"expWinRate":50.950},{"IDNum":53249,"expDef":0.856,"expFrag":0.938,"expSpot":1.106,"expDamage":1241.743,"expWinRate":52.103},{"IDNum":53281,"expDef":0.773,"expFrag":0.985,"expSpot":0.997,"expDamage":1392.613,"expWinRate":51.713},{"IDNum":53345,"expDef":0.643,"expFrag":1.071,"expSpot":0.631,"expDamage":1553.144,"expWinRate":52.298},{"IDNum":53377,"expDef":0.732,"expFrag":1.013,"expSpot":1.080,"expDamage":1650.023,"expWinRate":51.300},{"IDNum":53505,"expDef":1.706,"expFrag":1.428,"expSpot":1.592,"expDamage":341.499,"expWinRate":55.915},{"IDNum":53537,"expDef":1.252,"expFrag":1.130,"expSpot":1.538,"expDamage":234.470,"expWinRate":56.409},{"IDNum":53585,"expDef":1.428,"expFrag":1.087,"expSpot":0.795,"expDamage":541.143,"expWinRate":54.417},{"IDNum":53601,"expDef":0.642,"expFrag":0.788,"expSpot":1.206,"expDamage":1362.697,"expWinRate":51.288},{"IDNum":53761,"expDef":1.365,"expFrag":1.268,"expSpot":0.824,"expDamage":641.687,"expWinRate":53.303},{"IDNum":53793,"expDef":0.954,"expFrag":0.837,"expSpot":1.315,"expDamage":1089.521,"expWinRate":51.969},{"IDNum":53841,"expDef":1.246,"expFrag":1.050,"expSpot":0.586,"expDamage":824.792,"expWinRate":52.803},{"IDNum":54017,"expDef":1.104,"expFrag":1.300,"expSpot":1.453,"expDamage":715.664,"expWinRate":57.533},{"IDNum":54033,"expDef":1.075,"expFrag":1.268,"expSpot":2.048,"expDamage":777.788,"expWinRate":57.132},{"IDNum":54097,"expDef":1.113,"expFrag":1.008,"expSpot":0.788,"expDamage":973.547,"expWinRate":54.870},{"IDNum":54145,"expDef":0.603,"expFrag":0.812,"expSpot":1.058,"expDamage":1543.006,"expWinRate":50.598},{"IDNum":54273,"expDef":1.520,"expFrag":1.822,"expSpot":0.891,"expDamage":542.147,"expWinRate":57.937},{"IDNum":54289,"expDef":0.779,"expFrag":0.779,"expSpot":0.922,"expDamage":1243.986,"expWinRate":51.845},{"IDNum":54353,"expDef":1.167,"expFrag":1.265,"expSpot":1.615,"expDamage":651.779,"expWinRate":56.541},{"IDNum":54529,"expDef":1.513,"expFrag":1.351,"expSpot":1.451,"expDamage":250.448,"expWinRate":56.365},{"IDNum":54545,"expDef":1.181,"expFrag":1.003,"expSpot":1.551,"expDamage":518.147,"expWinRate":54.542},{"IDNum":54609,"expDef":1.169,"expFrag":1.224,"expSpot":0.115,"expDamage":389.121,"expWinRate":55.769},{"IDNum":54657,"expDef":0.530,"expFrag":0.795,"expSpot":0.859,"expDamage":1321.734,"expWinRate":52.033},{"IDNum":54785,"expDef":0.705,"expFrag":1.078,"expSpot":0.516,"expDamage":828.296,"expWinRate":53.113},{"IDNum":54801,"expDef":1.690,"expFrag":1.089,"expSpot":2.652,"expDamage":295.215,"expWinRate":57.043},{"IDNum":54865,"expDef":1.372,"expFrag":1.299,"expSpot":1.600,"expDamage":238.432,"expWinRate":54.023},{"IDNum":55057,"expDef":1.150,"expFrag":1.056,"expSpot":1.270,"expDamage":595.044,"expWinRate":52.842},{"IDNum":55073,"expDef":1.441,"expFrag":1.280,"expSpot":1.744,"expDamage":248.490,"expWinRate":54.264},{"IDNum":55121,"expDef":1.059,"expFrag":0.914,"expSpot":1.090,"expDamage":982.785,"expWinRate":53.780},{"IDNum":55297,"expDef":0.897,"expFrag":1.138,"expSpot":0.748,"expDamage":1036.638,"expWinRate":53.131},{"IDNum":55313,"expDef":1.089,"expFrag":0.922,"expSpot":0.770,"expDamage":1228.484,"expWinRate":50.957},{"IDNum":55377,"expDef":0.818,"expFrag":0.625,"expSpot":2.492,"expDamage":459.893,"expWinRate":52.605},{"IDNum":55569,"expDef":1.503,"expFrag":1.216,"expSpot":1.430,"expDamage":989.762,"expWinRate":52.179},{"IDNum":55633,"expDef":0.808,"expFrag":0.762,"expSpot":1.265,"expDamage":1090.640,"expWinRate":51.331},{"IDNum":55809,"expDef":0.507,"expFrag":0.902,"expSpot":1.028,"expDamage":2032.980,"expWinRate":49.508},{"IDNum":55841,"expDef":0.701,"expFrag":0.988,"expSpot":1.210,"expDamage":1895.631,"expWinRate":50.189},{"IDNum":55889,"expDef":0.971,"expFrag":1.037,"expSpot":2.162,"expDamage":743.107,"expWinRate":54.814},{"IDNum":56065,"expDef":0.557,"expFrag":1.006,"expSpot":0.892,"expDamage":1425.590,"expWinRate":52.457},{"IDNum":56081,"expDef":0.449,"expFrag":0.793,"expSpot":0.907,"expDamage":1274.190,"expWinRate":51.980},{"IDNum":56097,"expDef":1.022,"expFrag":0.939,"expSpot":1.270,"expDamage":690.093,"expWinRate":53.799},{"IDNum":56145,"expDef":0.987,"expFrag":0.936,"expSpot":0.986,"expDamage":754.960,"expWinRate":53.089},{"IDNum":56321,"expDef":0.316,"expFrag":0.933,"expSpot":1.004,"expDamage":1266.762,"expWinRate":50.761},{"IDNum":56353,"expDef":1.139,"expFrag":0.958,"expSpot":0.741,"expDamage":995.897,"expWinRate":52.404},{"IDNum":56577,"expDef":1.589,"expFrag":1.198,"expSpot":1.348,"expDamage":272.117,"expWinRate":55.853},{"IDNum":56609,"expDef":0.786,"expFrag":0.941,"expSpot":0.813,"expDamage":992.869,"expWinRate":54.083},{"IDNum":56657,"expDef":0.608,"expFrag":0.768,"expSpot":1.189,"expDamage":1196.371,"expWinRate":51.648},{"IDNum":56897,"expDef":0.565,"expFrag":0.837,"expSpot":1.085,"expDamage":885.053,"expWinRate":52.873},{"IDNum":56913,"expDef":0.721,"expFrag":0.763,"expSpot":1.333,"expDamage":1114.285,"expWinRate":51.942},{"IDNum":57105,"expDef":0.965,"expFrag":1.022,"expSpot":0.687,"expDamage":794.925,"expWinRate":52.110},{"IDNum":57121,"expDef":0.933,"expFrag":0.804,"expSpot":1.245,"expDamage":1099.575,"expWinRate":51.998},{"IDNum":57169,"expDef":0.879,"expFrag":0.985,"expSpot":1.007,"expDamage":819.558,"expWinRate":52.669},{"IDNum":57361,"expDef":1.152,"expFrag":0.940,"expSpot":1.017,"expDamage":744.115,"expWinRate":52.735},{"IDNum":57377,"expDef":0.813,"expFrag":0.775,"expSpot":1.327,"expDamage":1088.632,"expWinRate":50.836},{"IDNum":57409,"expDef":0.806,"expFrag":1.031,"expSpot":1.857,"expDamage":1352.441,"expWinRate":52.811},{"IDNum":57425,"expDef":0.646,"expFrag":0.962,"expSpot":1.019,"expDamage":1449.500,"expWinRate":52.223},{"IDNum":57617,"expDef":1.045,"expFrag":0.979,"expSpot":1.322,"expDamage":896.514,"expWinRate":53.010},{"IDNum":57633,"expDef":0.603,"expFrag":0.639,"expSpot":2.877,"expDamage":673.264,"expWinRate":52.902},{"IDNum":57681,"expDef":1.010,"expFrag":1.083,"expSpot":0.800,"expDamage":899.588,"expWinRate":53.170},{"IDNum":57889,"expDef":0.831,"expFrag":0.645,"expSpot":2.905,"expDamage":749.288,"expWinRate":51.687},{"IDNum":57905,"expDef":1.503,"expFrag":1.029,"expSpot":0.814,"expDamage":346.933,"expWinRate":53.185},{"IDNum":57937,"expDef":0.523,"expFrag":0.987,"expSpot":1.427,"expDamage":2178.736,"expWinRate":51.379},{"IDNum":58113,"expDef":0.836,"expFrag":1.081,"expSpot":1.311,"expDamage":844.239,"expWinRate":53.919},{"IDNum":58369,"expDef":0.504,"expFrag":0.876,"expSpot":1.556,"expDamage":1978.282,"expWinRate":50.074},{"IDNum":58417,"expDef":0.512,"expFrag":0.845,"expSpot":1.337,"expDamage":1904.012,"expWinRate":49.223},{"IDNum":58449,"expDef":0.786,"expFrag":0.630,"expSpot":2.979,"expDamage":773.099,"expWinRate":51.407},{"IDNum":58625,"expDef":0.654,"expFrag":0.959,"expSpot":0.414,"expDamage":1297.340,"expWinRate":50.817},{"IDNum":58641,"expDef":0.397,"expFrag":0.970,"expSpot":0.973,"expDamage":2164.441,"expWinRate":51.741},{"IDNum":58657,"expDef":0.510,"expFrag":0.768,"expSpot":1.244,"expDamage":1261.672,"expWinRate":51.893},{"IDNum":58673,"expDef":0.640,"expFrag":0.936,"expSpot":1.290,"expDamage":1797.589,"expWinRate":50.678},{"IDNum":58705,"expDef":0.920,"expFrag":0.663,"expSpot":3.104,"expDamage":935.627,"expWinRate":53.670},{"IDNum":58881,"expDef":0.622,"expFrag":0.805,"expSpot":1.049,"expDamage":1225.068,"expWinRate":52.201},{"IDNum":58913,"expDef":0.718,"expFrag":0.780,"expSpot":1.245,"expDamage":1176.919,"expWinRate":52.412},{"IDNum":58929,"expDef":0.297,"expFrag":0.858,"expSpot":1.184,"expDamage":1386.279,"expWinRate":52.147},{"IDNum":58945,"expDef":0.950,"expFrag":0.686,"expSpot":2.301,"expDamage":434.098,"expWinRate":54.881},{"IDNum":58961,"expDef":0.754,"expFrag":0.708,"expSpot":3.116,"expDamage":1221.214,"expWinRate":51.395},{"IDNum":59137,"expDef":0.716,"expFrag":1.032,"expSpot":1.079,"expDamage":1082.092,"expWinRate":54.528},{"IDNum":59153,"expDef":0.909,"expFrag":1.162,"expSpot":1.073,"expDamage":797.568,"expWinRate":56.890},{"IDNum":59169,"expDef":0.723,"expFrag":0.776,"expSpot":1.251,"expDamage":1179.972,"expWinRate":52.010},{"IDNum":59217,"expDef":0.720,"expFrag":0.945,"expSpot":0.849,"expDamage":893.307,"expWinRate":54.046},{"IDNum":59393,"expDef":0.922,"expFrag":1.004,"expSpot":1.436,"expDamage":776.506,"expWinRate":54.204},{"IDNum":59409,"expDef":0.519,"expFrag":1.283,"expSpot":1.227,"expDamage":605.334,"expWinRate":60.244},{"IDNum":59425,"expDef":0.541,"expFrag":0.732,"expSpot":0.858,"expDamage":1213.625,"expWinRate":51.419},{"IDNum":59441,"expDef":0.483,"expFrag":0.907,"expSpot":1.070,"expDamage":2027.176,"expWinRate":49.517},{"IDNum":59473,"expDef":0.882,"expFrag":0.636,"expSpot":2.651,"expDamage":784.261,"expWinRate":52.364},{"IDNum":59649,"expDef":0.802,"expFrag":1.108,"expSpot":0.581,"expDamage":1024.052,"expWinRate":53.015},{"IDNum":59665,"expDef":1.124,"expFrag":1.198,"expSpot":1.338,"expDamage":351.846,"expWinRate":55.941},{"IDNum":59681,"expDef":0.905,"expFrag":0.955,"expSpot":1.191,"expDamage":749.261,"expWinRate":54.107},{"IDNum":59729,"expDef":0.998,"expFrag":0.654,"expSpot":2.545,"expDamage":609.147,"expWinRate":52.893},{"IDNum":59905,"expDef":0.792,"expFrag":0.825,"expSpot":1.242,"expDamage":1097.904,"expWinRate":51.736},{"IDNum":59937,"expDef":0.800,"expFrag":0.947,"expSpot":1.153,"expDamage":984.703,"expWinRate":54.994},{"IDNum":59985,"expDef":0.622,"expFrag":0.988,"expSpot":0.690,"expDamage":1412.850,"expWinRate":53.245},{"IDNum":60161,"expDef":0.793,"expFrag":1.093,"expSpot":1.071,"expDamage":935.516,"expWinRate":55.752},{"IDNum":60177,"expDef":0.901,"expFrag":0.805,"expSpot":1.058,"expDamage":1088.552,"expWinRate":50.300},{"IDNum":60193,"expDef":0.511,"expFrag":0.782,"expSpot":1.253,"expDamage":1261.386,"expWinRate":52.289},{"IDNum":60209,"expDef":0.460,"expFrag":0.979,"expSpot":1.182,"expDamage":1505.630,"expWinRate":53.346},{"IDNum":60225,"expDef":0.770,"expFrag":0.973,"expSpot":1.793,"expDamage":1279.838,"expWinRate":51.412},{"IDNum":60241,"expDef":1.112,"expFrag":1.033,"expSpot":0.789,"expDamage":622.246,"expWinRate":55.285},{"IDNum":60417,"expDef":0.516,"expFrag":0.971,"expSpot":0.910,"expDamage":1354.850,"expWinRate":52.816},{"IDNum":60433,"expDef":1.544,"expFrag":1.171,"expSpot":1.744,"expDamage":246.624,"expWinRate":56.735},{"IDNum":60449,"expDef":0.575,"expFrag":0.984,"expSpot":0.740,"expDamage":1394.662,"expWinRate":53.266},{"IDNum":60465,"expDef":0.523,"expFrag":0.784,"expSpot":0.903,"expDamage":1533.890,"expWinRate":51.607},{"IDNum":60481,"expDef":0.802,"expFrag":1.055,"expSpot":1.332,"expDamage":1663.550,"expWinRate":51.252},{"IDNum":60497,"expDef":0.725,"expFrag":1.117,"expSpot":0.807,"expDamage":1645.207,"expWinRate":51.090},{"IDNum":60529,"expDef":0.880,"expFrag":1.010,"expSpot":0.608,"expDamage":1343.548,"expWinRate":50.982},{"IDNum":60689,"expDef":1.433,"expFrag":1.082,"expSpot":0.615,"expDamage":549.718,"expWinRate":52.693},{"IDNum":60721,"expDef":0.394,"expFrag":0.790,"expSpot":1.392,"expDamage":1339.558,"expWinRate":52.010},{"IDNum":60737,"expDef":0.849,"expFrag":0.983,"expSpot":1.345,"expDamage":795.247,"expWinRate":54.138},{"IDNum":60753,"expDef":0.581,"expFrag":0.910,"expSpot":1.081,"expDamage":1417.908,"expWinRate":52.338},{"IDNum":60785,"expDef":0.530,"expFrag":0.815,"expSpot":1.160,"expDamage":1577.568,"expWinRate":51.908},{"IDNum":60929,"expDef":0.971,"expFrag":1.003,"expSpot":1.794,"expDamage":348.775,"expWinRate":53.627},{"IDNum":60945,"expDef":0.761,"expFrag":0.935,"expSpot":1.404,"expDamage":1518.267,"expWinRate":51.262},{"IDNum":60977,"expDef":0.643,"expFrag":1.097,"expSpot":0.426,"expDamage":2140.769,"expWinRate":50.464},{"IDNum":60993,"expDef":0.885,"expFrag":1.005,"expSpot":1.186,"expDamage":847.185,"expWinRate":53.379},{"IDNum":61009,"expDef":1.431,"expFrag":0.932,"expSpot":1.922,"expDamage":487.914,"expWinRate":55.621},{"IDNum":61217,"expDef":0.963,"expFrag":1.129,"expSpot":0.990,"expDamage":944.848,"expWinRate":54.292},{"IDNum":61249,"expDef":1.092,"expFrag":1.162,"expSpot":0.854,"expDamage":689.157,"expWinRate":53.536},{"IDNum":61265,"expDef":0.758,"expFrag":0.848,"expSpot":1.300,"expDamage":1282.964,"expWinRate":50.457},{"IDNum":61441,"expDef":1.049,"expFrag":1.251,"expSpot":1.120,"expDamage":531.744,"expWinRate":56.756},{"IDNum":61457,"expDef":0.951,"expFrag":0.925,"expSpot":1.287,"expDamage":526.866,"expWinRate":54.297},{"IDNum":61473,"expDef":0.692,"expFrag":0.897,"expSpot":1.089,"expDamage":1069.371,"expWinRate":54.133},{"IDNum":61505,"expDef":0.916,"expFrag":0.689,"expSpot":3.076,"expDamage":739.528,"expWinRate":52.329},{"IDNum":61521,"expDef":0.541,"expFrag":0.806,"expSpot":1.087,"expDamage":1245.246,"expWinRate":50.900},{"IDNum":61697,"expDef":0.757,"expFrag":0.930,"expSpot":1.537,"expDamage":1749.546,"expWinRate":51.792},{"IDNum":61713,"expDef":1.060,"expFrag":0.975,"expSpot":0.563,"expDamage":1002.746,"expWinRate":52.151},{"IDNum":61729,"expDef":0.509,"expFrag":0.813,"expSpot":1.124,"expDamage":1616.903,"expWinRate":51.229},{"IDNum":61761,"expDef":0.781,"expFrag":0.931,"expSpot":0.639,"expDamage":1326.779,"expWinRate":50.905},{"IDNum":61777,"expDef":1.017,"expFrag":0.861,"expSpot":0.787,"expDamage":403.693,"expWinRate":47.444},{"IDNum":61953,"expDef":0.787,"expFrag":0.871,"expSpot":1.436,"expDamage":1154.519,"expWinRate":51.491},{"IDNum":61969,"expDef":1.332,"expFrag":0.933,"expSpot":0.840,"expDamage":1153.207,"expWinRate":49.837},{"IDNum":61985,"expDef":0.586,"expFrag":0.890,"expSpot":1.164,"expDamage":1387.906,"expWinRate":52.273},{"IDNum":62001,"expDef":0.730,"expFrag":0.638,"expSpot":2.722,"expDamage":786.542,"expWinRate":51.662},{"IDNum":62017,"expDef":0.628,"expFrag":0.754,"expSpot":0.998,"expDamage":1211.410,"expWinRate":51.977},{"IDNum":62209,"expDef":0.601,"expFrag":0.848,"expSpot":0.710,"expDamage":1288.438,"expWinRate":52.207},{"IDNum":62241,"expDef":0.709,"expFrag":0.809,"expSpot":1.259,"expDamage":1145.386,"expWinRate":50.961},{"IDNum":62257,"expDef":0.482,"expFrag":0.872,"expSpot":1.219,"expDamage":1899.914,"expWinRate":49.511},{"IDNum":62273,"expDef":0.605,"expFrag":1.008,"expSpot":0.716,"expDamage":1392.896,"expWinRate":51.698},{"IDNum":62289,"expDef":0.286,"expFrag":1.157,"expSpot":0.889,"expDamage":1700.849,"expWinRate":57.115},{"IDNum":62481,"expDef":0.631,"expFrag":0.971,"expSpot":0.467,"expDamage":1395.817,"expWinRate":51.028},{"IDNum":62497,"expDef":0.939,"expFrag":0.922,"expSpot":1.020,"expDamage":954.780,"expWinRate":53.653},{"IDNum":62513,"expDef":0.524,"expFrag":0.842,"expSpot":1.374,"expDamage":1852.489,"expWinRate":49.753},{"IDNum":62529,"expDef":0.699,"expFrag":0.939,"expSpot":1.024,"expDamage":1262.254,"expWinRate":50.072},{"IDNum":62545,"expDef":0.736,"expFrag":0.995,"expSpot":0.618,"expDamage":1409.836,"expWinRate":51.340},{"IDNum":62721,"expDef":0.520,"expFrag":0.812,"expSpot":1.262,"expDamage":1268.605,"expWinRate":52.544},{"IDNum":62753,"expDef":0.609,"expFrag":0.978,"expSpot":1.536,"expDamage":1880.846,"expWinRate":53.282},{"IDNum":62785,"expDef":0.591,"expFrag":0.751,"expSpot":1.006,"expDamage":1208.628,"expWinRate":52.052},{"IDNum":62801,"expDef":0.830,"expFrag":0.987,"expSpot":0.834,"expDamage":889.634,"expWinRate":54.429},{"IDNum":62993,"expDef":0.880,"expFrag":0.930,"expSpot":1.084,"expDamage":1055.558,"expWinRate":54.003},{"IDNum":63025,"expDef":0.732,"expFrag":0.990,"expSpot":0.607,"expDamage":1580.665,"expWinRate":50.823},{"IDNum":63041,"expDef":0.685,"expFrag":0.822,"expSpot":0.814,"expDamage":1182.638,"expWinRate":50.477},{"IDNum":63233,"expDef":0.598,"expFrag":0.758,"expSpot":1.042,"expDamage":1261.799,"expWinRate":52.017},{"IDNum":63249,"expDef":1.104,"expFrag":1.000,"expSpot":1.102,"expDamage":548.643,"expWinRate":54.376},{"IDNum":63281,"expDef":0.713,"expFrag":1.013,"expSpot":0.767,"expDamage":1335.268,"expWinRate":51.888},{"IDNum":63297,"expDef":0.841,"expFrag":0.798,"expSpot":2.604,"expDamage":715.976,"expWinRate":51.999},{"IDNum":63505,"expDef":1.323,"expFrag":0.713,"expSpot":1.070,"expDamage":277.711,"expWinRate":49.682},{"IDNum":63537,"expDef":0.657,"expFrag":0.934,"expSpot":1.317,"expDamage":1816.356,"expWinRate":50.435},{"IDNum":63553,"expDef":0.992,"expFrag":0.808,"expSpot":1.417,"expDamage":1082.352,"expWinRate":50.366},{"IDNum":63761,"expDef":0.948,"expFrag":0.800,"expSpot":1.218,"expDamage":1092.704,"expWinRate":51.080},{"IDNum":63793,"expDef":0.966,"expFrag":0.809,"expSpot":1.276,"expDamage":1045.028,"expWinRate":51.552},{"IDNum":63809,"expDef":0.883,"expFrag":0.848,"expSpot":2.848,"expDamage":743.888,"expWinRate":52.524},{"IDNum":64001,"expDef":0.441,"expFrag":0.871,"expSpot":1.155,"expDamage":1355.713,"expWinRate":53.810},{"IDNum":64017,"expDef":0.627,"expFrag":0.630,"expSpot":2.543,"expDamage":796.254,"expWinRate":50.827},{"IDNum":64049,"expDef":0.674,"expFrag":0.895,"expSpot":1.275,"expDamage":1219.119,"expWinRate":50.449},{"IDNum":64065,"expDef":1.070,"expFrag":0.894,"expSpot":1.363,"expDamage":1182.286,"expWinRate":50.663},{"IDNum":64273,"expDef":0.924,"expFrag":0.793,"expSpot":1.236,"expDamage":1089.299,"expWinRate":51.274},{"IDNum":64561,"expDef":0.617,"expFrag":0.864,"expSpot":1.318,"expDamage":1221.965,"expWinRate":52.225},{"IDNum":64769,"expDef":0.487,"expFrag":1.129,"expSpot":0.763,"expDamage":880.121,"expWinRate":54.385},{"IDNum":64817,"expDef":0.816,"expFrag":0.773,"expSpot":2.652,"expDamage":571.511,"expWinRate":51.871},{"IDNum":65073,"expDef":0.515,"expFrag":0.841,"expSpot":1.328,"expDamage":1249.627,"expWinRate":51.731},{"IDNum":65329,"expDef":0.653,"expFrag":0.870,"expSpot":0.979,"expDamage":1324.537,"expWinRate":51.579},{"IDNum":65537,"expDef":0.253,"expFrag":0.894,"expSpot":0.992,"expDamage":1259.881,"expWinRate":54.574},{"IDNum":65553,"expDef":1.089,"expFrag":0.867,"expSpot":1.148,"expDamage":363.228,"expWinRate":43.464}],"header":{"url":"https://static.modxvm.com/wn8-data-exp/json/wg/wn8exp-2024-10-14.json","source":"XVM","version":"2024-10-14"}}
