{"data":[{"IDNum":1,"expDef":1.139,"expFrag":0.985,"expSpot":1.388,"expDamage":490.547,"expWinRate":54.838},{"IDNum":33,"expDef":1.156,"expFrag":1.247,"expSpot":1.584,"expDamage":640.613,"expWinRate":55.759},{"IDNum":49,"expDef":0.879,"expFrag":0.881,"expSpot":1.537,"expDamage":1122.341,"expWinRate":51.154},{"IDNum":81,"expDef":1.276,"expFrag":1.676,"expSpot":0.901,"expDamage":222.105,"expWinRate":57.760},{"IDNum":113,"expDef":1.288,"expFrag":1.546,"expSpot":0.797,"expDamage":238.389,"expWinRate":57.999},{"IDNum":129,"expDef":1.381,"expFrag":1.420,"expSpot":1.210,"expDamage":219.981,"expWinRate":58.150},{"IDNum":145,"expDef":0.836,"expFrag":0.974,"expSpot":1.351,"expDamage":773.130,"expWinRate":54.213},{"IDNum":161,"expDef":1.613,"expFrag":1.578,"expSpot":0.956,"expDamage":241.538,"expWinRate":57.804},{"IDNum":257,"expDef":1.301,"expFrag":1.130,"expSpot":0.548,"expDamage":578.505,"expWinRate":54.476},{"IDNum":273,"expDef":1.319,"expFrag":1.010,"expSpot":0.073,"expDamage":901.537,"expWinRate":51.332},{"IDNum":289,"expDef":1.553,"expFrag":1.021,"expSpot":2.138,"expDamage":299.412,"expWinRate":55.754},{"IDNum":305,"expDef":0.738,"expFrag":0.694,"expSpot":2.595,"expDamage":660.551,"expWinRate":51.961},{"IDNum":321,"expDef":1.582,"expFrag":1.200,"expSpot":0.818,"expDamage":319.101,"expWinRate":58.369},{"IDNum":337,"expDef":1.212,"expFrag":1.366,"expSpot":0.941,"expDamage":249.033,"expWinRate":56.413},{"IDNum":353,"expDef":1.458,"expFrag":1.341,"expSpot":1.190,"expDamage":246.445,"expWinRate":57.256},{"IDNum":369,"expDef":1.578,"expFrag":1.181,"expSpot":1.299,"expDamage":255.972,"expWinRate":56.400},{"IDNum":385,"expDef":1.494,"expFrag":1.304,"expSpot":1.342,"expDamage":277.135,"expWinRate":57.070},{"IDNum":401,"expDef":1.504,"expFrag":0.836,"expSpot":1.000,"expDamage":238.032,"expWinRate":53.707},{"IDNum":417,"expDef":1.755,"expFrag":1.340,"expSpot":1.416,"expDamage":322.432,"expWinRate":56.684},{"IDNum":513,"expDef":0.837,"expFrag":0.987,"expSpot":1.024,"expDamage":1017.967,"expWinRate":53.533},{"IDNum":529,"expDef":1.032,"expFrag":0.951,"expSpot":0.991,"expDamage":1057.385,"expWinRate":53.421},{"IDNum":545,"expDef":1.380,"expFrag":1.555,"expSpot":1.900,"expDamage":201.658,"expWinRate":58.099},{"IDNum":561,"expDef":0.747,"expFrag":0.869,"expSpot":1.428,"expDamage":1177.306,"expWinRate":50.633},{"IDNum":577,"expDef":1.780,"expFrag":1.414,"expSpot":1.189,"expDamage":203.478,"expWinRate":57.362},{"IDNum":593,"expDef":1.508,"expFrag":1.363,"expSpot":2.112,"expDamage":254.595,"expWinRate":58.066},{"IDNum":609,"expDef":1.851,"expFrag":1.505,"expSpot":1.087,"expDamage":210.694,"expWinRate":57.727},{"IDNum":625,"expDef":1.458,"expFrag":0.911,"expSpot":1.043,"expDamage":315.803,"expWinRate":53.581},{"IDNum":641,"expDef":1.581,"expFrag":1.159,"expSpot":1.340,"expDamage":363.458,"expWinRate":55.470},{"IDNum":673,"expDef":1.637,"expFrag":1.512,"expSpot":0.963,"expDamage":332.657,"expWinRate":58.899},{"IDNum":769,"expDef":1.304,"expFrag":0.825,"expSpot":2.558,"expDamage":290.209,"expWinRate":55.194},{"IDNum":785,"expDef":1.762,"expFrag":1.365,"expSpot":1.523,"expDamage":235.498,"expWinRate":57.191},{"IDNum":801,"expDef":0.885,"expFrag":1.014,"expSpot":1.061,"expDamage":856.876,"expWinRate":54.260},{"IDNum":817,"expDef":0.713,"expFrag":0.904,"expSpot":1.313,"expDamage":1221.238,"expWinRate":51.944},{"IDNum":833,"expDef":1.361,"expFrag":1.321,"expSpot":0.115,"expDamage":215.409,"expWinRate":56.699},{"IDNum":849,"expDef":1.557,"expFrag":1.111,"expSpot":0.795,"expDamage":465.682,"expWinRate":55.592},{"IDNum":865,"expDef":1.414,"expFrag":1.326,"expSpot":1.441,"expDamage":257.099,"expWinRate":56.499},{"IDNum":881,"expDef":1.310,"expFrag":0.948,"expSpot":1.232,"expDamage":378.273,"expWinRate":55.536},{"IDNum":897,"expDef":1.115,"expFrag":0.991,"expSpot":1.308,"expDamage":398.091,"expWinRate":55.163},{"IDNum":913,"expDef":0.489,"expFrag":0.860,"expSpot":0.995,"expDamage":1314.720,"expWinRate":52.669},{"IDNum":929,"expDef":1.468,"expFrag":1.338,"expSpot":1.161,"expDamage":416.320,"expWinRate":57.847},{"IDNum":1025,"expDef":1.421,"expFrag":1.319,"expSpot":1.782,"expDamage":247.095,"expWinRate":56.910},{"IDNum":1041,"expDef":1.404,"expFrag":1.112,"expSpot":0.697,"expDamage":577.696,"expWinRate":53.976},{"IDNum":1057,"expDef":1.018,"expFrag":1.045,"expSpot":1.386,"expDamage":509.396,"expWinRate":54.665},{"IDNum":1073,"expDef":1.000,"expFrag":0.922,"expSpot":1.456,"expDamage":904.499,"expWinRate":54.052},{"IDNum":1089,"expDef":1.376,"expFrag":1.123,"expSpot":1.137,"expDamage":411.421,"expWinRate":55.068},{"IDNum":1105,"expDef":1.005,"expFrag":0.990,"expSpot":1.878,"expDamage":690.999,"expWinRate":54.106},{"IDNum":1121,"expDef":1.101,"expFrag":0.892,"expSpot":1.004,"expDamage":894.885,"expWinRate":51.734},{"IDNum":1137,"expDef":1.126,"expFrag":0.857,"expSpot":1.448,"expDamage":486.873,"expWinRate":53.989},{"IDNum":1153,"expDef":1.025,"expFrag":0.913,"expSpot":1.193,"expDamage":503.636,"expWinRate":53.775},{"IDNum":1169,"expDef":1.452,"expFrag":1.357,"expSpot":1.552,"expDamage":244.299,"expWinRate":58.187},{"IDNum":1185,"expDef":0.954,"expFrag":1.117,"expSpot":1.106,"expDamage":471.687,"expWinRate":55.172},{"IDNum":1297,"expDef":1.215,"expFrag":0.886,"expSpot":1.246,"expDamage":879.946,"expWinRate":53.489},{"IDNum":1313,"expDef":1.095,"expFrag":0.970,"expSpot":1.410,"expDamage":691.147,"expWinRate":54.610},{"IDNum":1329,"expDef":1.790,"expFrag":1.675,"expSpot":1.245,"expDamage":225.019,"expWinRate":56.899},{"IDNum":1345,"expDef":2.022,"expFrag":1.387,"expSpot":1.061,"expDamage":260.011,"expWinRate":58.455},{"IDNum":1361,"expDef":1.622,"expFrag":1.130,"expSpot":1.784,"expDamage":309.122,"expWinRate":57.344},{"IDNum":1377,"expDef":1.112,"expFrag":0.916,"expSpot":1.189,"expDamage":489.943,"expWinRate":54.180},{"IDNum":1393,"expDef":1.002,"expFrag":0.900,"expSpot":1.417,"expDamage":716.058,"expWinRate":52.735},{"IDNum":1409,"expDef":1.026,"expFrag":0.933,"expSpot":1.089,"expDamage":733.646,"expWinRate":53.172},{"IDNum":1425,"expDef":1.474,"expFrag":1.435,"expSpot":1.034,"expDamage":323.583,"expWinRate":58.346},{"IDNum":1441,"expDef":0.901,"expFrag":0.912,"expSpot":1.111,"expDamage":504.071,"expWinRate":54.742},{"IDNum":1537,"expDef":1.028,"expFrag":1.028,"expSpot":1.239,"expDamage":413.004,"expWinRate":55.620},{"IDNum":1553,"expDef":1.245,"expFrag":1.062,"expSpot":0.726,"expDamage":746.420,"expWinRate":53.265},{"IDNum":1569,"expDef":1.044,"expFrag":0.916,"expSpot":1.564,"expDamage":916.756,"expWinRate":53.984},{"IDNum":1585,"expDef":0.947,"expFrag":0.829,"expSpot":1.451,"expDamage":1065.839,"expWinRate":51.655},{"IDNum":1601,"expDef":2.015,"expFrag":1.268,"expSpot":0.894,"expDamage":261.429,"expWinRate":56.867},{"IDNum":1617,"expDef":1.055,"expFrag":1.027,"expSpot":0.901,"expDamage":385.848,"expWinRate":54.927},{"IDNum":1633,"expDef":1.142,"expFrag":0.975,"expSpot":1.260,"expDamage":408.107,"expWinRate":54.877},{"IDNum":1649,"expDef":0.894,"expFrag":0.877,"expSpot":1.238,"expDamage":896.429,"expWinRate":52.771},{"IDNum":1665,"expDef":0.793,"expFrag":0.880,"expSpot":1.305,"expDamage":897.068,"expWinRate":52.923},{"IDNum":1681,"expDef":1.137,"expFrag":0.999,"expSpot":1.222,"expDamage":323.343,"expWinRate":54.405},{"IDNum":1697,"expDef":0.718,"expFrag":0.967,"expSpot":1.037,"expDamage":748.113,"expWinRate":53.182},{"IDNum":1793,"expDef":0.830,"expFrag":0.906,"expSpot":0.040,"expDamage":1118.706,"expWinRate":50.934},{"IDNum":1809,"expDef":1.178,"expFrag":1.372,"expSpot":0.620,"expDamage":482.907,"expWinRate":55.673},{"IDNum":1825,"expDef":1.580,"expFrag":1.476,"expSpot":2.471,"expDamage":284.958,"expWinRate":56.528},{"IDNum":1841,"expDef":0.742,"expFrag":0.881,"expSpot":1.367,"expDamage":1424.404,"expWinRate":51.327},{"IDNum":1889,"expDef":1.158,"expFrag":0.957,"expSpot":1.063,"expDamage":720.698,"expWinRate":52.337},{"IDNum":1905,"expDef":0.949,"expFrag":0.795,"expSpot":1.033,"expDamage":1069.155,"expWinRate":51.193},{"IDNum":1921,"expDef":0.672,"expFrag":0.926,"expSpot":0.798,"expDamage":1292.880,"expWinRate":51.592},{"IDNum":1937,"expDef":0.968,"expFrag":0.726,"expSpot":1.498,"expDamage":332.631,"expWinRate":53.075},{"IDNum":1953,"expDef":0.739,"expFrag":0.926,"expSpot":1.321,"expDamage":900.477,"expWinRate":53.320},{"IDNum":2049,"expDef":1.121,"expFrag":0.769,"expSpot":2.771,"expDamage":364.729,"expWinRate":54.467},{"IDNum":2065,"expDef":1.607,"expFrag":1.393,"expSpot":1.661,"expDamage":275.642,"expWinRate":56.972},{"IDNum":2081,"expDef":1.934,"expFrag":1.245,"expSpot":0.374,"expDamage":224.494,"expWinRate":54.279},{"IDNum":2097,"expDef":0.558,"expFrag":0.841,"expSpot":1.251,"expDamage":1541.768,"expWinRate":51.141},{"IDNum":2113,"expDef":1.212,"expFrag":1.295,"expSpot":0.101,"expDamage":710.285,"expWinRate":54.094},{"IDNum":2129,"expDef":1.138,"expFrag":0.868,"expSpot":1.752,"expDamage":452.273,"expWinRate":54.460},{"IDNum":2145,"expDef":1.381,"expFrag":1.256,"expSpot":1.189,"expDamage":359.032,"expWinRate":56.647},{"IDNum":2161,"expDef":0.768,"expFrag":0.992,"expSpot":1.126,"expDamage":1570.663,"expWinRate":50.599},{"IDNum":2177,"expDef":0.550,"expFrag":0.957,"expSpot":0.905,"expDamage":1627.181,"expWinRate":51.485},{"IDNum":2193,"expDef":0.777,"expFrag":0.898,"expSpot":1.260,"expDamage":530.967,"expWinRate":54.547},{"IDNum":2209,"expDef":0.691,"expFrag":0.864,"expSpot":1.102,"expDamage":1147.438,"expWinRate":50.288},{"IDNum":2305,"expDef":0.893,"expFrag":1.033,"expSpot":0.525,"expDamage":994.541,"expWinRate":52.863},{"IDNum":2321,"expDef":1.102,"expFrag":1.020,"expSpot":1.145,"expDamage":784.250,"expWinRate":54.631},{"IDNum":2353,"expDef":1.491,"expFrag":1.399,"expSpot":1.228,"expDamage":267.732,"expWinRate":57.432},{"IDNum":2369,"expDef":1.581,"expFrag":1.605,"expSpot":0.974,"expDamage":458.229,"expWinRate":57.111},{"IDNum":2385,"expDef":1.307,"expFrag":1.135,"expSpot":1.030,"expDamage":317.303,"expWinRate":57.224},{"IDNum":2401,"expDef":1.513,"expFrag":1.151,"expSpot":1.597,"expDamage":298.114,"expWinRate":56.551},{"IDNum":2417,"expDef":0.637,"expFrag":1.008,"expSpot":1.260,"expDamage":1814.706,"expWinRate":49.042},{"IDNum":2433,"expDef":0.472,"expFrag":0.920,"expSpot":1.137,"expDamage":1926.958,"expWinRate":49.165},{"IDNum":2449,"expDef":0.722,"expFrag":0.914,"expSpot":0.800,"expDamage":730.007,"expWinRate":53.242},{"IDNum":2465,"expDef":0.715,"expFrag":1.019,"expSpot":1.095,"expDamage":1578.513,"expWinRate":50.110},{"IDNum":2561,"expDef":0.985,"expFrag":0.948,"expSpot":1.335,"expDamage":707.540,"expWinRate":53.900},{"IDNum":2577,"expDef":1.016,"expFrag":0.923,"expSpot":1.125,"expDamage":571.209,"expWinRate":52.869},{"IDNum":2593,"expDef":0.581,"expFrag":0.957,"expSpot":0.676,"expDamage":1671.899,"expWinRate":50.773},{"IDNum":2625,"expDef":0.862,"expFrag":0.898,"expSpot":0.938,"expDamage":787.644,"expWinRate":53.120},{"IDNum":2657,"expDef":1.021,"expFrag":0.817,"expSpot":1.112,"expDamage":1092.390,"expWinRate":51.062},{"IDNum":2689,"expDef":2.042,"expFrag":1.032,"expSpot":0.492,"expDamage":302.141,"expWinRate":51.345},{"IDNum":2705,"expDef":0.652,"expFrag":0.952,"expSpot":1.045,"expDamage":1043.868,"expWinRate":53.414},{"IDNum":2721,"expDef":0.645,"expFrag":1.067,"expSpot":1.114,"expDamage":1862.901,"expWinRate":49.299},{"IDNum":2817,"expDef":0.803,"expFrag":1.048,"expSpot":1.060,"expDamage":807.023,"expWinRate":53.814},{"IDNum":2833,"expDef":1.327,"expFrag":1.151,"expSpot":0.148,"expDamage":350.483,"expWinRate":56.586},{"IDNum":2849,"expDef":0.732,"expFrag":0.795,"expSpot":0.833,"expDamage":1236.469,"expWinRate":51.013},{"IDNum":2865,"expDef":0.818,"expFrag":0.847,"expSpot":1.093,"expDamage":1215.636,"expWinRate":52.645},{"IDNum":2881,"expDef":1.120,"expFrag":0.796,"expSpot":0.860,"expDamage":299.492,"expWinRate":54.874},{"IDNum":2897,"expDef":1.346,"expFrag":1.129,"expSpot":0.887,"expDamage":625.184,"expWinRate":55.680},{"IDNum":2913,"expDef":1.239,"expFrag":1.011,"expSpot":1.716,"expDamage":383.213,"expWinRate":55.568},{"IDNum":2929,"expDef":0.488,"expFrag":0.914,"expSpot":1.155,"expDamage":2031.958,"expWinRate":48.884},{"IDNum":2945,"expDef":1.426,"expFrag":1.324,"expSpot":0.541,"expDamage":420.907,"expWinRate":54.852},{"IDNum":2961,"expDef":0.547,"expFrag":0.827,"expSpot":0.967,"expDamage":1263.843,"expWinRate":51.492},{"IDNum":2977,"expDef":0.500,"expFrag":0.936,"expSpot":0.972,"expDamage":1949.705,"expWinRate":48.754},{"IDNum":3073,"expDef":1.226,"expFrag":1.081,"expSpot":1.375,"expDamage":295.087,"expWinRate":55.739},{"IDNum":3089,"expDef":1.616,"expFrag":1.600,"expSpot":1.738,"expDamage":241.583,"expWinRate":57.315},{"IDNum":3105,"expDef":1.065,"expFrag":1.040,"expSpot":0.853,"expDamage":359.102,"expWinRate":55.367},{"IDNum":3121,"expDef":1.176,"expFrag":0.945,"expSpot":2.376,"expDamage":363.980,"expWinRate":55.714},{"IDNum":3137,"expDef":0.963,"expFrag":0.989,"expSpot":0.903,"expDamage":1276.017,"expWinRate":50.939},{"IDNum":3153,"expDef":1.252,"expFrag":0.943,"expSpot":0.848,"expDamage":1002.133,"expWinRate":55.055},{"IDNum":3169,"expDef":1.535,"expFrag":1.138,"expSpot":1.226,"expDamage":253.509,"expWinRate":55.175},{"IDNum":3185,"expDef":0.536,"expFrag":0.852,"expSpot":1.116,"expDamage":1637.108,"expWinRate":51.112},{"IDNum":3201,"expDef":1.251,"expFrag":1.133,"expSpot":0.637,"expDamage":453.263,"expWinRate":54.961},{"IDNum":3217,"expDef":0.472,"expFrag":0.873,"expSpot":0.938,"expDamage":1608.863,"expWinRate":51.834},{"IDNum":3233,"expDef":0.740,"expFrag":0.891,"expSpot":1.000,"expDamage":1035.049,"expWinRate":53.436},{"IDNum":3329,"expDef":1.646,"expFrag":1.653,"expSpot":1.211,"expDamage":224.109,"expWinRate":57.763},{"IDNum":3345,"expDef":1.514,"expFrag":1.313,"expSpot":1.301,"expDamage":339.008,"expWinRate":57.379},{"IDNum":3361,"expDef":1.174,"expFrag":1.153,"expSpot":1.175,"expDamage":645.460,"expWinRate":55.495},{"IDNum":3377,"expDef":0.753,"expFrag":0.703,"expSpot":2.310,"expDamage":685.847,"expWinRate":51.581},{"IDNum":3393,"expDef":1.952,"expFrag":1.087,"expSpot":0.139,"expDamage":385.535,"expWinRate":52.280},{"IDNum":3409,"expDef":1.504,"expFrag":1.035,"expSpot":0.125,"expDamage":296.461,"expWinRate":55.008},{"IDNum":3425,"expDef":0.807,"expFrag":0.913,"expSpot":1.108,"expDamage":1500.966,"expWinRate":50.604},{"IDNum":3441,"expDef":0.630,"expFrag":0.750,"expSpot":1.039,"expDamage":1211.199,"expWinRate":51.025},{"IDNum":3457,"expDef":1.034,"expFrag":1.059,"expSpot":0.850,"expDamage":538.060,"expWinRate":54.762},{"IDNum":3473,"expDef":0.376,"expFrag":0.924,"expSpot":0.945,"expDamage":2032.180,"expWinRate":50.174},{"IDNum":3489,"expDef":0.527,"expFrag":0.887,"expSpot":0.994,"expDamage":1555.876,"expWinRate":50.992},{"IDNum":3585,"expDef":1.057,"expFrag":1.095,"expSpot":0.727,"expDamage":786.493,"expWinRate":53.440},{"IDNum":3601,"expDef":1.668,"expFrag":1.714,"expSpot":0.867,"expDamage":311.002,"expWinRate":58.018},{"IDNum":3617,"expDef":1.790,"expFrag":0.883,"expSpot":0.116,"expDamage":468.437,"expWinRate":49.683},{"IDNum":3633,"expDef":0.826,"expFrag":0.997,"expSpot":1.084,"expDamage":1050.613,"expWinRate":53.993},{"IDNum":3649,"expDef":0.789,"expFrag":1.061,"expSpot":1.646,"expDamage":1750.138,"expWinRate":48.883},{"IDNum":3665,"expDef":1.077,"expFrag":0.949,"expSpot":1.009,"expDamage":729.548,"expWinRate":52.707},{"IDNum":3681,"expDef":0.670,"expFrag":0.937,"expSpot":1.328,"expDamage":1818.214,"expWinRate":49.982},{"IDNum":3697,"expDef":0.686,"expFrag":0.913,"expSpot":0.942,"expDamage":1082.223,"expWinRate":53.737},{"IDNum":3713,"expDef":1.061,"expFrag":0.954,"expSpot":0.606,"expDamage":760.265,"expWinRate":52.805},{"IDNum":3729,"expDef":0.901,"expFrag":0.898,"expSpot":1.351,"expDamage":618.434,"expWinRate":53.490},{"IDNum":3745,"expDef":0.551,"expFrag":0.879,"expSpot":1.043,"expDamage":1310.342,"expWinRate":51.243},{"IDNum":3841,"expDef":1.371,"expFrag":1.248,"expSpot":0.118,"expDamage":214.769,"expWinRate":55.039},{"IDNum":3857,"expDef":1.064,"expFrag":1.007,"expSpot":0.688,"expDamage":1019.777,"expWinRate":52.762},{"IDNum":3873,"expDef":0.974,"expFrag":0.990,"expSpot":1.083,"expDamage":1107.937,"expWinRate":54.037},{"IDNum":3889,"expDef":0.686,"expFrag":0.659,"expSpot":2.482,"expDamage":824.042,"expWinRate":51.380},{"IDNum":3905,"expDef":0.787,"expFrag":0.944,"expSpot":0.857,"expDamage":1546.057,"expWinRate":49.983},{"IDNum":3921,"expDef":0.813,"expFrag":0.830,"expSpot":1.042,"expDamage":1238.187,"expWinRate":52.267},{"IDNum":3937,"expDef":0.479,"expFrag":0.878,"expSpot":0.783,"expDamage":1939.135,"expWinRate":50.612},{"IDNum":3969,"expDef":1.132,"expFrag":0.949,"expSpot":0.581,"expDamage":963.946,"expWinRate":52.328},{"IDNum":3985,"expDef":0.672,"expFrag":0.941,"expSpot":1.002,"expDamage":812.650,"expWinRate":52.788},{"IDNum":4097,"expDef":0.790,"expFrag":0.876,"expSpot":0.019,"expDamage":1265.407,"expWinRate":51.440},{"IDNum":4113,"expDef":1.039,"expFrag":0.961,"expSpot":1.560,"expDamage":886.351,"expWinRate":53.554},{"IDNum":4129,"expDef":1.472,"expFrag":1.004,"expSpot":0.078,"expDamage":817.187,"expWinRate":51.375},{"IDNum":4145,"expDef":0.659,"expFrag":0.927,"expSpot":1.278,"expDamage":1790.983,"expWinRate":49.851},{"IDNum":4161,"expDef":2.297,"expFrag":1.131,"expSpot":0.100,"expDamage":618.167,"expWinRate":53.009},{"IDNum":4193,"expDef":0.511,"expFrag":0.809,"expSpot":0.698,"expDamage":1489.819,"expWinRate":51.727},{"IDNum":4225,"expDef":0.944,"expFrag":0.908,"expSpot":0.550,"expDamage":1310.044,"expWinRate":50.452},{"IDNum":4241,"expDef":0.696,"expFrag":0.878,"expSpot":1.301,"expDamage":962.371,"expWinRate":52.876},{"IDNum":4257,"expDef":0.780,"expFrag":1.107,"expSpot":0.625,"expDamage":863.532,"expWinRate":52.447},{"IDNum":4353,"expDef":0.893,"expFrag":0.822,"expSpot":1.385,"expDamage":1049.628,"expWinRate":51.810},{"IDNum":4369,"expDef":1.137,"expFrag":1.003,"expSpot":1.884,"expDamage":394.275,"expWinRate":56.284},{"IDNum":4385,"expDef":0.945,"expFrag":0.867,"expSpot":1.156,"expDamage":1232.418,"expWinRate":52.389},{"IDNum":4401,"expDef":1.467,"expFrag":1.278,"expSpot":1.201,"expDamage":339.204,"expWinRate":57.130},{"IDNum":4417,"expDef":0.995,"expFrag":1.007,"expSpot":1.175,"expDamage":496.388,"expWinRate":54.102},{"IDNum":4433,"expDef":0.625,"expFrag":0.848,"expSpot":1.040,"expDamage":1609.494,"expWinRate":51.422},{"IDNum":4449,"expDef":1.100,"expFrag":1.075,"expSpot":0.744,"expDamage":380.962,"expWinRate":53.966},{"IDNum":4481,"expDef":0.936,"expFrag":0.963,"expSpot":0.551,"expDamage":1662.800,"expWinRate":50.435},{"IDNum":4497,"expDef":0.733,"expFrag":0.759,"expSpot":1.002,"expDamage":1074.637,"expWinRate":49.952},{"IDNum":4513,"expDef":0.716,"expFrag":0.935,"expSpot":0.827,"expDamage":1016.236,"expWinRate":54.189},{"IDNum":4609,"expDef":1.794,"expFrag":1.388,"expSpot":1.102,"expDamage":242.316,"expWinRate":57.366},{"IDNum":4625,"expDef":1.727,"expFrag":1.020,"expSpot":0.160,"expDamage":395.015,"expWinRate":53.985},{"IDNum":4641,"expDef":1.619,"expFrag":1.014,"expSpot":0.125,"expDamage":384.859,"expWinRate":53.708},{"IDNum":4657,"expDef":1.176,"expFrag":1.003,"expSpot":1.398,"expDamage":487.765,"expWinRate":53.990},{"IDNum":4673,"expDef":1.521,"expFrag":1.031,"expSpot":0.075,"expDamage":897.786,"expWinRate":52.587},{"IDNum":4689,"expDef":1.200,"expFrag":0.978,"expSpot":0.749,"expDamage":763.108,"expWinRate":54.257},{"IDNum":4705,"expDef":1.083,"expFrag":1.154,"expSpot":0.725,"expDamage":369.888,"expWinRate":54.127},{"IDNum":4721,"expDef":0.729,"expFrag":0.665,"expSpot":2.124,"expDamage":773.731,"expWinRate":52.100},{"IDNum":4737,"expDef":0.858,"expFrag":1.009,"expSpot":0.577,"expDamage":2007.722,"expWinRate":50.399},{"IDNum":4769,"expDef":0.630,"expFrag":0.850,"expSpot":0.847,"expDamage":1285.152,"expWinRate":52.159},{"IDNum":4865,"expDef":1.529,"expFrag":0.983,"expSpot":0.098,"expDamage":542.635,"expWinRate":51.022},{"IDNum":4881,"expDef":1.237,"expFrag":1.217,"expSpot":1.813,"expDamage":376.035,"expWinRate":55.289},{"IDNum":4897,"expDef":1.204,"expFrag":1.281,"expSpot":1.427,"expDamage":330.644,"expWinRate":56.743},{"IDNum":4913,"expDef":0.803,"expFrag":0.731,"expSpot":2.401,"expDamage":495.934,"expWinRate":52.181},{"IDNum":4929,"expDef":0.745,"expFrag":0.755,"expSpot":2.363,"expDamage":961.433,"expWinRate":51.214},{"IDNum":4945,"expDef":1.356,"expFrag":0.899,"expSpot":0.784,"expDamage":354.358,"expWinRate":54.717},{"IDNum":4961,"expDef":0.668,"expFrag":0.798,"expSpot":0.749,"expDamage":1232.677,"expWinRate":52.657},{"IDNum":4977,"expDef":0.744,"expFrag":0.708,"expSpot":2.022,"expDamage":678.731,"expWinRate":51.901},{"IDNum":4993,"expDef":0.706,"expFrag":0.838,"expSpot":1.182,"expDamage":1175.162,"expWinRate":50.985},{"IDNum":5121,"expDef":1.695,"expFrag":1.635,"expSpot":0.431,"expDamage":298.313,"expWinRate":58.306},{"IDNum":5137,"expDef":0.904,"expFrag":0.837,"expSpot":0.944,"expDamage":1233.566,"expWinRate":51.596},{"IDNum":5153,"expDef":1.130,"expFrag":0.817,"expSpot":2.383,"expDamage":317.886,"expWinRate":56.082},{"IDNum":5169,"expDef":1.044,"expFrag":0.961,"expSpot":1.446,"expDamage":700.455,"expWinRate":53.658},{"IDNum":5185,"expDef":0.859,"expFrag":0.762,"expSpot":2.197,"expDamage":671.460,"expWinRate":51.675},{"IDNum":5201,"expDef":1.429,"expFrag":1.373,"expSpot":1.208,"expDamage":241.213,"expWinRate":56.856},{"IDNum":5217,"expDef":0.666,"expFrag":0.957,"expSpot":0.980,"expDamage":1068.574,"expWinRate":54.875},{"IDNum":5249,"expDef":0.711,"expFrag":0.888,"expSpot":1.170,"expDamage":1502.259,"expWinRate":51.116},{"IDNum":5265,"expDef":0.689,"expFrag":0.938,"expSpot":1.628,"expDamage":1815.590,"expWinRate":50.861},{"IDNum":5281,"expDef":0.524,"expFrag":0.990,"expSpot":0.882,"expDamage":2056.075,"expWinRate":52.999},{"IDNum":5377,"expDef":0.806,"expFrag":0.879,"expSpot":1.018,"expDamage":1248.597,"expWinRate":51.792},{"IDNum":5393,"expDef":0.800,"expFrag":0.714,"expSpot":2.370,"expDamage":408.009,"expWinRate":53.619},{"IDNum":5409,"expDef":0.972,"expFrag":0.802,"expSpot":1.983,"expDamage":376.779,"expWinRate":53.856},{"IDNum":5425,"expDef":0.579,"expFrag":0.853,"expSpot":1.350,"expDamage":1789.648,"expWinRate":49.475},{"IDNum":5457,"expDef":1.101,"expFrag":0.931,"expSpot":1.605,"expDamage":861.290,"expWinRate":53.130},{"IDNum":5473,"expDef":0.653,"expFrag":1.045,"expSpot":0.807,"expDamage":817.640,"expWinRate":54.220},{"IDNum":5505,"expDef":0.614,"expFrag":0.949,"expSpot":1.168,"expDamage":1869.970,"expWinRate":50.518},{"IDNum":5537,"expDef":0.590,"expFrag":0.910,"expSpot":0.818,"expDamage":1648.820,"expWinRate":52.502},{"IDNum":5633,"expDef":1.249,"expFrag":1.037,"expSpot":0.063,"expDamage":950.809,"expWinRate":51.669},{"IDNum":5649,"expDef":1.610,"expFrag":1.079,"expSpot":0.100,"expDamage":622.619,"expWinRate":52.841},{"IDNum":5665,"expDef":1.458,"expFrag":1.322,"expSpot":1.565,"expDamage":235.445,"expWinRate":57.255},{"IDNum":5681,"expDef":0.665,"expFrag":0.683,"expSpot":2.476,"expDamage":1017.996,"expWinRate":50.342},{"IDNum":5697,"expDef":0.902,"expFrag":0.990,"expSpot":1.431,"expDamage":1405.137,"expWinRate":50.466},{"IDNum":5713,"expDef":0.799,"expFrag":0.869,"expSpot":1.259,"expDamage":1496.291,"expWinRate":50.991},{"IDNum":5729,"expDef":0.886,"expFrag":1.279,"expSpot":1.162,"expDamage":693.667,"expWinRate":54.753},{"IDNum":5745,"expDef":1.187,"expFrag":0.721,"expSpot":1.163,"expDamage":312.332,"expWinRate":38.691},{"IDNum":5793,"expDef":1.102,"expFrag":1.036,"expSpot":0.799,"expDamage":623.007,"expWinRate":53.586},{"IDNum":5889,"expDef":0.815,"expFrag":0.996,"expSpot":0.842,"expDamage":1061.350,"expWinRate":54.118},{"IDNum":5905,"expDef":1.626,"expFrag":1.007,"expSpot":0.145,"expDamage":353.054,"expWinRate":52.170},{"IDNum":5921,"expDef":1.041,"expFrag":0.828,"expSpot":1.377,"expDamage":1096.849,"expWinRate":51.886},{"IDNum":5937,"expDef":0.620,"expFrag":0.714,"expSpot":2.573,"expDamage":1267.881,"expWinRate":49.079},{"IDNum":5953,"expDef":1.522,"expFrag":1.032,"expSpot":0.889,"expDamage":298.280,"expWinRate":54.152},{"IDNum":5969,"expDef":0.936,"expFrag":0.774,"expSpot":1.255,"expDamage":1084.206,"expWinRate":52.284},{"IDNum":5985,"expDef":1.246,"expFrag":1.472,"expSpot":1.129,"expDamage":274.098,"expWinRate":57.595},{"IDNum":6033,"expDef":0.500,"expFrag":0.957,"expSpot":0.928,"expDamage":1705.009,"expWinRate":52.292},{"IDNum":6049,"expDef":0.653,"expFrag":0.845,"expSpot":0.933,"expDamage":1516.432,"expWinRate":51.234},{"IDNum":6145,"expDef":0.660,"expFrag":0.885,"expSpot":1.090,"expDamage":1879.769,"expWinRate":49.821},{"IDNum":6161,"expDef":1.149,"expFrag":0.864,"expSpot":2.597,"expDamage":347.094,"expWinRate":55.564},{"IDNum":6177,"expDef":1.603,"expFrag":1.877,"expSpot":1.111,"expDamage":277.871,"expWinRate":57.138},{"IDNum":6193,"expDef":0.501,"expFrag":0.874,"expSpot":1.243,"expDamage":1897.380,"expWinRate":49.044},{"IDNum":6209,"expDef":0.681,"expFrag":0.982,"expSpot":0.943,"expDamage":1884.702,"expWinRate":48.045},{"IDNum":6225,"expDef":0.651,"expFrag":0.857,"expSpot":1.024,"expDamage":1825.488,"expWinRate":48.887},{"IDNum":6241,"expDef":0.809,"expFrag":1.170,"expSpot":0.872,"expDamage":1222.354,"expWinRate":55.754},{"IDNum":6257,"expDef":0.729,"expFrag":0.693,"expSpot":2.162,"expDamage":949.797,"expWinRate":52.127},{"IDNum":6401,"expDef":1.611,"expFrag":1.345,"expSpot":0.742,"expDamage":441.372,"expWinRate":56.580},{"IDNum":6417,"expDef":1.057,"expFrag":0.956,"expSpot":1.587,"expDamage":485.563,"expWinRate":54.727},{"IDNum":6433,"expDef":1.372,"expFrag":1.443,"expSpot":1.142,"expDamage":357.657,"expWinRate":57.888},{"IDNum":6449,"expDef":1.389,"expFrag":1.561,"expSpot":0.427,"expDamage":343.757,"expWinRate":58.211},{"IDNum":6465,"expDef":0.760,"expFrag":0.703,"expSpot":2.025,"expDamage":519.482,"expWinRate":51.940},{"IDNum":6481,"expDef":1.069,"expFrag":0.908,"expSpot":1.902,"expDamage":388.760,"expWinRate":55.634},{"IDNum":6497,"expDef":0.776,"expFrag":0.894,"expSpot":0.597,"expDamage":1281.593,"expWinRate":51.167},{"IDNum":6513,"expDef":0.569,"expFrag":1.125,"expSpot":0.557,"expDamage":2173.353,"expWinRate":49.862},{"IDNum":6545,"expDef":0.690,"expFrag":0.963,"expSpot":0.585,"expDamage":825.761,"expWinRate":51.952},{"IDNum":6657,"expDef":1.092,"expFrag":0.929,"expSpot":1.430,"expDamage":851.578,"expWinRate":54.031},{"IDNum":6673,"expDef":1.539,"expFrag":1.372,"expSpot":0.888,"expDamage":391.601,"expWinRate":58.085},{"IDNum":6705,"expDef":1.323,"expFrag":1.442,"expSpot":0.588,"expDamage":422.691,"expWinRate":55.078},{"IDNum":6721,"expDef":1.064,"expFrag":1.173,"expSpot":0.897,"expDamage":666.070,"expWinRate":55.380},{"IDNum":6753,"expDef":0.566,"expFrag":1.004,"expSpot":0.690,"expDamage":1767.114,"expWinRate":52.244},{"IDNum":6769,"expDef":0.795,"expFrag":0.737,"expSpot":2.350,"expDamage":1195.755,"expWinRate":50.069},{"IDNum":6801,"expDef":0.757,"expFrag":1.021,"expSpot":0.440,"expDamage":670.726,"expWinRate":52.605},{"IDNum":6913,"expDef":1.428,"expFrag":1.310,"expSpot":0.811,"expDamage":497.037,"expWinRate":56.128},{"IDNum":6929,"expDef":0.580,"expFrag":0.880,"expSpot":0.821,"expDamage":1853.600,"expWinRate":51.305},{"IDNum":6945,"expDef":1.342,"expFrag":1.127,"expSpot":0.953,"expDamage":587.474,"expWinRate":54.783},{"IDNum":6961,"expDef":1.193,"expFrag":1.363,"expSpot":0.658,"expDamage":572.507,"expWinRate":56.230},{"IDNum":6977,"expDef":0.989,"expFrag":0.893,"expSpot":0.960,"expDamage":1026.500,"expWinRate":53.410},{"IDNum":6993,"expDef":1.051,"expFrag":1.272,"expSpot":0.907,"expDamage":278.199,"expWinRate":55.550},{"IDNum":7009,"expDef":0.970,"expFrag":0.970,"expSpot":0.512,"expDamage":636.234,"expWinRate":52.576},{"IDNum":7025,"expDef":0.546,"expFrag":1.042,"expSpot":1.033,"expDamage":1614.365,"expWinRate":53.578},{"IDNum":7057,"expDef":0.471,"expFrag":0.935,"expSpot":1.097,"expDamage":1975.151,"expWinRate":52.533},{"IDNum":7169,"expDef":0.589,"expFrag":0.856,"expSpot":1.278,"expDamage":1795.555,"expWinRate":49.632},{"IDNum":7185,"expDef":0.913,"expFrag":0.989,"expSpot":1.265,"expDamage":769.036,"expWinRate":54.615},{"IDNum":7201,"expDef":1.108,"expFrag":1.020,"expSpot":0.827,"expDamage":798.402,"expWinRate":53.798},{"IDNum":7217,"expDef":0.935,"expFrag":1.087,"expSpot":0.538,"expDamage":618.885,"expWinRate":54.218},{"IDNum":7233,"expDef":1.256,"expFrag":0.901,"expSpot":0.059,"expDamage":1078.236,"expWinRate":51.494},{"IDNum":7249,"expDef":0.673,"expFrag":0.913,"expSpot":1.336,"expDamage":1822.480,"expWinRate":49.807},{"IDNum":7265,"expDef":0.750,"expFrag":0.970,"expSpot":0.351,"expDamage":833.422,"expWinRate":50.624},{"IDNum":7313,"expDef":0.527,"expFrag":0.922,"expSpot":0.722,"expDamage":1373.522,"expWinRate":51.604},{"IDNum":7425,"expDef":0.787,"expFrag":1.042,"expSpot":0.497,"expDamage":1369.600,"expWinRate":50.585},{"IDNum":7441,"expDef":0.621,"expFrag":0.837,"expSpot":0.909,"expDamage":1518.543,"expWinRate":51.645},{"IDNum":7457,"expDef":0.882,"expFrag":0.859,"expSpot":0.033,"expDamage":1256.107,"expWinRate":51.292},{"IDNum":7473,"expDef":0.887,"expFrag":1.034,"expSpot":0.647,"expDamage":796.319,"expWinRate":53.362},{"IDNum":7489,"expDef":1.075,"expFrag":0.867,"expSpot":0.050,"expDamage":1217.869,"expWinRate":50.918},{"IDNum":7505,"expDef":1.076,"expFrag":1.178,"expSpot":1.730,"expDamage":379.220,"expWinRate":56.810},{"IDNum":7569,"expDef":0.673,"expFrag":1.032,"expSpot":0.653,"expDamage":1069.114,"expWinRate":52.516},{"IDNum":7681,"expDef":1.885,"expFrag":1.209,"expSpot":0.121,"expDamage":441.290,"expWinRate":53.846},{"IDNum":7697,"expDef":0.953,"expFrag":0.999,"expSpot":0.565,"expDamage":1356.810,"expWinRate":51.312},{"IDNum":7713,"expDef":1.483,"expFrag":1.300,"expSpot":0.940,"expDamage":497.200,"expWinRate":56.536},{"IDNum":7729,"expDef":0.898,"expFrag":1.070,"expSpot":0.622,"expDamage":1004.303,"expWinRate":53.263},{"IDNum":7745,"expDef":1.781,"expFrag":1.742,"expSpot":0.707,"expDamage":307.325,"expWinRate":58.183},{"IDNum":7761,"expDef":1.357,"expFrag":1.470,"expSpot":1.839,"expDamage":264.524,"expWinRate":58.252},{"IDNum":7777,"expDef":0.697,"expFrag":0.989,"expSpot":1.117,"expDamage":949.806,"expWinRate":53.337},{"IDNum":7937,"expDef":0.831,"expFrag":0.897,"expSpot":1.546,"expDamage":1386.809,"expWinRate":51.071},{"IDNum":7953,"expDef":0.782,"expFrag":1.014,"expSpot":0.587,"expDamage":1703.191,"expWinRate":50.981},{"IDNum":7969,"expDef":1.086,"expFrag":0.924,"expSpot":0.049,"expDamage":1049.461,"expWinRate":51.897},{"IDNum":7985,"expDef":0.685,"expFrag":0.933,"expSpot":0.464,"expDamage":1296.646,"expWinRate":50.923},{"IDNum":8017,"expDef":1.667,"expFrag":1.326,"expSpot":0.649,"expDamage":438.232,"expWinRate":56.248},{"IDNum":8033,"expDef":0.619,"expFrag":0.972,"expSpot":1.163,"expDamage":749.931,"expWinRate":53.925},{"IDNum":8081,"expDef":0.708,"expFrag":0.918,"expSpot":1.133,"expDamage":1508.811,"expWinRate":50.952},{"IDNum":8193,"expDef":0.783,"expFrag":1.102,"expSpot":0.575,"expDamage":1791.953,"expWinRate":50.656},{"IDNum":8209,"expDef":1.294,"expFrag":0.943,"expSpot":2.389,"expDamage":364.289,"expWinRate":56.637},{"IDNum":8225,"expDef":0.871,"expFrag":0.963,"expSpot":0.564,"expDamage":1328.642,"expWinRate":52.634},{"IDNum":8241,"expDef":0.598,"expFrag":1.039,"expSpot":0.506,"expDamage":1753.501,"expWinRate":51.728},{"IDNum":8257,"expDef":1.705,"expFrag":1.337,"expSpot":0.822,"expDamage":383.023,"expWinRate":56.933},{"IDNum":8273,"expDef":1.559,"expFrag":1.623,"expSpot":1.092,"expDamage":285.250,"expWinRate":57.992},{"IDNum":8289,"expDef":0.542,"expFrag":1.044,"expSpot":0.661,"expDamage":2143.515,"expWinRate":51.636},{"IDNum":8449,"expDef":0.822,"expFrag":0.890,"expSpot":0.024,"expDamage":1488.191,"expWinRate":50.613},{"IDNum":8465,"expDef":0.972,"expFrag":0.810,"expSpot":1.171,"expDamage":1089.254,"expWinRate":51.820},{"IDNum":8481,"expDef":0.622,"expFrag":0.785,"expSpot":0.025,"expDamage":1584.900,"expWinRate":50.006},{"IDNum":8497,"expDef":0.516,"expFrag":1.014,"expSpot":0.664,"expDamage":2047.349,"expWinRate":51.387},{"IDNum":8529,"expDef":1.198,"expFrag":0.960,"expSpot":0.618,"expDamage":1301.433,"expWinRate":52.498},{"IDNum":8545,"expDef":0.634,"expFrag":0.835,"expSpot":1.163,"expDamage":1899.115,"expWinRate":49.156},{"IDNum":8705,"expDef":0.747,"expFrag":0.829,"expSpot":0.032,"expDamage":1591.639,"expWinRate":50.029},{"IDNum":8721,"expDef":0.768,"expFrag":0.860,"expSpot":0.029,"expDamage":1439.410,"expWinRate":50.456},{"IDNum":8737,"expDef":0.549,"expFrag":1.046,"expSpot":0.582,"expDamage":1752.600,"expWinRate":53.412},{"IDNum":8785,"expDef":1.709,"expFrag":1.097,"expSpot":0.747,"expDamage":543.889,"expWinRate":56.924},{"IDNum":8801,"expDef":0.588,"expFrag":0.845,"expSpot":1.101,"expDamage":1656.386,"expWinRate":51.799},{"IDNum":8961,"expDef":1.032,"expFrag":0.915,"expSpot":1.455,"expDamage":834.085,"expWinRate":54.484},{"IDNum":8977,"expDef":1.028,"expFrag":0.947,"expSpot":0.042,"expDamage":1101.585,"expWinRate":51.219},{"IDNum":8993,"expDef":0.773,"expFrag":0.910,"expSpot":1.330,"expDamage":1483.476,"expWinRate":50.838},{"IDNum":9009,"expDef":0.460,"expFrag":0.886,"expSpot":1.172,"expDamage":1979.637,"expWinRate":49.973},{"IDNum":9041,"expDef":1.571,"expFrag":1.199,"expSpot":1.135,"expDamage":459.070,"expWinRate":56.484},{"IDNum":9057,"expDef":0.647,"expFrag":0.906,"expSpot":1.069,"expDamage":1127.703,"expWinRate":53.174},{"IDNum":9217,"expDef":0.789,"expFrag":0.972,"expSpot":1.090,"expDamage":1277.082,"expWinRate":52.322},{"IDNum":9233,"expDef":0.631,"expFrag":0.833,"expSpot":0.027,"expDamage":1604.678,"expWinRate":50.092},{"IDNum":9249,"expDef":1.116,"expFrag":1.023,"expSpot":0.748,"expDamage":1018.000,"expWinRate":53.198},{"IDNum":9265,"expDef":0.460,"expFrag":0.819,"expSpot":1.221,"expDamage":1602.780,"expWinRate":51.730},{"IDNum":9297,"expDef":0.484,"expFrag":1.050,"expSpot":0.486,"expDamage":1940.100,"expWinRate":49.355},{"IDNum":9313,"expDef":0.628,"expFrag":0.821,"expSpot":0.920,"expDamage":1345.813,"expWinRate":51.390},{"IDNum":9473,"expDef":1.112,"expFrag":0.820,"expSpot":2.493,"expDamage":382.368,"expWinRate":55.039},{"IDNum":9489,"expDef":0.496,"expFrag":0.888,"expSpot":0.908,"expDamage":1875.544,"expWinRate":49.980},{"IDNum":9505,"expDef":0.729,"expFrag":0.846,"expSpot":1.073,"expDamage":1519.495,"expWinRate":50.756},{"IDNum":9521,"expDef":0.528,"expFrag":0.727,"expSpot":1.110,"expDamage":1217.860,"expWinRate":51.366},{"IDNum":9553,"expDef":1.367,"expFrag":1.013,"expSpot":0.673,"expDamage":762.566,"expWinRate":55.791},{"IDNum":9745,"expDef":0.704,"expFrag":0.868,"expSpot":0.956,"expDamage":1556.454,"expWinRate":51.468},{"IDNum":9761,"expDef":0.749,"expFrag":0.638,"expSpot":2.610,"expDamage":398.735,"expWinRate":53.390},{"IDNum":9777,"expDef":0.642,"expFrag":0.880,"expSpot":1.161,"expDamage":1082.732,"expWinRate":54.258},{"IDNum":9793,"expDef":1.132,"expFrag":1.232,"expSpot":0.558,"expDamage":463.495,"expWinRate":55.465},{"IDNum":9809,"expDef":1.074,"expFrag":0.935,"expSpot":0.410,"expDamage":757.461,"expWinRate":52.836},{"IDNum":9985,"expDef":0.875,"expFrag":0.900,"expSpot":0.818,"expDamage":1245.972,"expWinRate":51.542},{"IDNum":10001,"expDef":0.675,"expFrag":0.639,"expSpot":2.430,"expDamage":483.340,"expWinRate":52.294},{"IDNum":10017,"expDef":1.121,"expFrag":0.980,"expSpot":1.139,"expDamage":692.370,"expWinRate":54.353},{"IDNum":10049,"expDef":1.350,"expFrag":1.180,"expSpot":0.712,"expDamage":613.404,"expWinRate":53.871},{"IDNum":10065,"expDef":1.289,"expFrag":1.029,"expSpot":0.652,"expDamage":1071.653,"expWinRate":55.303},{"IDNum":10241,"expDef":1.076,"expFrag":1.004,"expSpot":0.867,"expDamage":1005.965,"expWinRate":53.579},{"IDNum":10257,"expDef":0.741,"expFrag":0.909,"expSpot":1.262,"expDamage":1527.787,"expWinRate":51.148},{"IDNum":10273,"expDef":1.543,"expFrag":1.177,"expSpot":1.171,"expDamage":483.096,"expWinRate":56.519},{"IDNum":10289,"expDef":0.540,"expFrag":0.875,"expSpot":1.005,"expDamage":1677.259,"expWinRate":51.291},{"IDNum":10497,"expDef":0.644,"expFrag":1.050,"expSpot":0.706,"expDamage":814.846,"expWinRate":53.434},{"IDNum":10513,"expDef":0.917,"expFrag":0.856,"expSpot":1.168,"expDamage":1211.712,"expWinRate":52.011},{"IDNum":10529,"expDef":1.393,"expFrag":1.144,"expSpot":1.356,"expDamage":593.364,"expWinRate":54.167},{"IDNum":10577,"expDef":1.168,"expFrag":1.250,"expSpot":0.187,"expDamage":192.305,"expWinRate":56.419},{"IDNum":10753,"expDef":0.677,"expFrag":0.868,"expSpot":0.921,"expDamage":1557.714,"expWinRate":51.741},{"IDNum":10769,"expDef":1.029,"expFrag":0.917,"expSpot":0.948,"expDamage":1038.380,"expWinRate":54.045},{"IDNum":10785,"expDef":0.669,"expFrag":0.887,"expSpot":1.225,"expDamage":1861.135,"expWinRate":49.234},{"IDNum":10817,"expDef":1.093,"expFrag":0.909,"expSpot":0.682,"expDamage":976.706,"expWinRate":53.108},{"IDNum":10833,"expDef":1.787,"expFrag":0.969,"expSpot":0.094,"expDamage":357.174,"expWinRate":54.294},{"IDNum":11009,"expDef":0.825,"expFrag":0.828,"expSpot":0.817,"expDamage":1204.898,"expWinRate":52.530},{"IDNum":11025,"expDef":0.990,"expFrag":0.986,"expSpot":0.464,"expDamage":1005.878,"expWinRate":51.033},{"IDNum":11041,"expDef":1.182,"expFrag":0.933,"expSpot":0.888,"expDamage":964.526,"expWinRate":53.144},{"IDNum":11073,"expDef":0.801,"expFrag":1.064,"expSpot":0.823,"expDamage":1665.530,"expWinRate":51.752},{"IDNum":11089,"expDef":1.534,"expFrag":1.110,"expSpot":0.103,"expDamage":599.623,"expWinRate":55.055},{"IDNum":11265,"expDef":0.843,"expFrag":1.004,"expSpot":0.915,"expDamage":802.580,"expWinRate":54.525},{"IDNum":11281,"expDef":1.553,"expFrag":1.281,"expSpot":0.781,"expDamage":497.006,"expWinRate":55.919},{"IDNum":11297,"expDef":0.927,"expFrag":0.937,"expSpot":0.529,"expDamage":1307.725,"expWinRate":51.343},{"IDNum":11345,"expDef":1.559,"expFrag":0.882,"expSpot":0.061,"expDamage":929.800,"expWinRate":52.529},{"IDNum":11521,"expDef":0.703,"expFrag":0.846,"expSpot":1.186,"expDamage":1495.347,"expWinRate":50.553},{"IDNum":11537,"expDef":0.903,"expFrag":0.990,"expSpot":0.686,"expDamage":1346.507,"expWinRate":50.811},{"IDNum":11553,"expDef":1.182,"expFrag":1.017,"expSpot":1.222,"expDamage":784.216,"expWinRate":53.300},{"IDNum":11585,"expDef":1.075,"expFrag":0.953,"expSpot":0.623,"expDamage":746.692,"expWinRate":52.716},{"IDNum":11601,"expDef":0.863,"expFrag":0.829,"expSpot":0.026,"expDamage":1399.944,"expWinRate":50.972},{"IDNum":11777,"expDef":1.114,"expFrag":1.171,"expSpot":0.876,"expDamage":637.003,"expWinRate":55.028},{"IDNum":11793,"expDef":1.152,"expFrag":1.023,"expSpot":0.567,"expDamage":813.644,"expWinRate":51.196},{"IDNum":11809,"expDef":1.184,"expFrag":0.969,"expSpot":1.576,"expDamage":865.153,"expWinRate":52.586},{"IDNum":11841,"expDef":0.990,"expFrag":0.914,"expSpot":0.051,"expDamage":1547.626,"expWinRate":50.002},{"IDNum":11857,"expDef":1.860,"expFrag":0.989,"expSpot":0.150,"expDamage":762.315,"expWinRate":53.703},{"IDNum":12049,"expDef":0.430,"expFrag":0.993,"expSpot":0.580,"expDamage":1997.926,"expWinRate":51.220},{"IDNum":12097,"expDef":0.946,"expFrag":0.943,"expSpot":0.707,"expDamage":1268.027,"expWinRate":51.080},{"IDNum":12113,"expDef":0.897,"expFrag":0.842,"expSpot":0.027,"expDamage":1157.316,"expWinRate":51.249},{"IDNum":12289,"expDef":1.099,"expFrag":1.002,"expSpot":1.814,"expDamage":682.160,"expWinRate":54.348},{"IDNum":12305,"expDef":0.691,"expFrag":0.905,"expSpot":1.311,"expDamage":1807.936,"expWinRate":49.749},{"IDNum":12369,"expDef":0.749,"expFrag":0.744,"expSpot":0.021,"expDamage":1624.426,"expWinRate":50.715},{"IDNum":12545,"expDef":0.850,"expFrag":0.927,"expSpot":1.553,"expDamage":891.743,"expWinRate":53.255},{"IDNum":12561,"expDef":1.387,"expFrag":1.153,"expSpot":2.670,"expDamage":263.509,"expWinRate":55.477},{"IDNum":12577,"expDef":0.962,"expFrag":0.971,"expSpot":1.752,"expDamage":522.412,"expWinRate":55.052},{"IDNum":12817,"expDef":1.516,"expFrag":1.275,"expSpot":1.777,"expDamage":273.069,"expWinRate":54.000},{"IDNum":12881,"expDef":0.962,"expFrag":0.993,"expSpot":1.398,"expDamage":496.461,"expWinRate":54.554},{"IDNum":13073,"expDef":1.455,"expFrag":0.984,"expSpot":1.593,"expDamage":305.240,"expWinRate":56.467},{"IDNum":13089,"expDef":0.520,"expFrag":0.961,"expSpot":0.727,"expDamage":1978.094,"expWinRate":50.246},{"IDNum":13121,"expDef":1.514,"expFrag":1.326,"expSpot":1.097,"expDamage":420.771,"expWinRate":59.610},{"IDNum":13137,"expDef":0.780,"expFrag":0.985,"expSpot":0.518,"expDamage":1605.589,"expWinRate":50.466},{"IDNum":13313,"expDef":0.898,"expFrag":0.875,"expSpot":1.185,"expDamage":1129.777,"expWinRate":50.742},{"IDNum":13329,"expDef":1.217,"expFrag":1.183,"expSpot":1.099,"expDamage":436.321,"expWinRate":55.509},{"IDNum":13345,"expDef":0.932,"expFrag":0.840,"expSpot":1.058,"expDamage":1128.343,"expWinRate":51.197},{"IDNum":13393,"expDef":1.464,"expFrag":1.061,"expSpot":0.538,"expDamage":584.521,"expWinRate":54.140},{"IDNum":13569,"expDef":0.656,"expFrag":1.039,"expSpot":0.685,"expDamage":2023.586,"expWinRate":49.245},{"IDNum":13585,"expDef":1.234,"expFrag":1.067,"expSpot":1.599,"expDamage":390.042,"expWinRate":56.820},{"IDNum":13825,"expDef":0.786,"expFrag":0.942,"expSpot":1.376,"expDamage":1726.024,"expWinRate":48.964},{"IDNum":13841,"expDef":1.001,"expFrag":0.819,"expSpot":1.074,"expDamage":1112.114,"expWinRate":50.946},{"IDNum":13857,"expDef":0.447,"expFrag":0.967,"expSpot":0.673,"expDamage":2021.234,"expWinRate":51.828},{"IDNum":13889,"expDef":0.613,"expFrag":1.047,"expSpot":0.721,"expDamage":1968.254,"expWinRate":50.343},{"IDNum":13905,"expDef":0.381,"expFrag":1.072,"expSpot":0.360,"expDamage":1878.567,"expWinRate":50.108},{"IDNum":14097,"expDef":1.118,"expFrag":0.972,"expSpot":1.600,"expDamage":702.784,"expWinRate":54.310},{"IDNum":14113,"expDef":0.681,"expFrag":0.911,"expSpot":1.235,"expDamage":1788.770,"expWinRate":49.508},{"IDNum":14145,"expDef":0.801,"expFrag":0.654,"expSpot":2.384,"expDamage":401.215,"expWinRate":53.149},{"IDNum":14161,"expDef":1.001,"expFrag":1.024,"expSpot":0.774,"expDamage":1034.515,"expWinRate":52.911},{"IDNum":14353,"expDef":0.732,"expFrag":0.610,"expSpot":2.015,"expDamage":659.954,"expWinRate":51.513},{"IDNum":14401,"expDef":1.007,"expFrag":0.849,"expSpot":0.036,"expDamage":1367.548,"expWinRate":50.485},{"IDNum":14417,"expDef":1.124,"expFrag":0.984,"expSpot":0.829,"expDamage":763.360,"expWinRate":52.726},{"IDNum":14609,"expDef":0.752,"expFrag":0.955,"expSpot":1.097,"expDamage":1874.252,"expWinRate":48.861},{"IDNum":14625,"expDef":1.036,"expFrag":0.913,"expSpot":1.215,"expDamage":1132.794,"expWinRate":51.047},{"IDNum":14657,"expDef":1.528,"expFrag":0.998,"expSpot":0.100,"expDamage":385.712,"expWinRate":54.349},{"IDNum":14673,"expDef":0.901,"expFrag":0.935,"expSpot":0.674,"expDamage":1292.366,"expWinRate":51.000},{"IDNum":14865,"expDef":0.834,"expFrag":0.941,"expSpot":1.077,"expDamage":1575.522,"expWinRate":50.331},{"IDNum":14881,"expDef":0.589,"expFrag":1.005,"expSpot":0.820,"expDamage":1945.351,"expWinRate":48.538},{"IDNum":14913,"expDef":1.185,"expFrag":0.945,"expSpot":0.925,"expDamage":389.008,"expWinRate":54.975},{"IDNum":15105,"expDef":1.604,"expFrag":1.229,"expSpot":1.317,"expDamage":328.165,"expWinRate":56.464},{"IDNum":15121,"expDef":0.774,"expFrag":0.936,"expSpot":0.128,"expDamage":212.732,"expWinRate":54.536},{"IDNum":15137,"expDef":0.722,"expFrag":0.633,"expSpot":2.156,"expDamage":498.469,"expWinRate":52.561},{"IDNum":15169,"expDef":1.684,"expFrag":1.151,"expSpot":0.798,"expDamage":266.853,"expWinRate":56.414},{"IDNum":15361,"expDef":1.700,"expFrag":1.303,"expSpot":1.331,"expDamage":236.847,"expWinRate":58.456},{"IDNum":15377,"expDef":0.787,"expFrag":0.815,"expSpot":0.023,"expDamage":1190.972,"expWinRate":51.360},{"IDNum":15393,"expDef":0.763,"expFrag":1.026,"expSpot":0.924,"expDamage":1564.661,"expWinRate":50.353},{"IDNum":15425,"expDef":0.786,"expFrag":0.919,"expSpot":1.319,"expDamage":1736.708,"expWinRate":49.419},{"IDNum":15441,"expDef":0.866,"expFrag":0.774,"expSpot":1.141,"expDamage":1090.417,"expWinRate":51.092},{"IDNum":15617,"expDef":0.752,"expFrag":1.069,"expSpot":1.459,"expDamage":1904.867,"expWinRate":51.811},{"IDNum":15633,"expDef":1.566,"expFrag":1.057,"expSpot":0.088,"expDamage":407.856,"expWinRate":54.666},{"IDNum":15649,"expDef":0.716,"expFrag":0.741,"expSpot":2.363,"expDamage":697.538,"expWinRate":51.244},{"IDNum":15681,"expDef":0.807,"expFrag":0.922,"expSpot":1.374,"expDamage":1507.120,"expWinRate":50.709},{"IDNum":15697,"expDef":0.525,"expFrag":0.875,"expSpot":1.025,"expDamage":1950.313,"expWinRate":49.487},{"IDNum":15873,"expDef":1.360,"expFrag":0.940,"expSpot":1.493,"expDamage":330.921,"expWinRate":55.836},{"IDNum":15889,"expDef":1.026,"expFrag":0.952,"expSpot":1.319,"expDamage":726.985,"expWinRate":53.318},{"IDNum":15905,"expDef":0.706,"expFrag":0.913,"expSpot":1.303,"expDamage":1818.233,"expWinRate":49.934},{"IDNum":15937,"expDef":2.015,"expFrag":1.367,"expSpot":0.920,"expDamage":266.063,"expWinRate":58.812},{"IDNum":15953,"expDef":0.579,"expFrag":0.969,"expSpot":0.734,"expDamage":1968.842,"expWinRate":51.984},{"IDNum":16129,"expDef":0.923,"expFrag":0.890,"expSpot":0.034,"expDamage":967.441,"expWinRate":52.416},{"IDNum":16145,"expDef":1.113,"expFrag":1.077,"expSpot":0.673,"expDamage":591.236,"expWinRate":52.571},{"IDNum":16161,"expDef":0.980,"expFrag":0.808,"expSpot":0.029,"expDamage":1425.984,"expWinRate":50.832},{"IDNum":16209,"expDef":0.915,"expFrag":0.947,"expSpot":1.474,"expDamage":566.263,"expWinRate":54.335},{"IDNum":16385,"expDef":1.261,"expFrag":1.042,"expSpot":0.081,"expDamage":575.257,"expWinRate":53.815},{"IDNum":16401,"expDef":0.838,"expFrag":1.033,"expSpot":0.478,"expDamage":1700.179,"expWinRate":50.276},{"IDNum":16417,"expDef":1.353,"expFrag":0.997,"expSpot":0.054,"expDamage":803.299,"expWinRate":53.323},{"IDNum":16449,"expDef":0.638,"expFrag":0.763,"expSpot":0.713,"expDamage":1192.664,"expWinRate":51.505},{"IDNum":16641,"expDef":0.828,"expFrag":0.677,"expSpot":2.610,"expDamage":466.050,"expWinRate":52.814},{"IDNum":16657,"expDef":0.926,"expFrag":1.052,"expSpot":0.427,"expDamage":1407.098,"expWinRate":50.757},{"IDNum":16673,"expDef":0.771,"expFrag":0.628,"expSpot":2.254,"expDamage":521.345,"expWinRate":52.304},{"IDNum":16705,"expDef":0.534,"expFrag":0.866,"expSpot":1.126,"expDamage":1669.362,"expWinRate":52.111},{"IDNum":16897,"expDef":0.789,"expFrag":0.952,"expSpot":1.378,"expDamage":1752.557,"expWinRate":49.470},{"IDNum":16913,"expDef":0.760,"expFrag":1.268,"expSpot":0.476,"expDamage":2134.581,"expWinRate":48.800},{"IDNum":16961,"expDef":0.471,"expFrag":0.875,"expSpot":1.134,"expDamage":1999.684,"expWinRate":49.598},{"IDNum":17169,"expDef":1.089,"expFrag":1.283,"expSpot":1.301,"expDamage":359.862,"expWinRate":57.639},{"IDNum":17217,"expDef":0.573,"expFrag":0.784,"expSpot":2.500,"expDamage":1294.527,"expWinRate":49.111},{"IDNum":17425,"expDef":0.972,"expFrag":1.017,"expSpot":1.324,"expDamage":410.139,"expWinRate":55.613},{"IDNum":17473,"expDef":0.814,"expFrag":0.704,"expSpot":2.543,"expDamage":779.400,"expWinRate":51.242},{"IDNum":17665,"expDef":0.802,"expFrag":0.923,"expSpot":1.288,"expDamage":1440.998,"expWinRate":51.247},{"IDNum":17729,"expDef":0.590,"expFrag":1.105,"expSpot":0.713,"expDamage":1952.844,"expWinRate":51.189},{"IDNum":17937,"expDef":1.192,"expFrag":1.269,"expSpot":0.754,"expDamage":491.875,"expWinRate":55.614},{"IDNum":17953,"expDef":0.825,"expFrag":0.735,"expSpot":2.498,"expDamage":777.003,"expWinRate":51.972},{"IDNum":17985,"expDef":0.753,"expFrag":0.726,"expSpot":2.302,"expDamage":486.972,"expWinRate":53.484},{"IDNum":18177,"expDef":0.689,"expFrag":0.698,"expSpot":2.583,"expDamage":987.125,"expWinRate":51.117},{"IDNum":18193,"expDef":0.971,"expFrag":1.035,"expSpot":1.240,"expDamage":507.129,"expWinRate":54.286},{"IDNum":18209,"expDef":0.634,"expFrag":0.665,"expSpot":2.399,"expDamage":976.788,"expWinRate":50.603},{"IDNum":18241,"expDef":0.758,"expFrag":0.726,"expSpot":2.673,"expDamage":645.475,"expWinRate":53.088},{"IDNum":18433,"expDef":0.866,"expFrag":0.705,"expSpot":2.621,"expDamage":767.946,"expWinRate":52.559},{"IDNum":18449,"expDef":0.751,"expFrag":0.682,"expSpot":2.705,"expDamage":957.308,"expWinRate":51.225},{"IDNum":18465,"expDef":1.451,"expFrag":0.886,"expSpot":0.093,"expDamage":286.045,"expWinRate":53.429},{"IDNum":18497,"expDef":0.773,"expFrag":0.653,"expSpot":2.702,"expDamage":789.323,"expWinRate":51.509},{"IDNum":18689,"expDef":1.010,"expFrag":1.192,"expSpot":1.271,"expDamage":716.059,"expWinRate":56.707},{"IDNum":18705,"expDef":0.553,"expFrag":0.863,"expSpot":0.714,"expDamage":1575.160,"expWinRate":52.349},{"IDNum":18721,"expDef":1.261,"expFrag":0.972,"expSpot":0.105,"expDamage":398.181,"expWinRate":54.564},{"IDNum":18753,"expDef":0.970,"expFrag":0.729,"expSpot":3.499,"expDamage":939.760,"expWinRate":53.242},{"IDNum":18961,"expDef":0.744,"expFrag":0.686,"expSpot":2.064,"expDamage":731.842,"expWinRate":51.293},{"IDNum":19009,"expDef":0.808,"expFrag":0.742,"expSpot":3.738,"expDamage":1217.139,"expWinRate":50.897},{"IDNum":19201,"expDef":0.739,"expFrag":0.753,"expSpot":3.119,"expDamage":1191.433,"expWinRate":50.720},{"IDNum":19217,"expDef":0.577,"expFrag":1.028,"expSpot":0.528,"expDamage":1986.013,"expWinRate":49.656},{"IDNum":19281,"expDef":0.797,"expFrag":0.894,"expSpot":1.171,"expDamage":1825.362,"expWinRate":49.188},{"IDNum":19457,"expDef":0.830,"expFrag":0.816,"expSpot":2.324,"expDamage":685.813,"expWinRate":52.159},{"IDNum":19473,"expDef":0.460,"expFrag":0.876,"expSpot":0.969,"expDamage":1952.021,"expWinRate":50.643},{"IDNum":19489,"expDef":0.556,"expFrag":0.712,"expSpot":2.554,"expDamage":1286.118,"expWinRate":48.617},{"IDNum":19537,"expDef":0.819,"expFrag":0.883,"expSpot":1.353,"expDamage":1547.675,"expWinRate":51.380},{"IDNum":19713,"expDef":0.572,"expFrag":0.860,"expSpot":1.107,"expDamage":1517.498,"expWinRate":52.002},{"IDNum":19729,"expDef":0.582,"expFrag":0.832,"expSpot":0.774,"expDamage":1247.762,"expWinRate":53.179},{"IDNum":19745,"expDef":0.785,"expFrag":0.746,"expSpot":2.791,"expDamage":642.575,"expWinRate":51.918},{"IDNum":19793,"expDef":0.953,"expFrag":0.801,"expSpot":1.380,"expDamage":1108.876,"expWinRate":50.507},{"IDNum":19969,"expDef":0.572,"expFrag":0.941,"expSpot":1.305,"expDamage":1825.392,"expWinRate":50.356},{"IDNum":19985,"expDef":0.677,"expFrag":0.705,"expSpot":2.909,"expDamage":1251.696,"expWinRate":49.613},{"IDNum":20049,"expDef":1.086,"expFrag":0.974,"expSpot":1.769,"expDamage":606.829,"expWinRate":54.380},{"IDNum":20225,"expDef":0.436,"expFrag":0.942,"expSpot":1.195,"expDamage":1983.255,"expWinRate":52.509},{"IDNum":20241,"expDef":0.745,"expFrag":0.668,"expSpot":2.769,"expDamage":800.689,"expWinRate":51.866},{"IDNum":20257,"expDef":0.809,"expFrag":1.155,"expSpot":1.259,"expDamage":533.768,"expWinRate":55.446},{"IDNum":20305,"expDef":1.064,"expFrag":0.937,"expSpot":1.739,"expDamage":732.909,"expWinRate":53.115},{"IDNum":20481,"expDef":0.536,"expFrag":0.803,"expSpot":0.857,"expDamage":1219.994,"expWinRate":52.077},{"IDNum":20513,"expDef":0.628,"expFrag":0.905,"expSpot":1.308,"expDamage":856.451,"expWinRate":53.510},{"IDNum":20561,"expDef":1.144,"expFrag":0.943,"expSpot":1.775,"expDamage":897.894,"expWinRate":54.159},{"IDNum":20737,"expDef":0.481,"expFrag":0.854,"expSpot":0.963,"expDamage":1572.270,"expWinRate":52.088},{"IDNum":20769,"expDef":0.729,"expFrag":0.897,"expSpot":1.158,"expDamage":1075.457,"expWinRate":53.550},{"IDNum":20993,"expDef":0.381,"expFrag":0.863,"expSpot":1.045,"expDamage":1912.868,"expWinRate":49.913},{"IDNum":21025,"expDef":0.659,"expFrag":0.799,"expSpot":1.121,"expDamage":1230.526,"expWinRate":51.797},{"IDNum":21073,"expDef":0.809,"expFrag":0.699,"expSpot":2.193,"expDamage":492.561,"expWinRate":53.357},{"IDNum":21249,"expDef":0.606,"expFrag":0.934,"expSpot":0.899,"expDamage":1638.230,"expWinRate":51.779},{"IDNum":21281,"expDef":0.645,"expFrag":0.790,"expSpot":1.023,"expDamage":1491.632,"expWinRate":51.036},{"IDNum":21505,"expDef":0.662,"expFrag":0.978,"expSpot":1.292,"expDamage":1574.276,"expWinRate":51.959},{"IDNum":21537,"expDef":0.617,"expFrag":0.876,"expSpot":1.170,"expDamage":1919.269,"expWinRate":49.803},{"IDNum":21585,"expDef":0.839,"expFrag":0.875,"expSpot":0.804,"expDamage":1512.259,"expWinRate":51.636},{"IDNum":21761,"expDef":0.785,"expFrag":1.005,"expSpot":1.101,"expDamage":1813.074,"expWinRate":49.839},{"IDNum":21841,"expDef":0.544,"expFrag":0.900,"expSpot":1.123,"expDamage":2069.206,"expWinRate":50.590},{"IDNum":22017,"expDef":0.459,"expFrag":0.849,"expSpot":1.450,"expDamage":1875.972,"expWinRate":49.385},{"IDNum":22273,"expDef":0.540,"expFrag":0.933,"expSpot":0.907,"expDamage":1919.499,"expWinRate":50.147},{"IDNum":22529,"expDef":0.536,"expFrag":0.894,"expSpot":1.086,"expDamage":1574.455,"expWinRate":51.701},{"IDNum":22785,"expDef":0.583,"expFrag":0.836,"expSpot":0.845,"expDamage":1231.470,"expWinRate":51.839},{"IDNum":22801,"expDef":0.567,"expFrag":0.871,"expSpot":1.332,"expDamage":1889.014,"expWinRate":49.857},{"IDNum":22865,"expDef":0.765,"expFrag":0.941,"expSpot":1.038,"expDamage":1174.503,"expWinRate":53.424},{"IDNum":23041,"expDef":1.193,"expFrag":1.061,"expSpot":1.867,"expDamage":379.899,"expWinRate":54.136},{"IDNum":23057,"expDef":0.522,"expFrag":0.851,"expSpot":0.782,"expDamage":1689.158,"expWinRate":51.760},{"IDNum":23121,"expDef":0.659,"expFrag":0.805,"expSpot":0.998,"expDamage":1279.198,"expWinRate":51.754},{"IDNum":23377,"expDef":0.542,"expFrag":0.869,"expSpot":1.042,"expDamage":1684.706,"expWinRate":52.266},{"IDNum":25617,"expDef":0.515,"expFrag":0.798,"expSpot":2.560,"expDamage":579.844,"expWinRate":53.047},{"IDNum":25873,"expDef":0.946,"expFrag":0.897,"expSpot":0.609,"expDamage":1531.731,"expWinRate":50.134},{"IDNum":26129,"expDef":0.678,"expFrag":0.677,"expSpot":2.324,"expDamage":920.993,"expWinRate":51.616},{"IDNum":26641,"expDef":0.786,"expFrag":1.035,"expSpot":1.118,"expDamage":1787.801,"expWinRate":51.994},{"IDNum":27153,"expDef":0.625,"expFrag":0.881,"expSpot":1.104,"expDamage":1528.659,"expWinRate":51.899},{"IDNum":27409,"expDef":0.779,"expFrag":0.908,"expSpot":1.124,"expDamage":1109.476,"expWinRate":54.977},{"IDNum":27665,"expDef":0.611,"expFrag":0.978,"expSpot":2.214,"expDamage":600.197,"expWinRate":53.795},{"IDNum":27905,"expDef":0.659,"expFrag":1.035,"expSpot":0.414,"expDamage":1468.908,"expWinRate":50.930},{"IDNum":27921,"expDef":0.884,"expFrag":0.897,"expSpot":1.163,"expDamage":586.335,"expWinRate":53.644},{"IDNum":29201,"expDef":1.153,"expFrag":1.167,"expSpot":1.506,"expDamage":727.936,"expWinRate":56.565},{"IDNum":29441,"expDef":0.713,"expFrag":1.098,"expSpot":0.479,"expDamage":618.183,"expWinRate":51.323},{"IDNum":29697,"expDef":0.354,"expFrag":0.863,"expSpot":0.942,"expDamage":1390.954,"expWinRate":53.640},{"IDNum":29953,"expDef":0.523,"expFrag":0.631,"expSpot":2.573,"expDamage":885.645,"expWinRate":54.492},{"IDNum":30225,"expDef":0.979,"expFrag":0.989,"expSpot":1.551,"expDamage":1240.449,"expWinRate":52.381},{"IDNum":30465,"expDef":0.633,"expFrag":0.996,"expSpot":1.016,"expDamage":1792.324,"expWinRate":53.452},{"IDNum":30737,"expDef":0.600,"expFrag":1.302,"expSpot":0.321,"expDamage":2239.935,"expWinRate":51.322},{"IDNum":30977,"expDef":0.761,"expFrag":0.918,"expSpot":1.254,"expDamage":1465.731,"expWinRate":52.051},{"IDNum":31233,"expDef":0.581,"expFrag":0.992,"expSpot":0.896,"expDamage":1103.843,"expWinRate":53.640},{"IDNum":31745,"expDef":0.499,"expFrag":0.974,"expSpot":0.333,"expDamage":1344.331,"expWinRate":50.621},{"IDNum":32001,"expDef":0.515,"expFrag":0.888,"expSpot":1.158,"expDamage":1991.594,"expWinRate":49.095},{"IDNum":32065,"expDef":0.683,"expFrag":0.803,"expSpot":1.519,"expDamage":1211.624,"expWinRate":51.307},{"IDNum":32257,"expDef":0.651,"expFrag":0.832,"expSpot":1.152,"expDamage":1204.600,"expWinRate":50.632},{"IDNum":32289,"expDef":1.019,"expFrag":0.864,"expSpot":1.877,"expDamage":329.154,"expWinRate":58.909},{"IDNum":32321,"expDef":0.569,"expFrag":0.694,"expSpot":2.498,"expDamage":1063.215,"expWinRate":51.409},{"IDNum":32513,"expDef":0.404,"expFrag":0.887,"expSpot":1.046,"expDamage":1207.389,"expWinRate":50.147},{"IDNum":32545,"expDef":0.634,"expFrag":0.963,"expSpot":0.775,"expDamage":1409.988,"expWinRate":52.066},{"IDNum":32769,"expDef":0.825,"expFrag":0.969,"expSpot":1.017,"expDamage":1555.848,"expWinRate":51.656},{"IDNum":32801,"expDef":0.713,"expFrag":0.834,"expSpot":1.320,"expDamage":1337.818,"expWinRate":52.918},{"IDNum":33025,"expDef":0.820,"expFrag":1.069,"expSpot":0.945,"expDamage":709.347,"expWinRate":54.854},{"IDNum":33041,"expDef":0.900,"expFrag":0.931,"expSpot":0.455,"expDamage":1593.947,"expWinRate":50.270},{"IDNum":33057,"expDef":0.622,"expFrag":0.811,"expSpot":1.253,"expDamage":1269.883,"expWinRate":51.875},{"IDNum":33281,"expDef":0.796,"expFrag":0.779,"expSpot":1.706,"expDamage":385.962,"expWinRate":53.338},{"IDNum":33313,"expDef":0.573,"expFrag":0.784,"expSpot":1.065,"expDamage":1479.541,"expWinRate":51.497},{"IDNum":33537,"expDef":0.327,"expFrag":0.898,"expSpot":1.216,"expDamage":1287.386,"expWinRate":54.484},{"IDNum":33569,"expDef":0.741,"expFrag":0.946,"expSpot":0.770,"expDamage":1630.128,"expWinRate":51.461},{"IDNum":33793,"expDef":0.793,"expFrag":0.918,"expSpot":1.209,"expDamage":1435.927,"expWinRate":52.251},{"IDNum":34081,"expDef":0.630,"expFrag":0.977,"expSpot":0.996,"expDamage":1334.334,"expWinRate":50.871},{"IDNum":34305,"expDef":0.852,"expFrag":0.877,"expSpot":1.229,"expDamage":606.059,"expWinRate":52.033},{"IDNum":34337,"expDef":0.765,"expFrag":1.034,"expSpot":0.756,"expDamage":1614.646,"expWinRate":51.046},{"IDNum":34561,"expDef":0.537,"expFrag":0.837,"expSpot":0.971,"expDamage":1301.849,"expWinRate":54.187},{"IDNum":34593,"expDef":0.827,"expFrag":1.044,"expSpot":1.786,"expDamage":408.410,"expWinRate":58.318},{"IDNum":34817,"expDef":0.757,"expFrag":0.861,"expSpot":1.158,"expDamage":1431.342,"expWinRate":52.009},{"IDNum":34849,"expDef":0.640,"expFrag":0.913,"expSpot":1.126,"expDamage":1365.145,"expWinRate":51.948},{"IDNum":35105,"expDef":0.783,"expFrag":1.052,"expSpot":1.208,"expDamage":1362.027,"expWinRate":52.343},{"IDNum":35329,"expDef":0.762,"expFrag":1.150,"expSpot":1.200,"expDamage":2031.335,"expWinRate":51.926},{"IDNum":35617,"expDef":1.027,"expFrag":0.875,"expSpot":1.205,"expDamage":632.017,"expWinRate":53.530},{"IDNum":35841,"expDef":0.574,"expFrag":1.042,"expSpot":0.936,"expDamage":1358.228,"expWinRate":55.153},{"IDNum":36097,"expDef":0.647,"expFrag":1.083,"expSpot":0.511,"expDamage":1418.401,"expWinRate":51.447},{"IDNum":37377,"expDef":0.828,"expFrag":0.865,"expSpot":0.991,"expDamage":1190.124,"expWinRate":51.325},{"IDNum":37393,"expDef":0.691,"expFrag":0.860,"expSpot":0.929,"expDamage":1282.623,"expWinRate":50.278},{"IDNum":37649,"expDef":0.541,"expFrag":0.871,"expSpot":1.144,"expDamage":1691.204,"expWinRate":51.641},{"IDNum":37889,"expDef":0.809,"expFrag":0.966,"expSpot":0.988,"expDamage":670.160,"expWinRate":53.810},{"IDNum":38401,"expDef":0.759,"expFrag":0.891,"expSpot":1.497,"expDamage":1196.397,"expWinRate":51.876},{"IDNum":40961,"expDef":0.745,"expFrag":0.806,"expSpot":1.641,"expDamage":430.813,"expWinRate":51.948},{"IDNum":42017,"expDef":0.479,"expFrag":1.061,"expSpot":0.624,"expDamage":1618.542,"expWinRate":52.166},{"IDNum":43073,"expDef":0.615,"expFrag":0.746,"expSpot":1.328,"expDamage":1507.303,"expWinRate":51.004},{"IDNum":43281,"expDef":1.922,"expFrag":1.419,"expSpot":0.763,"expDamage":439.634,"expWinRate":55.604},{"IDNum":43297,"expDef":0.656,"expFrag":0.879,"expSpot":1.172,"expDamage":1417.099,"expWinRate":52.178},{"IDNum":43329,"expDef":2.424,"expFrag":1.093,"expSpot":2.065,"expDamage":292.111,"expWinRate":54.134},{"IDNum":43537,"expDef":1.331,"expFrag":0.841,"expSpot":1.253,"expDamage":361.134,"expWinRate":48.316},{"IDNum":43553,"expDef":0.604,"expFrag":0.841,"expSpot":1.121,"expDamage":1323.426,"expWinRate":51.888},{"IDNum":43585,"expDef":0.848,"expFrag":0.700,"expSpot":3.234,"expDamage":832.418,"expWinRate":52.163},{"IDNum":43841,"expDef":1.792,"expFrag":1.001,"expSpot":0.941,"expDamage":275.386,"expWinRate":53.419},{"IDNum":44289,"expDef":0.505,"expFrag":0.917,"expSpot":1.068,"expDamage":1363.864,"expWinRate":52.258},{"IDNum":44545,"expDef":0.526,"expFrag":0.850,"expSpot":1.249,"expDamage":1601.806,"expWinRate":52.362},{"IDNum":44801,"expDef":1.171,"expFrag":0.902,"expSpot":1.882,"expDamage":313.517,"expWinRate":53.847},{"IDNum":45057,"expDef":0.658,"expFrag":1.024,"expSpot":0.432,"expDamage":1437.292,"expWinRate":50.610},{"IDNum":45313,"expDef":0.821,"expFrag":0.740,"expSpot":3.105,"expDamage":514.154,"expWinRate":53.424},{"IDNum":45569,"expDef":0.724,"expFrag":0.658,"expSpot":2.968,"expDamage":793.095,"expWinRate":51.380},{"IDNum":45585,"expDef":1.051,"expFrag":1.048,"expSpot":1.377,"expDamage":668.126,"expWinRate":54.545},{"IDNum":45841,"expDef":0.856,"expFrag":0.891,"expSpot":1.531,"expDamage":1132.885,"expWinRate":51.290},{"IDNum":46097,"expDef":1.578,"expFrag":0.802,"expSpot":0.780,"expDamage":439.436,"expWinRate":54.000},{"IDNum":46353,"expDef":0.780,"expFrag":0.905,"expSpot":1.232,"expDamage":1546.463,"expWinRate":50.769},{"IDNum":46593,"expDef":0.616,"expFrag":1.043,"expSpot":1.056,"expDamage":1139.875,"expWinRate":54.546},{"IDNum":46609,"expDef":0.721,"expFrag":0.864,"expSpot":0.998,"expDamage":1198.071,"expWinRate":52.329},{"IDNum":46849,"expDef":0.467,"expFrag":1.029,"expSpot":1.274,"expDamage":2292.805,"expWinRate":53.923},{"IDNum":46865,"expDef":0.500,"expFrag":0.783,"expSpot":1.357,"expDamage":1295.318,"expWinRate":51.618},{"IDNum":47105,"expDef":0.918,"expFrag":0.986,"expSpot":1.383,"expDamage":556.085,"expWinRate":54.337},{"IDNum":47121,"expDef":0.761,"expFrag":1.002,"expSpot":1.467,"expDamage":1721.297,"expWinRate":52.973},{"IDNum":47361,"expDef":0.662,"expFrag":0.845,"expSpot":0.986,"expDamage":1224.473,"expWinRate":50.377},{"IDNum":47377,"expDef":0.615,"expFrag":0.610,"expSpot":2.692,"expDamage":813.795,"expWinRate":50.616},{"IDNum":47617,"expDef":0.663,"expFrag":0.836,"expSpot":0.997,"expDamage":1194.336,"expWinRate":50.649},{"IDNum":47633,"expDef":1.667,"expFrag":1.400,"expSpot":1.361,"expDamage":329.889,"expWinRate":55.717},{"IDNum":47873,"expDef":0.905,"expFrag":1.163,"expSpot":1.170,"expDamage":369.337,"expWinRate":55.051},{"IDNum":48129,"expDef":0.866,"expFrag":0.904,"expSpot":1.186,"expDamage":701.909,"expWinRate":52.208},{"IDNum":48145,"expDef":0.567,"expFrag":0.813,"expSpot":0.760,"expDamage":1223.417,"expWinRate":52.751},{"IDNum":48385,"expDef":0.580,"expFrag":0.875,"expSpot":0.599,"expDamage":1330.894,"expWinRate":51.244},{"IDNum":48401,"expDef":0.829,"expFrag":0.924,"expSpot":0.637,"expDamage":1322.117,"expWinRate":50.897},{"IDNum":48641,"expDef":0.489,"expFrag":0.865,"expSpot":1.003,"expDamage":1338.204,"expWinRate":52.607},{"IDNum":48913,"expDef":0.554,"expFrag":0.813,"expSpot":0.756,"expDamage":1244.082,"expWinRate":52.016},{"IDNum":49169,"expDef":0.666,"expFrag":0.962,"expSpot":1.044,"expDamage":844.242,"expWinRate":54.098},{"IDNum":49409,"expDef":0.525,"expFrag":0.914,"expSpot":1.027,"expDamage":1316.824,"expWinRate":51.955},{"IDNum":49425,"expDef":0.574,"expFrag":0.966,"expSpot":0.613,"expDamage":1466.189,"expWinRate":52.656},{"IDNum":49665,"expDef":0.504,"expFrag":0.872,"expSpot":0.992,"expDamage":1371.907,"expWinRate":52.777},{"IDNum":49697,"expDef":0.938,"expFrag":1.015,"expSpot":1.347,"expDamage":816.319,"expWinRate":53.813},{"IDNum":49921,"expDef":0.560,"expFrag":0.927,"expSpot":1.167,"expDamage":1025.498,"expWinRate":53.411},{"IDNum":49937,"expDef":0.826,"expFrag":0.778,"expSpot":1.198,"expDamage":1079.319,"expWinRate":50.931},{"IDNum":50193,"expDef":0.646,"expFrag":0.959,"expSpot":0.514,"expDamage":1358.754,"expWinRate":50.707},{"IDNum":50209,"expDef":1.019,"expFrag":0.828,"expSpot":2.265,"expDamage":519.552,"expWinRate":53.004},{"IDNum":50337,"expDef":0.536,"expFrag":0.913,"expSpot":0.783,"expDamage":1339.128,"expWinRate":52.661},{"IDNum":50465,"expDef":0.718,"expFrag":0.796,"expSpot":0.964,"expDamage":1419.031,"expWinRate":51.863},{"IDNum":50577,"expDef":0.811,"expFrag":0.810,"expSpot":1.734,"expDamage":1078.514,"expWinRate":51.673},{"IDNum":50593,"expDef":0.640,"expFrag":0.977,"expSpot":1.028,"expDamage":1823.445,"expWinRate":49.117},{"IDNum":50689,"expDef":0.583,"expFrag":0.960,"expSpot":0.514,"expDamage":1987.718,"expWinRate":50.919},{"IDNum":50721,"expDef":0.746,"expFrag":0.799,"expSpot":1.167,"expDamage":1135.494,"expWinRate":50.773},{"IDNum":50817,"expDef":1.275,"expFrag":1.203,"expSpot":1.243,"expDamage":494.132,"expWinRate":51.068},{"IDNum":50833,"expDef":0.604,"expFrag":0.850,"expSpot":1.101,"expDamage":1370.400,"expWinRate":51.618},{"IDNum":50849,"expDef":0.668,"expFrag":1.077,"expSpot":1.177,"expDamage":1991.436,"expWinRate":50.740},{"IDNum":50945,"expDef":1.407,"expFrag":1.204,"expSpot":1.160,"expDamage":263.436,"expWinRate":56.213},{"IDNum":50961,"expDef":0.639,"expFrag":0.625,"expSpot":2.477,"expDamage":810.323,"expWinRate":50.672},{"IDNum":50977,"expDef":0.719,"expFrag":0.662,"expSpot":2.510,"expDamage":511.980,"expWinRate":53.114},{"IDNum":51025,"expDef":0.720,"expFrag":0.970,"expSpot":1.073,"expDamage":1871.716,"expWinRate":49.121},{"IDNum":51057,"expDef":0.508,"expFrag":1.006,"expSpot":0.982,"expDamage":1534.910,"expWinRate":52.395},{"IDNum":51089,"expDef":0.674,"expFrag":0.863,"expSpot":1.255,"expDamage":1264.332,"expWinRate":50.437},{"IDNum":51105,"expDef":0.503,"expFrag":0.926,"expSpot":1.087,"expDamage":1376.199,"expWinRate":51.510},{"IDNum":51201,"expDef":1.373,"expFrag":1.303,"expSpot":1.347,"expDamage":627.803,"expWinRate":57.989},{"IDNum":51233,"expDef":0.583,"expFrag":0.920,"expSpot":0.945,"expDamage":1352.441,"expWinRate":50.850},{"IDNum":51281,"expDef":1.063,"expFrag":1.099,"expSpot":0.760,"expDamage":580.645,"expWinRate":55.434},{"IDNum":51313,"expDef":0.825,"expFrag":0.955,"expSpot":1.054,"expDamage":1100.897,"expWinRate":55.278},{"IDNum":51329,"expDef":0.902,"expFrag":0.959,"expSpot":0.548,"expDamage":1661.989,"expWinRate":50.027},{"IDNum":51345,"expDef":0.893,"expFrag":0.997,"expSpot":1.426,"expDamage":786.452,"expWinRate":54.029},{"IDNum":51361,"expDef":0.739,"expFrag":0.968,"expSpot":1.297,"expDamage":1277.491,"expWinRate":50.511},{"IDNum":51457,"expDef":1.346,"expFrag":1.169,"expSpot":1.109,"expDamage":528.153,"expWinRate":55.590},{"IDNum":51473,"expDef":1.117,"expFrag":1.501,"expSpot":2.159,"expDamage":903.980,"expWinRate":58.008},{"IDNum":51489,"expDef":1.350,"expFrag":1.251,"expSpot":2.407,"expDamage":261.638,"expWinRate":55.452},{"IDNum":51537,"expDef":0.497,"expFrag":0.865,"expSpot":0.836,"expDamage":1273.032,"expWinRate":51.222},{"IDNum":51553,"expDef":1.148,"expFrag":0.941,"expSpot":1.078,"expDamage":514.143,"expWinRate":53.040},{"IDNum":51569,"expDef":0.822,"expFrag":0.935,"expSpot":1.337,"expDamage":734.459,"expWinRate":52.446},{"IDNum":51585,"expDef":0.901,"expFrag":1.034,"expSpot":0.990,"expDamage":803.019,"expWinRate":52.829},{"IDNum":51713,"expDef":1.277,"expFrag":1.183,"expSpot":1.204,"expDamage":641.108,"expWinRate":54.786},{"IDNum":51729,"expDef":1.996,"expFrag":1.591,"expSpot":1.355,"expDamage":446.782,"expWinRate":60.164},{"IDNum":51745,"expDef":1.158,"expFrag":1.053,"expSpot":1.393,"expDamage":524.143,"expWinRate":55.859},{"IDNum":51793,"expDef":0.571,"expFrag":0.782,"expSpot":1.221,"expDamage":1544.692,"expWinRate":51.138},{"IDNum":51825,"expDef":0.731,"expFrag":0.856,"expSpot":1.097,"expDamage":1163.228,"expWinRate":50.065},{"IDNum":51841,"expDef":1.371,"expFrag":1.002,"expSpot":1.479,"expDamage":226.687,"expWinRate":54.880},{"IDNum":51857,"expDef":0.424,"expFrag":0.951,"expSpot":1.051,"expDamage":1455.733,"expWinRate":52.009},{"IDNum":51985,"expDef":1.577,"expFrag":1.497,"expSpot":1.366,"expDamage":448.160,"expWinRate":59.928},{"IDNum":52001,"expDef":1.307,"expFrag":1.073,"expSpot":1.640,"expDamage":330.850,"expWinRate":54.475},{"IDNum":52049,"expDef":0.580,"expFrag":0.936,"expSpot":1.147,"expDamage":1523.810,"expWinRate":53.854},{"IDNum":52065,"expDef":0.871,"expFrag":0.795,"expSpot":1.233,"expDamage":1095.193,"expWinRate":50.881},{"IDNum":52097,"expDef":0.820,"expFrag":0.932,"expSpot":0.445,"expDamage":1385.364,"expWinRate":50.746},{"IDNum":52113,"expDef":0.506,"expFrag":0.867,"expSpot":0.981,"expDamage":1362.374,"expWinRate":52.362},{"IDNum":52129,"expDef":0.834,"expFrag":1.045,"expSpot":1.261,"expDamage":1365.921,"expWinRate":51.715},{"IDNum":52225,"expDef":1.385,"expFrag":1.219,"expSpot":2.269,"expDamage":363.954,"expWinRate":55.790},{"IDNum":52241,"expDef":1.551,"expFrag":1.477,"expSpot":1.546,"expDamage":515.912,"expWinRate":55.602},{"IDNum":52257,"expDef":1.095,"expFrag":1.023,"expSpot":1.622,"expDamage":472.319,"expWinRate":54.640},{"IDNum":52305,"expDef":0.761,"expFrag":1.097,"expSpot":0.615,"expDamage":1422.051,"expWinRate":51.567},{"IDNum":52321,"expDef":0.759,"expFrag":0.965,"expSpot":1.045,"expDamage":823.353,"expWinRate":54.095},{"IDNum":52353,"expDef":0.757,"expFrag":0.744,"expSpot":1.226,"expDamage":1087.068,"expWinRate":50.969},{"IDNum":52385,"expDef":1.085,"expFrag":1.157,"expSpot":1.252,"expDamage":465.408,"expWinRate":64.432},{"IDNum":52481,"expDef":1.647,"expFrag":1.230,"expSpot":1.448,"expDamage":381.892,"expWinRate":54.324},{"IDNum":52497,"expDef":2.605,"expFrag":1.804,"expSpot":1.497,"expDamage":372.906,"expWinRate":56.750},{"IDNum":52513,"expDef":0.620,"expFrag":0.802,"expSpot":1.156,"expDamage":1233.405,"expWinRate":51.653},{"IDNum":52561,"expDef":0.777,"expFrag":1.048,"expSpot":0.632,"expDamage":1753.706,"expWinRate":52.955},{"IDNum":52577,"expDef":0.534,"expFrag":0.745,"expSpot":1.471,"expDamage":1197.779,"expWinRate":52.550},{"IDNum":52609,"expDef":0.709,"expFrag":0.737,"expSpot":1.278,"expDamage":1068.830,"expWinRate":51.937},{"IDNum":52625,"expDef":0.781,"expFrag":1.087,"expSpot":1.661,"expDamage":2127.418,"expWinRate":54.154},{"IDNum":52737,"expDef":1.512,"expFrag":0.989,"expSpot":1.655,"expDamage":278.129,"expWinRate":52.988},{"IDNum":52769,"expDef":1.688,"expFrag":1.094,"expSpot":2.475,"expDamage":316.011,"expWinRate":56.520},{"IDNum":52817,"expDef":1.324,"expFrag":0.904,"expSpot":1.418,"expDamage":379.126,"expWinRate":55.686},{"IDNum":52833,"expDef":0.726,"expFrag":0.753,"expSpot":1.782,"expDamage":1029.428,"expWinRate":51.751},{"IDNum":52865,"expDef":0.547,"expFrag":0.923,"expSpot":1.054,"expDamage":1348.164,"expWinRate":51.588},{"IDNum":52897,"expDef":0.707,"expFrag":0.995,"expSpot":1.171,"expDamage":1509.229,"expWinRate":53.061},{"IDNum":52993,"expDef":1.061,"expFrag":1.283,"expSpot":2.663,"expDamage":570.281,"expWinRate":56.801},{"IDNum":53025,"expDef":0.751,"expFrag":1.088,"expSpot":1.218,"expDamage":1410.388,"expWinRate":53.347},{"IDNum":53105,"expDef":0.253,"expFrag":0.898,"expSpot":1.178,"expDamage":1689.682,"expWinRate":51.961},{"IDNum":53121,"expDef":0.747,"expFrag":0.888,"expSpot":1.256,"expDamage":1221.589,"expWinRate":50.923},{"IDNum":53153,"expDef":0.593,"expFrag":0.938,"expSpot":1.210,"expDamage":1661.666,"expWinRate":51.955},{"IDNum":53249,"expDef":0.857,"expFrag":0.937,"expSpot":1.106,"expDamage":1239.836,"expWinRate":52.096},{"IDNum":53281,"expDef":0.786,"expFrag":0.984,"expSpot":0.993,"expDamage":1388.916,"expWinRate":51.962},{"IDNum":53345,"expDef":0.650,"expFrag":1.060,"expSpot":0.632,"expDamage":1535.844,"expWinRate":52.103},{"IDNum":53361,"expDef":0.732,"expFrag":0.709,"expSpot":2.301,"expDamage":823.799,"expWinRate":51.859},{"IDNum":53377,"expDef":0.767,"expFrag":1.008,"expSpot":1.087,"expDamage":1632.376,"expWinRate":51.415},{"IDNum":53505,"expDef":1.710,"expFrag":1.428,"expSpot":1.593,"expDamage":341.156,"expWinRate":55.892},{"IDNum":53537,"expDef":1.244,"expFrag":1.134,"expSpot":1.552,"expDamage":233.087,"expWinRate":56.393},{"IDNum":53585,"expDef":1.429,"expFrag":1.087,"expSpot":0.795,"expDamage":541.498,"expWinRate":54.434},{"IDNum":53601,"expDef":0.643,"expFrag":0.783,"expSpot":1.205,"expDamage":1349.949,"expWinRate":51.220},{"IDNum":53761,"expDef":1.356,"expFrag":1.266,"expSpot":0.821,"expDamage":640.918,"expWinRate":53.287},{"IDNum":53793,"expDef":0.944,"expFrag":0.840,"expSpot":1.315,"expDamage":1092.481,"expWinRate":52.016},{"IDNum":53841,"expDef":1.247,"expFrag":1.051,"expSpot":0.586,"expDamage":825.751,"expWinRate":52.798},{"IDNum":54017,"expDef":1.091,"expFrag":1.296,"expSpot":1.450,"expDamage":715.569,"expWinRate":57.489},{"IDNum":54033,"expDef":1.018,"expFrag":1.256,"expSpot":2.021,"expDamage":760.426,"expWinRate":56.738},{"IDNum":54097,"expDef":1.114,"expFrag":1.008,"expSpot":0.787,"expDamage":972.837,"expWinRate":54.830},{"IDNum":54145,"expDef":0.608,"expFrag":0.809,"expSpot":1.058,"expDamage":1537.940,"expWinRate":50.606},{"IDNum":54273,"expDef":1.512,"expFrag":1.812,"expSpot":0.882,"expDamage":538.826,"expWinRate":57.892},{"IDNum":54289,"expDef":0.783,"expFrag":0.779,"expSpot":0.921,"expDamage":1243.330,"expWinRate":51.841},{"IDNum":54305,"expDef":0.253,"expFrag":1.064,"expSpot":1.092,"expDamage":1538.942,"expWinRate":49.998},{"IDNum":54353,"expDef":1.158,"expFrag":1.264,"expSpot":1.613,"expDamage":652.874,"expWinRate":56.512},{"IDNum":54529,"expDef":1.512,"expFrag":1.353,"expSpot":1.453,"expDamage":250.362,"expWinRate":56.386},{"IDNum":54545,"expDef":1.179,"expFrag":1.004,"expSpot":1.552,"expDamage":518.469,"expWinRate":54.558},{"IDNum":54609,"expDef":1.156,"expFrag":1.222,"expSpot":0.114,"expDamage":388.842,"expWinRate":55.669},{"IDNum":54657,"expDef":0.535,"expFrag":0.796,"expSpot":0.864,"expDamage":1320.762,"expWinRate":52.046},{"IDNum":54785,"expDef":0.708,"expFrag":1.078,"expSpot":0.516,"expDamage":828.202,"expWinRate":53.113},{"IDNum":54801,"expDef":1.690,"expFrag":1.088,"expSpot":2.661,"expDamage":293.801,"expWinRate":57.036},{"IDNum":54865,"expDef":1.364,"expFrag":1.297,"expSpot":1.595,"expDamage":238.059,"expWinRate":53.986},{"IDNum":54881,"expDef":0.868,"expFrag":1.337,"expSpot":0.667,"expDamage":616.796,"expWinRate":54.908},{"IDNum":55057,"expDef":1.136,"expFrag":1.054,"expSpot":1.269,"expDamage":595.048,"expWinRate":52.826},{"IDNum":55073,"expDef":1.416,"expFrag":1.281,"expSpot":1.739,"expDamage":247.662,"expWinRate":54.395},{"IDNum":55121,"expDef":1.060,"expFrag":0.915,"expSpot":1.089,"expDamage":984.130,"expWinRate":53.792},{"IDNum":55297,"expDef":0.896,"expFrag":1.138,"expSpot":0.749,"expDamage":1036.839,"expWinRate":53.138},{"IDNum":55313,"expDef":1.095,"expFrag":0.923,"expSpot":0.771,"expDamage":1228.757,"expWinRate":50.945},{"IDNum":55377,"expDef":0.816,"expFrag":0.625,"expSpot":2.492,"expDamage":458.965,"expWinRate":52.594},{"IDNum":55569,"expDef":1.506,"expFrag":1.217,"expSpot":1.429,"expDamage":989.685,"expWinRate":52.176},{"IDNum":55633,"expDef":0.805,"expFrag":0.763,"expSpot":1.264,"expDamage":1091.555,"expWinRate":51.312},{"IDNum":55809,"expDef":0.512,"expFrag":0.895,"expSpot":1.034,"expDamage":2014.345,"expWinRate":49.420},{"IDNum":55841,"expDef":0.707,"expFrag":0.988,"expSpot":1.213,"expDamage":1893.022,"expWinRate":50.272},{"IDNum":55889,"expDef":0.973,"expFrag":1.038,"expSpot":2.160,"expDamage":744.261,"expWinRate":54.804},{"IDNum":56065,"expDef":0.560,"expFrag":1.001,"expSpot":0.896,"expDamage":1421.692,"expWinRate":52.465},{"IDNum":56081,"expDef":0.449,"expFrag":0.791,"expSpot":0.906,"expDamage":1270.823,"expWinRate":51.944},{"IDNum":56097,"expDef":1.035,"expFrag":0.939,"expSpot":1.270,"expDamage":689.696,"expWinRate":53.786},{"IDNum":56145,"expDef":0.995,"expFrag":0.938,"expSpot":0.986,"expDamage":755.029,"expWinRate":53.043},{"IDNum":56321,"expDef":0.403,"expFrag":0.869,"expSpot":0.988,"expDamage":1254.217,"expWinRate":50.238},{"IDNum":56353,"expDef":1.144,"expFrag":0.959,"expSpot":0.741,"expDamage":995.950,"expWinRate":52.433},{"IDNum":56577,"expDef":1.588,"expFrag":1.199,"expSpot":1.350,"expDamage":272.067,"expWinRate":55.854},{"IDNum":56609,"expDef":0.787,"expFrag":0.941,"expSpot":0.814,"expDamage":992.755,"expWinRate":54.076},{"IDNum":56657,"expDef":0.617,"expFrag":0.768,"expSpot":1.190,"expDamage":1195.644,"expWinRate":51.631},{"IDNum":56897,"expDef":0.572,"expFrag":0.839,"expSpot":1.106,"expDamage":882.720,"expWinRate":53.027},{"IDNum":56913,"expDef":0.727,"expFrag":0.763,"expSpot":1.332,"expDamage":1113.520,"expWinRate":51.889},{"IDNum":57105,"expDef":0.964,"expFrag":1.023,"expSpot":0.688,"expDamage":795.233,"expWinRate":52.113},{"IDNum":57121,"expDef":0.931,"expFrag":0.806,"expSpot":1.245,"expDamage":1101.291,"expWinRate":52.013},{"IDNum":57169,"expDef":0.882,"expFrag":0.984,"expSpot":1.008,"expDamage":817.887,"expWinRate":52.626},{"IDNum":57361,"expDef":1.157,"expFrag":0.941,"expSpot":1.016,"expDamage":744.676,"expWinRate":52.750},{"IDNum":57377,"expDef":0.810,"expFrag":0.776,"expSpot":1.327,"expDamage":1090.276,"expWinRate":50.860},{"IDNum":57409,"expDef":0.833,"expFrag":1.045,"expSpot":1.832,"expDamage":1366.546,"expWinRate":52.833},{"IDNum":57425,"expDef":0.651,"expFrag":0.959,"expSpot":1.019,"expDamage":1443.404,"expWinRate":52.159},{"IDNum":57617,"expDef":1.046,"expFrag":0.978,"expSpot":1.321,"expDamage":895.355,"expWinRate":52.999},{"IDNum":57633,"expDef":0.531,"expFrag":0.651,"expSpot":2.943,"expDamage":684.941,"expWinRate":54.010},{"IDNum":57681,"expDef":1.013,"expFrag":1.081,"expSpot":0.799,"expDamage":897.427,"expWinRate":53.154},{"IDNum":57889,"expDef":0.836,"expFrag":0.647,"expSpot":2.912,"expDamage":748.916,"expWinRate":51.715},{"IDNum":57905,"expDef":1.596,"expFrag":1.042,"expSpot":0.812,"expDamage":344.871,"expWinRate":52.441},{"IDNum":57937,"expDef":0.527,"expFrag":0.983,"expSpot":1.425,"expDamage":2171.929,"expWinRate":51.329},{"IDNum":58113,"expDef":0.837,"expFrag":1.081,"expSpot":1.311,"expDamage":843.885,"expWinRate":53.899},{"IDNum":58369,"expDef":0.508,"expFrag":0.881,"expSpot":1.568,"expDamage":1988.838,"expWinRate":50.122},{"IDNum":58417,"expDef":0.521,"expFrag":0.836,"expSpot":1.351,"expDamage":1887.768,"expWinRate":49.067},{"IDNum":58449,"expDef":0.778,"expFrag":0.633,"expSpot":2.974,"expDamage":773.147,"expWinRate":51.493},{"IDNum":58625,"expDef":0.660,"expFrag":0.960,"expSpot":0.412,"expDamage":1300.174,"expWinRate":50.774},{"IDNum":58641,"expDef":0.402,"expFrag":0.971,"expSpot":0.974,"expDamage":2165.445,"expWinRate":51.726},{"IDNum":58657,"expDef":0.513,"expFrag":0.767,"expSpot":1.245,"expDamage":1258.876,"expWinRate":51.875},{"IDNum":58673,"expDef":0.669,"expFrag":0.933,"expSpot":1.290,"expDamage":1788.605,"expWinRate":50.561},{"IDNum":58705,"expDef":0.929,"expFrag":0.664,"expSpot":3.098,"expDamage":935.366,"expWinRate":53.713},{"IDNum":58881,"expDef":0.619,"expFrag":0.807,"expSpot":1.049,"expDamage":1228.912,"expWinRate":52.200},{"IDNum":58913,"expDef":0.718,"expFrag":0.780,"expSpot":1.247,"expDamage":1176.683,"expWinRate":52.405},{"IDNum":58929,"expDef":0.520,"expFrag":0.934,"expSpot":1.246,"expDamage":1501.296,"expWinRate":53.355},{"IDNum":58945,"expDef":0.931,"expFrag":0.681,"expSpot":2.315,"expDamage":429.487,"expWinRate":54.753},{"IDNum":58961,"expDef":0.766,"expFrag":0.712,"expSpot":3.121,"expDamage":1219.345,"expWinRate":51.431},{"IDNum":59137,"expDef":0.717,"expFrag":1.033,"expSpot":1.081,"expDamage":1082.301,"expWinRate":54.533},{"IDNum":59153,"expDef":0.912,"expFrag":1.149,"expSpot":1.065,"expDamage":788.599,"expWinRate":56.747},{"IDNum":59169,"expDef":0.723,"expFrag":0.777,"expSpot":1.252,"expDamage":1179.486,"expWinRate":51.997},{"IDNum":59217,"expDef":0.781,"expFrag":0.951,"expSpot":0.851,"expDamage":903.341,"expWinRate":53.997},{"IDNum":59393,"expDef":0.924,"expFrag":1.005,"expSpot":1.438,"expDamage":776.202,"expWinRate":54.227},{"IDNum":59409,"expDef":0.369,"expFrag":1.216,"expSpot":1.245,"expDamage":594.467,"expWinRate":61.962},{"IDNum":59425,"expDef":0.536,"expFrag":0.732,"expSpot":0.858,"expDamage":1212.670,"expWinRate":51.440},{"IDNum":59441,"expDef":0.505,"expFrag":0.907,"expSpot":1.073,"expDamage":2025.036,"expWinRate":49.421},{"IDNum":59473,"expDef":0.887,"expFrag":0.636,"expSpot":2.657,"expDamage":782.816,"expWinRate":52.389},{"IDNum":59649,"expDef":0.812,"expFrag":1.109,"expSpot":0.582,"expDamage":1024.100,"expWinRate":53.022},{"IDNum":59665,"expDef":1.104,"expFrag":1.199,"expSpot":1.341,"expDamage":351.355,"expWinRate":56.001},{"IDNum":59681,"expDef":0.900,"expFrag":0.953,"expSpot":1.190,"expDamage":747.811,"expWinRate":54.098},{"IDNum":59729,"expDef":1.017,"expFrag":0.655,"expSpot":2.551,"expDamage":609.256,"expWinRate":52.895},{"IDNum":59905,"expDef":0.790,"expFrag":0.825,"expSpot":1.241,"expDamage":1097.291,"expWinRate":51.709},{"IDNum":59937,"expDef":0.801,"expFrag":0.944,"expSpot":1.151,"expDamage":981.889,"expWinRate":54.942},{"IDNum":59985,"expDef":0.628,"expFrag":0.985,"expSpot":0.696,"expDamage":1410.654,"expWinRate":53.080},{"IDNum":60161,"expDef":0.795,"expFrag":1.092,"expSpot":1.074,"expDamage":933.439,"expWinRate":55.764},{"IDNum":60177,"expDef":0.897,"expFrag":0.806,"expSpot":1.059,"expDamage":1089.554,"expWinRate":50.297},{"IDNum":60193,"expDef":0.515,"expFrag":0.781,"expSpot":1.255,"expDamage":1258.780,"expWinRate":52.259},{"IDNum":60209,"expDef":0.463,"expFrag":0.975,"expSpot":1.184,"expDamage":1496.971,"expWinRate":53.315},{"IDNum":60225,"expDef":0.777,"expFrag":0.974,"expSpot":1.788,"expDamage":1279.097,"expWinRate":51.393},{"IDNum":60241,"expDef":1.105,"expFrag":1.026,"expSpot":0.788,"expDamage":619.836,"expWinRate":55.189},{"IDNum":60417,"expDef":0.519,"expFrag":0.969,"expSpot":0.910,"expDamage":1353.360,"expWinRate":52.760},{"IDNum":60433,"expDef":1.569,"expFrag":1.167,"expSpot":1.741,"expDamage":245.968,"expWinRate":56.666},{"IDNum":60449,"expDef":0.572,"expFrag":0.982,"expSpot":0.741,"expDamage":1392.319,"expWinRate":53.191},{"IDNum":60465,"expDef":0.537,"expFrag":0.781,"expSpot":0.905,"expDamage":1530.177,"expWinRate":51.582},{"IDNum":60481,"expDef":0.808,"expFrag":1.053,"expSpot":1.331,"expDamage":1658.428,"expWinRate":51.244},{"IDNum":60497,"expDef":0.731,"expFrag":1.114,"expSpot":0.807,"expDamage":1637.714,"expWinRate":51.081},{"IDNum":60529,"expDef":0.890,"expFrag":1.010,"expSpot":0.602,"expDamage":1341.548,"expWinRate":50.900},{"IDNum":60689,"expDef":1.432,"expFrag":1.083,"expSpot":0.616,"expDamage":549.682,"expWinRate":52.722},{"IDNum":60721,"expDef":0.417,"expFrag":0.804,"expSpot":1.427,"expDamage":1375.165,"expWinRate":52.828},{"IDNum":60737,"expDef":0.853,"expFrag":0.983,"expSpot":1.343,"expDamage":793.843,"expWinRate":54.133},{"IDNum":60753,"expDef":0.587,"expFrag":0.908,"expSpot":1.088,"expDamage":1414.087,"expWinRate":52.444},{"IDNum":60785,"expDef":0.537,"expFrag":0.808,"expSpot":1.147,"expDamage":1561.416,"expWinRate":51.909},{"IDNum":60929,"expDef":0.963,"expFrag":1.001,"expSpot":1.796,"expDamage":348.241,"expWinRate":53.576},{"IDNum":60945,"expDef":0.764,"expFrag":0.934,"expSpot":1.402,"expDamage":1517.141,"expWinRate":51.246},{"IDNum":60977,"expDef":0.653,"expFrag":1.099,"expSpot":0.425,"expDamage":2141.898,"expWinRate":50.471},{"IDNum":60993,"expDef":0.889,"expFrag":1.004,"expSpot":1.184,"expDamage":844.802,"expWinRate":53.337},{"IDNum":61009,"expDef":1.453,"expFrag":0.923,"expSpot":1.911,"expDamage":483.993,"expWinRate":55.662},{"IDNum":61217,"expDef":0.969,"expFrag":1.128,"expSpot":0.989,"expDamage":943.222,"expWinRate":54.286},{"IDNum":61249,"expDef":1.086,"expFrag":1.155,"expSpot":0.849,"expDamage":687.472,"expWinRate":53.508},{"IDNum":61265,"expDef":0.766,"expFrag":0.843,"expSpot":1.291,"expDamage":1271.001,"expWinRate":50.356},{"IDNum":61441,"expDef":1.036,"expFrag":1.248,"expSpot":1.120,"expDamage":532.432,"expWinRate":56.734},{"IDNum":61457,"expDef":0.940,"expFrag":0.921,"expSpot":1.285,"expDamage":525.810,"expWinRate":54.220},{"IDNum":61473,"expDef":0.705,"expFrag":0.896,"expSpot":1.090,"expDamage":1067.074,"expWinRate":54.130},{"IDNum":61505,"expDef":0.927,"expFrag":0.691,"expSpot":3.077,"expDamage":737.672,"expWinRate":52.368},{"IDNum":61521,"expDef":0.585,"expFrag":0.799,"expSpot":1.082,"expDamage":1228.555,"expWinRate":50.859},{"IDNum":61697,"expDef":0.759,"expFrag":0.930,"expSpot":1.537,"expDamage":1743.186,"expWinRate":51.754},{"IDNum":61713,"expDef":1.059,"expFrag":0.976,"expSpot":0.563,"expDamage":1005.007,"expWinRate":52.190},{"IDNum":61729,"expDef":0.514,"expFrag":0.812,"expSpot":1.125,"expDamage":1613.779,"expWinRate":51.199},{"IDNum":61761,"expDef":0.787,"expFrag":0.938,"expSpot":0.641,"expDamage":1334.672,"expWinRate":50.930},{"IDNum":61777,"expDef":0.981,"expFrag":0.847,"expSpot":0.758,"expDamage":394.533,"expWinRate":47.442},{"IDNum":61953,"expDef":0.788,"expFrag":0.869,"expSpot":1.435,"expDamage":1151.274,"expWinRate":51.462},{"IDNum":61969,"expDef":1.353,"expFrag":0.937,"expSpot":0.828,"expDamage":1157.010,"expWinRate":49.912},{"IDNum":61985,"expDef":0.587,"expFrag":0.888,"expSpot":1.164,"expDamage":1383.606,"expWinRate":52.224},{"IDNum":62001,"expDef":0.739,"expFrag":0.638,"expSpot":2.721,"expDamage":783.841,"expWinRate":51.703},{"IDNum":62017,"expDef":0.627,"expFrag":0.753,"expSpot":0.999,"expDamage":1210.623,"expWinRate":51.937},{"IDNum":62209,"expDef":0.555,"expFrag":0.844,"expSpot":0.705,"expDamage":1279.838,"expWinRate":52.284},{"IDNum":62241,"expDef":0.715,"expFrag":0.809,"expSpot":1.259,"expDamage":1144.439,"expWinRate":50.944},{"IDNum":62257,"expDef":0.499,"expFrag":0.871,"expSpot":1.223,"expDamage":1895.581,"expWinRate":49.477},{"IDNum":62273,"expDef":0.604,"expFrag":1.006,"expSpot":0.717,"expDamage":1389.560,"expWinRate":51.660},{"IDNum":62289,"expDef":0.243,"expFrag":1.132,"expSpot":0.889,"expDamage":1656.319,"expWinRate":56.812},{"IDNum":62481,"expDef":0.638,"expFrag":0.972,"expSpot":0.461,"expDamage":1397.564,"expWinRate":50.993},{"IDNum":62497,"expDef":0.940,"expFrag":0.922,"expSpot":1.017,"expDamage":952.878,"expWinRate":53.648},{"IDNum":62513,"expDef":0.526,"expFrag":0.841,"expSpot":1.380,"expDamage":1855.376,"expWinRate":49.673},{"IDNum":62529,"expDef":0.703,"expFrag":0.938,"expSpot":1.022,"expDamage":1259.428,"expWinRate":50.017},{"IDNum":62545,"expDef":0.752,"expFrag":0.991,"expSpot":0.611,"expDamage":1401.113,"expWinRate":51.259},{"IDNum":62721,"expDef":0.541,"expFrag":0.811,"expSpot":1.264,"expDamage":1262.906,"expWinRate":52.587},{"IDNum":62753,"expDef":0.620,"expFrag":0.976,"expSpot":1.542,"expDamage":1875.795,"expWinRate":53.294},{"IDNum":62785,"expDef":0.591,"expFrag":0.751,"expSpot":1.006,"expDamage":1208.217,"expWinRate":52.043},{"IDNum":62801,"expDef":0.832,"expFrag":0.989,"expSpot":0.845,"expDamage":887.687,"expWinRate":54.563},{"IDNum":62993,"expDef":0.866,"expFrag":0.931,"expSpot":1.084,"expDamage":1056.816,"expWinRate":54.041},{"IDNum":63025,"expDef":0.708,"expFrag":0.986,"expSpot":0.605,"expDamage":1575.015,"expWinRate":50.513},{"IDNum":63041,"expDef":0.687,"expFrag":0.823,"expSpot":0.815,"expDamage":1182.624,"expWinRate":50.472},{"IDNum":63233,"expDef":0.591,"expFrag":0.758,"expSpot":1.049,"expDamage":1258.483,"expWinRate":51.998},{"IDNum":63249,"expDef":1.103,"expFrag":0.998,"expSpot":1.102,"expDamage":548.577,"expWinRate":54.386},{"IDNum":63281,"expDef":0.712,"expFrag":1.012,"expSpot":0.767,"expDamage":1333.218,"expWinRate":51.847},{"IDNum":63297,"expDef":0.847,"expFrag":0.803,"expSpot":2.612,"expDamage":717.987,"expWinRate":52.072},{"IDNum":63505,"expDef":1.279,"expFrag":0.707,"expSpot":1.066,"expDamage":275.677,"expWinRate":49.832},{"IDNum":63537,"expDef":0.665,"expFrag":0.934,"expSpot":1.318,"expDamage":1813.487,"expWinRate":50.410},{"IDNum":63553,"expDef":0.993,"expFrag":0.809,"expSpot":1.417,"expDamage":1083.374,"expWinRate":50.353},{"IDNum":63761,"expDef":0.918,"expFrag":0.799,"expSpot":1.225,"expDamage":1090.002,"expWinRate":50.995},{"IDNum":63793,"expDef":0.954,"expFrag":0.809,"expSpot":1.276,"expDamage":1046.319,"expWinRate":51.587},{"IDNum":63809,"expDef":0.889,"expFrag":0.848,"expSpot":2.848,"expDamage":742.702,"expWinRate":52.517},{"IDNum":63825,"expDef":0.574,"expFrag":0.923,"expSpot":1.208,"expDamage":1491.641,"expWinRate":53.346},{"IDNum":64001,"expDef":0.439,"expFrag":0.866,"expSpot":1.147,"expDamage":1347.368,"expWinRate":53.697},{"IDNum":64017,"expDef":0.629,"expFrag":0.630,"expSpot":2.547,"expDamage":795.393,"expWinRate":50.833},{"IDNum":64049,"expDef":0.673,"expFrag":0.893,"expSpot":1.273,"expDamage":1215.299,"expWinRate":50.403},{"IDNum":64065,"expDef":1.069,"expFrag":0.896,"expSpot":1.364,"expDamage":1183.774,"expWinRate":50.658},{"IDNum":64081,"expDef":0.635,"expFrag":0.890,"expSpot":0.770,"expDamage":1399.303,"expWinRate":52.711},{"IDNum":64273,"expDef":0.930,"expFrag":0.794,"expSpot":1.238,"expDamage":1089.881,"expWinRate":51.285},{"IDNum":64561,"expDef":0.618,"expFrag":0.864,"expSpot":1.317,"expDamage":1220.628,"expWinRate":52.223},{"IDNum":64769,"expDef":0.489,"expFrag":1.129,"expSpot":0.763,"expDamage":879.378,"expWinRate":54.354},{"IDNum":64817,"expDef":0.819,"expFrag":0.772,"expSpot":2.652,"expDamage":570.315,"expWinRate":51.859},{"IDNum":65073,"expDef":0.517,"expFrag":0.838,"expSpot":1.328,"expDamage":1245.113,"expWinRate":51.663},{"IDNum":65329,"expDef":0.656,"expFrag":0.867,"expSpot":0.977,"expDamage":1319.247,"expWinRate":51.502},{"IDNum":65537,"expDef":0.362,"expFrag":0.853,"expSpot":0.972,"expDamage":1209.344,"expWinRate":54.231},{"IDNum":65553,"expDef":1.204,"expFrag":0.870,"expSpot":1.154,"expDamage":366.476,"expWinRate":42.133},{"IDNum":65585,"expDef":0.607,"expFrag":0.930,"expSpot":1.572,"expDamage":1693.061,"expWinRate":53.324},{"IDNum":65601,"expDef":0.729,"expFrag":1.169,"expSpot":0.490,"expDamage":1528.778,"expWinRate":51.286},{"IDNum":65793,"expDef":0.598,"expFrag":0.982,"expSpot":0.409,"expDamage":1484.037,"expWinRate":51.599},{"IDNum":65825,"expDef":1.469,"expFrag":1.182,"expSpot":1.520,"expDamage":483.890,"expWinRate":51.231},{"IDNum":65841,"expDef":0.862,"expFrag":0.939,"expSpot":1.429,"expDamage":1254.130,"expWinRate":51.362},{"IDNum":65857,"expDef":2.139,"expFrag":1.020,"expSpot":1.033,"expDamage":337.019,"expWinRate":53.787},{"IDNum":66081,"expDef":0.320,"expFrag":0.937,"expSpot":1.321,"expDamage":1771.093,"expWinRate":54.471},{"IDNum":66561,"expDef":0.897,"expFrag":1.185,"expSpot":0.710,"expDamage":811.556,"expWinRate":54.055},{"IDNum":66849,"expDef":0.605,"expFrag":0.874,"expSpot":1.181,"expDamage":1632.961,"expWinRate":52.181}],"header":{"url":"https://static.modxvm.com/wn8-data-exp/json/wg/wn8exp-2025-03-04.json","source":"XVM","version":"2025-03-04"}}
