﻿{
    "enabled": false,
    "allKill": 0,
    "battleTimer": true,
    "checkMedals": 4,
    "colourBlind": false,
    "delay": 3,
    "disStand": true,
    "firstOption": 1,
    "logging": true,
    "sounds": {
        //Kill Announcer
        "firstBlood": "firstblood",
        "doubleKill": "doublekill",
        "tripleKill": "triplekill",
        "jackHammer": "megakill",
        "multiKill": "multikill",
        "perforator": "topgun",
        "ultraKill": "ultrakill",
        "monsterKill": "monsterkill",
        "rampage": "rampage",
        "killingSpree": "killingspree",
        "unstoppable": "unstoppable",
        "stormTech": "massacre",
        "godlike": "godlike",
        "combine": "flakmaster",
        "eagleEye": "unreal",
        // Timer CountDown
        "snd10sec": "",
        "snd1min": "t1min",
        "snd2min": "t2min",
        "snd30sec": "t30secs",
        "snd3min": "t3min",
        "snd5min": "t5min",
        "snd5sec": "",
        "sndFinish": "",
        "sndStart": "",
        // Medals
        "kamikaze": "kamikaze",
        "bia": "eradication",
        "crucial": "extermination",
        "ramKill": "ramkill",
        "payback": "payback",
        "denied": "denied"
    },
    "textBackground": {
        "enabled": false,
        "height": 32,
        "image": "../../scripts/client/gui/mods/mod_UT_announcer.png",
        "width": 530
    },
    "textColour": 10,
    "textLength": 3,
    "textLock": false,
    "textPosition": {
        "alignX": "center",
        "alignY": "top",
        "x": 22,
        "y": 62
    },
    "textShadow": {
        "alpha": 100,
        "angle": 90,
        "color": "#000000",
        "distance": 0,
        "enabled": true,
        "size": 2,
        "strength": 200
    },
    "textStyle": {
        "colour": "#2AB157",
        "font": "$IMELanguageBar",
        "size": 25
    }
}