﻿{
    "enabled": true,
    "iconSizeX": 47,
    "iconSizeY": 16,
    "messageColorAssistRadio": 6,
    "messageColorAssistStun": 5,
    "messageColorAssistTrack": 11,
    "messageColorSpotted": 10,
    "messageTextAssistRadio": "Assist Radio:{vehicles_names}{damage}",
    "messageTextAssistStun": "Assist Stun:{vehicles_names}{damage}",
    "messageTextAssistTrack": "Assist Track:{vehicles_names}{damage}",
    "messageTextSpotted": "Spotted:{vehicles_names}",
    "sound": true,
    "soundAssist": "gun_intuition",
    "soundSpotted": "enemy_sighted_for_team"
}