{"data":[{"IDNum":1,"expDef":1.121,"expFrag":0.975,"expSpot":1.372,"expDamage":486.772,"expWinRate":54.911},{"IDNum":33,"expDef":1.188,"expFrag":1.239,"expSpot":1.554,"expDamage":609.635,"expWinRate":56.019},{"IDNum":49,"expDef":0.910,"expFrag":0.883,"expSpot":1.583,"expDamage":1109.049,"expWinRate":51.693},{"IDNum":81,"expDef":1.288,"expFrag":1.675,"expSpot":0.928,"expDamage":220.229,"expWinRate":57.670},{"IDNum":113,"expDef":1.165,"expFrag":1.579,"expSpot":0.838,"expDamage":227.327,"expWinRate":58.311},{"IDNum":129,"expDef":1.263,"expFrag":1.475,"expSpot":1.308,"expDamage":213.762,"expWinRate":58.484},{"IDNum":145,"expDef":0.797,"expFrag":0.974,"expSpot":1.336,"expDamage":770.628,"expWinRate":54.505},{"IDNum":161,"expDef":1.572,"expFrag":1.644,"expSpot":0.992,"expDamage":230.978,"expWinRate":58.180},{"IDNum":257,"expDef":1.273,"expFrag":1.119,"expSpot":0.537,"expDamage":579.651,"expWinRate":54.392},{"IDNum":273,"expDef":1.290,"expFrag":1.011,"expSpot":0.074,"expDamage":918.254,"expWinRate":51.423},{"IDNum":289,"expDef":1.554,"expFrag":1.059,"expSpot":2.160,"expDamage":280.224,"expWinRate":56.842},{"IDNum":305,"expDef":0.697,"expFrag":0.685,"expSpot":2.553,"expDamage":666.694,"expWinRate":51.993},{"IDNum":321,"expDef":1.636,"expFrag":1.209,"expSpot":0.814,"expDamage":305.859,"expWinRate":58.166},{"IDNum":337,"expDef":1.228,"expFrag":1.395,"expSpot":0.931,"expDamage":247.744,"expWinRate":56.571},{"IDNum":353,"expDef":1.436,"expFrag":1.353,"expSpot":1.190,"expDamage":237.534,"expWinRate":57.721},{"IDNum":369,"expDef":1.537,"expFrag":1.209,"expSpot":1.366,"expDamage":239.857,"expWinRate":56.580},{"IDNum":385,"expDef":1.305,"expFrag":1.318,"expSpot":1.322,"expDamage":255.876,"expWinRate":57.369},{"IDNum":401,"expDef":1.434,"expFrag":0.860,"expSpot":0.961,"expDamage":244.202,"expWinRate":54.885},{"IDNum":417,"expDef":1.715,"expFrag":1.296,"expSpot":1.367,"expDamage":285.398,"expWinRate":57.155},{"IDNum":513,"expDef":0.826,"expFrag":0.977,"expSpot":1.012,"expDamage":1027.582,"expWinRate":53.415},{"IDNum":529,"expDef":1.028,"expFrag":0.940,"expSpot":0.986,"expDamage":1068.829,"expWinRate":53.609},{"IDNum":545,"expDef":1.434,"expFrag":1.549,"expSpot":1.879,"expDamage":199.658,"expWinRate":58.034},{"IDNum":561,"expDef":0.708,"expFrag":0.898,"expSpot":1.421,"expDamage":1230.393,"expWinRate":51.212},{"IDNum":577,"expDef":1.876,"expFrag":1.455,"expSpot":1.215,"expDamage":204.055,"expWinRate":57.837},{"IDNum":593,"expDef":1.454,"expFrag":1.366,"expSpot":2.104,"expDamage":247.746,"expWinRate":58.119},{"IDNum":609,"expDef":1.738,"expFrag":1.531,"expSpot":1.116,"expDamage":201.923,"expWinRate":57.725},{"IDNum":625,"expDef":1.484,"expFrag":0.942,"expSpot":1.048,"expDamage":299.873,"expWinRate":55.937},{"IDNum":641,"expDef":1.572,"expFrag":1.160,"expSpot":1.342,"expDamage":340.688,"expWinRate":56.551},{"IDNum":673,"expDef":1.603,"expFrag":1.486,"expSpot":0.945,"expDamage":304.008,"expWinRate":58.852},{"IDNum":769,"expDef":1.260,"expFrag":0.935,"expSpot":2.098,"expDamage":265.749,"expWinRate":55.950},{"IDNum":785,"expDef":1.786,"expFrag":1.356,"expSpot":1.498,"expDamage":233.988,"expWinRate":57.255},{"IDNum":801,"expDef":0.901,"expFrag":0.967,"expSpot":1.023,"expDamage":796.774,"expWinRate":53.724},{"IDNum":817,"expDef":0.698,"expFrag":0.906,"expSpot":1.303,"expDamage":1236.091,"expWinRate":52.247},{"IDNum":833,"expDef":1.355,"expFrag":1.332,"expSpot":0.119,"expDamage":219.297,"expWinRate":56.408},{"IDNum":849,"expDef":1.588,"expFrag":1.118,"expSpot":0.778,"expDamage":448.998,"expWinRate":55.895},{"IDNum":865,"expDef":1.436,"expFrag":1.342,"expSpot":1.441,"expDamage":243.860,"expWinRate":56.811},{"IDNum":881,"expDef":1.330,"expFrag":0.958,"expSpot":1.180,"expDamage":374.330,"expWinRate":55.904},{"IDNum":897,"expDef":1.106,"expFrag":0.991,"expSpot":1.280,"expDamage":390.094,"expWinRate":55.323},{"IDNum":913,"expDef":0.450,"expFrag":0.870,"expSpot":1.006,"expDamage":1349.407,"expWinRate":53.163},{"IDNum":929,"expDef":1.495,"expFrag":1.322,"expSpot":1.095,"expDamage":391.444,"expWinRate":56.411},{"IDNum":1025,"expDef":1.454,"expFrag":1.312,"expSpot":1.696,"expDamage":233.518,"expWinRate":56.831},{"IDNum":1041,"expDef":1.393,"expFrag":1.109,"expSpot":0.699,"expDamage":581.418,"expWinRate":54.179},{"IDNum":1057,"expDef":1.003,"expFrag":1.055,"expSpot":1.369,"expDamage":520.826,"expWinRate":54.815},{"IDNum":1073,"expDef":0.978,"expFrag":0.910,"expSpot":1.465,"expDamage":912.177,"expWinRate":54.380},{"IDNum":1089,"expDef":1.437,"expFrag":1.147,"expSpot":1.112,"expDamage":395.556,"expWinRate":55.707},{"IDNum":1105,"expDef":0.992,"expFrag":0.988,"expSpot":1.860,"expDamage":698.637,"expWinRate":54.352},{"IDNum":1121,"expDef":1.092,"expFrag":0.889,"expSpot":1.005,"expDamage":907.886,"expWinRate":51.565},{"IDNum":1137,"expDef":1.108,"expFrag":0.851,"expSpot":1.421,"expDamage":486.015,"expWinRate":54.410},{"IDNum":1153,"expDef":1.005,"expFrag":0.907,"expSpot":1.174,"expDamage":500.545,"expWinRate":53.986},{"IDNum":1169,"expDef":1.366,"expFrag":1.431,"expSpot":1.531,"expDamage":234.294,"expWinRate":58.440},{"IDNum":1185,"expDef":0.940,"expFrag":1.130,"expSpot":1.069,"expDamage":449.474,"expWinRate":55.605},{"IDNum":1297,"expDef":1.188,"expFrag":0.879,"expSpot":1.246,"expDamage":894.289,"expWinRate":53.837},{"IDNum":1313,"expDef":1.105,"expFrag":0.970,"expSpot":1.418,"expDamage":692.098,"expWinRate":54.835},{"IDNum":1329,"expDef":1.765,"expFrag":1.672,"expSpot":1.281,"expDamage":221.525,"expWinRate":56.590},{"IDNum":1345,"expDef":2.034,"expFrag":1.383,"expSpot":1.046,"expDamage":247.739,"expWinRate":58.470},{"IDNum":1361,"expDef":1.570,"expFrag":1.129,"expSpot":1.758,"expDamage":299.387,"expWinRate":57.340},{"IDNum":1377,"expDef":1.086,"expFrag":0.914,"expSpot":1.187,"expDamage":488.517,"expWinRate":54.445},{"IDNum":1393,"expDef":1.010,"expFrag":0.913,"expSpot":1.423,"expDamage":720.126,"expWinRate":53.224},{"IDNum":1409,"expDef":1.010,"expFrag":0.936,"expSpot":1.087,"expDamage":739.489,"expWinRate":53.490},{"IDNum":1425,"expDef":1.443,"expFrag":1.442,"expSpot":0.999,"expDamage":304.694,"expWinRate":58.689},{"IDNum":1441,"expDef":0.847,"expFrag":0.895,"expSpot":1.075,"expDamage":496.305,"expWinRate":54.819},{"IDNum":1537,"expDef":1.000,"expFrag":1.019,"expSpot":1.215,"expDamage":401.480,"expWinRate":55.583},{"IDNum":1553,"expDef":1.259,"expFrag":1.055,"expSpot":0.727,"expDamage":748.556,"expWinRate":53.581},{"IDNum":1569,"expDef":1.029,"expFrag":0.917,"expSpot":1.576,"expDamage":936.563,"expWinRate":54.264},{"IDNum":1585,"expDef":0.955,"expFrag":0.819,"expSpot":1.480,"expDamage":1053.430,"expWinRate":52.165},{"IDNum":1601,"expDef":2.151,"expFrag":1.320,"expSpot":0.923,"expDamage":250.590,"expWinRate":57.289},{"IDNum":1617,"expDef":1.109,"expFrag":1.024,"expSpot":0.872,"expDamage":384.395,"expWinRate":54.949},{"IDNum":1633,"expDef":1.154,"expFrag":0.992,"expSpot":1.243,"expDamage":380.344,"expWinRate":55.930},{"IDNum":1649,"expDef":0.870,"expFrag":0.870,"expSpot":1.225,"expDamage":910.274,"expWinRate":53.070},{"IDNum":1665,"expDef":0.766,"expFrag":0.883,"expSpot":1.295,"expDamage":915.983,"expWinRate":52.934},{"IDNum":1681,"expDef":1.204,"expFrag":1.024,"expSpot":1.179,"expDamage":323.926,"expWinRate":55.006},{"IDNum":1697,"expDef":0.690,"expFrag":0.976,"expSpot":1.022,"expDamage":760.403,"expWinRate":53.387},{"IDNum":1793,"expDef":0.792,"expFrag":0.914,"expSpot":0.042,"expDamage":1141.337,"expWinRate":50.695},{"IDNum":1809,"expDef":1.203,"expFrag":1.409,"expSpot":0.611,"expDamage":472.944,"expWinRate":56.279},{"IDNum":1825,"expDef":1.508,"expFrag":1.481,"expSpot":2.448,"expDamage":264.604,"expWinRate":57.047},{"IDNum":1841,"expDef":0.725,"expFrag":0.873,"expSpot":1.370,"expDamage":1429.463,"expWinRate":51.561},{"IDNum":1889,"expDef":1.130,"expFrag":0.951,"expSpot":1.061,"expDamage":725.369,"expWinRate":52.502},{"IDNum":1905,"expDef":0.941,"expFrag":0.787,"expSpot":1.044,"expDamage":1067.285,"expWinRate":51.837},{"IDNum":1921,"expDef":0.664,"expFrag":0.939,"expSpot":0.812,"expDamage":1331.708,"expWinRate":51.946},{"IDNum":1937,"expDef":0.935,"expFrag":0.739,"expSpot":1.491,"expDamage":341.725,"expWinRate":53.484},{"IDNum":1953,"expDef":0.710,"expFrag":0.931,"expSpot":1.307,"expDamage":924.884,"expWinRate":53.450},{"IDNum":2049,"expDef":1.064,"expFrag":0.794,"expSpot":2.425,"expDamage":327.414,"expWinRate":55.412},{"IDNum":2065,"expDef":1.630,"expFrag":1.388,"expSpot":1.679,"expDamage":249.530,"expWinRate":57.345},{"IDNum":2081,"expDef":1.880,"expFrag":1.249,"expSpot":0.392,"expDamage":229.126,"expWinRate":54.357},{"IDNum":2097,"expDef":0.528,"expFrag":0.847,"expSpot":1.235,"expDamage":1573.607,"expWinRate":51.444},{"IDNum":2113,"expDef":1.267,"expFrag":1.317,"expSpot":0.108,"expDamage":687.814,"expWinRate":54.348},{"IDNum":2129,"expDef":1.192,"expFrag":0.930,"expSpot":1.632,"expDamage":462.268,"expWinRate":55.111},{"IDNum":2145,"expDef":1.373,"expFrag":1.274,"expSpot":1.193,"expDamage":341.461,"expWinRate":57.516},{"IDNum":2161,"expDef":0.742,"expFrag":1.011,"expSpot":1.119,"expDamage":1627.818,"expWinRate":50.886},{"IDNum":2177,"expDef":0.531,"expFrag":0.968,"expSpot":0.915,"expDamage":1662.197,"expWinRate":51.643},{"IDNum":2193,"expDef":0.721,"expFrag":0.882,"expSpot":1.206,"expDamage":525.154,"expWinRate":54.697},{"IDNum":2209,"expDef":0.656,"expFrag":0.874,"expSpot":1.089,"expDamage":1191.584,"expWinRate":50.552},{"IDNum":2305,"expDef":0.888,"expFrag":1.018,"expSpot":0.521,"expDamage":998.546,"expWinRate":52.690},{"IDNum":2321,"expDef":1.103,"expFrag":1.003,"expSpot":1.141,"expDamage":764.551,"expWinRate":54.714},{"IDNum":2353,"expDef":1.526,"expFrag":1.426,"expSpot":1.257,"expDamage":254.742,"expWinRate":57.553},{"IDNum":2369,"expDef":1.603,"expFrag":1.592,"expSpot":1.017,"expDamage":421.064,"expWinRate":57.694},{"IDNum":2385,"expDef":1.407,"expFrag":1.167,"expSpot":1.005,"expDamage":309.469,"expWinRate":56.826},{"IDNum":2401,"expDef":1.474,"expFrag":1.148,"expSpot":1.567,"expDamage":290.813,"expWinRate":56.964},{"IDNum":2417,"expDef":0.621,"expFrag":1.035,"expSpot":1.283,"expDamage":1868.589,"expWinRate":49.339},{"IDNum":2433,"expDef":0.459,"expFrag":0.953,"expSpot":1.129,"expDamage":1986.617,"expWinRate":49.808},{"IDNum":2449,"expDef":0.721,"expFrag":0.921,"expSpot":0.779,"expDamage":740.077,"expWinRate":53.405},{"IDNum":2465,"expDef":0.671,"expFrag":1.043,"expSpot":1.087,"expDamage":1655.818,"expWinRate":50.305},{"IDNum":2561,"expDef":0.971,"expFrag":0.937,"expSpot":1.337,"expDamage":707.580,"expWinRate":53.950},{"IDNum":2577,"expDef":1.103,"expFrag":1.018,"expSpot":1.203,"expDamage":646.327,"expWinRate":54.800},{"IDNum":2593,"expDef":0.571,"expFrag":0.967,"expSpot":0.676,"expDamage":1701.558,"expWinRate":50.712},{"IDNum":2625,"expDef":0.859,"expFrag":0.890,"expSpot":0.913,"expDamage":785.384,"expWinRate":53.435},{"IDNum":2657,"expDef":1.014,"expFrag":0.815,"expSpot":1.143,"expDamage":1114.841,"expWinRate":51.170},{"IDNum":2689,"expDef":1.685,"expFrag":1.079,"expSpot":0.511,"expDamage":312.940,"expWinRate":50.767},{"IDNum":2705,"expDef":0.632,"expFrag":0.957,"expSpot":1.035,"expDamage":1066.384,"expWinRate":53.508},{"IDNum":2721,"expDef":0.616,"expFrag":1.117,"expSpot":1.115,"expDamage":1974.057,"expWinRate":49.598},{"IDNum":2817,"expDef":0.780,"expFrag":1.040,"expSpot":1.046,"expDamage":817.774,"expWinRate":53.745},{"IDNum":2833,"expDef":1.326,"expFrag":1.171,"expSpot":0.166,"expDamage":350.217,"expWinRate":57.220},{"IDNum":2849,"expDef":0.712,"expFrag":0.789,"expSpot":0.819,"expDamage":1247.081,"expWinRate":50.823},{"IDNum":2865,"expDef":0.792,"expFrag":0.840,"expSpot":1.088,"expDamage":1225.072,"expWinRate":53.016},{"IDNum":2881,"expDef":1.175,"expFrag":0.813,"expSpot":0.822,"expDamage":288.900,"expWinRate":56.006},{"IDNum":2897,"expDef":1.334,"expFrag":1.120,"expSpot":0.867,"expDamage":624.536,"expWinRate":55.736},{"IDNum":2913,"expDef":1.179,"expFrag":0.978,"expSpot":1.686,"expDamage":365.219,"expWinRate":55.485},{"IDNum":2929,"expDef":0.466,"expFrag":0.997,"expSpot":1.125,"expDamage":2238.801,"expWinRate":49.829},{"IDNum":2945,"expDef":1.481,"expFrag":1.366,"expSpot":0.574,"expDamage":395.370,"expWinRate":56.381},{"IDNum":2961,"expDef":0.517,"expFrag":0.831,"expSpot":0.965,"expDamage":1301.583,"expWinRate":51.657},{"IDNum":2977,"expDef":0.438,"expFrag":0.964,"expSpot":0.922,"expDamage":1991.134,"expWinRate":49.527},{"IDNum":3073,"expDef":1.213,"expFrag":1.084,"expSpot":1.362,"expDamage":282.354,"expWinRate":56.156},{"IDNum":3089,"expDef":1.607,"expFrag":1.623,"expSpot":1.796,"expDamage":226.685,"expWinRate":57.757},{"IDNum":3105,"expDef":1.055,"expFrag":1.033,"expSpot":0.843,"expDamage":361.489,"expWinRate":55.285},{"IDNum":3121,"expDef":1.115,"expFrag":0.915,"expSpot":2.265,"expDamage":341.146,"expWinRate":55.399},{"IDNum":3137,"expDef":0.961,"expFrag":0.997,"expSpot":0.899,"expDamage":1307.452,"expWinRate":51.340},{"IDNum":3153,"expDef":1.240,"expFrag":0.937,"expSpot":0.835,"expDamage":1009.826,"expWinRate":55.047},{"IDNum":3169,"expDef":1.524,"expFrag":1.167,"expSpot":1.204,"expDamage":245.843,"expWinRate":56.016},{"IDNum":3185,"expDef":0.481,"expFrag":0.873,"expSpot":1.108,"expDamage":1742.733,"expWinRate":51.332},{"IDNum":3201,"expDef":1.370,"expFrag":1.172,"expSpot":0.637,"expDamage":454.831,"expWinRate":55.318},{"IDNum":3217,"expDef":0.432,"expFrag":0.879,"expSpot":0.941,"expDamage":1650.824,"expWinRate":52.084},{"IDNum":3233,"expDef":0.682,"expFrag":0.893,"expSpot":0.995,"expDamage":1067.673,"expWinRate":53.601},{"IDNum":3329,"expDef":1.669,"expFrag":1.638,"expSpot":1.211,"expDamage":218.885,"expWinRate":57.406},{"IDNum":3345,"expDef":1.519,"expFrag":1.323,"expSpot":1.288,"expDamage":336.324,"expWinRate":58.185},{"IDNum":3361,"expDef":1.196,"expFrag":1.143,"expSpot":1.136,"expDamage":618.405,"expWinRate":55.555},{"IDNum":3377,"expDef":0.709,"expFrag":0.695,"expSpot":2.309,"expDamage":700.116,"expWinRate":52.002},{"IDNum":3393,"expDef":1.880,"expFrag":1.082,"expSpot":0.139,"expDamage":389.530,"expWinRate":52.205},{"IDNum":3409,"expDef":1.623,"expFrag":1.083,"expSpot":0.125,"expDamage":287.419,"expWinRate":55.644},{"IDNum":3425,"expDef":0.779,"expFrag":0.918,"expSpot":1.120,"expDamage":1541.535,"expWinRate":50.378},{"IDNum":3441,"expDef":0.556,"expFrag":0.764,"expSpot":1.027,"expDamage":1291.185,"expWinRate":51.224},{"IDNum":3457,"expDef":1.066,"expFrag":1.070,"expSpot":0.828,"expDamage":530.402,"expWinRate":55.015},{"IDNum":3473,"expDef":0.343,"expFrag":0.927,"expSpot":0.944,"expDamage":2068.153,"expWinRate":50.554},{"IDNum":3489,"expDef":0.464,"expFrag":0.910,"expSpot":0.983,"expDamage":1620.406,"expWinRate":51.121},{"IDNum":3585,"expDef":1.045,"expFrag":1.084,"expSpot":0.727,"expDamage":785.688,"expWinRate":53.263},{"IDNum":3601,"expDef":1.702,"expFrag":1.747,"expSpot":0.897,"expDamage":301.191,"expWinRate":58.297},{"IDNum":3617,"expDef":1.742,"expFrag":0.874,"expSpot":0.116,"expDamage":472.796,"expWinRate":49.641},{"IDNum":3633,"expDef":0.799,"expFrag":0.992,"expSpot":1.077,"expDamage":1065.143,"expWinRate":54.276},{"IDNum":3649,"expDef":0.774,"expFrag":1.068,"expSpot":1.681,"expDamage":1770.333,"expWinRate":48.776},{"IDNum":3665,"expDef":1.070,"expFrag":0.947,"expSpot":1.015,"expDamage":735.895,"expWinRate":52.863},{"IDNum":3681,"expDef":0.665,"expFrag":0.966,"expSpot":1.313,"expDamage":1873.074,"expWinRate":50.131},{"IDNum":3697,"expDef":0.598,"expFrag":0.909,"expSpot":0.936,"expDamage":1145.623,"expWinRate":53.064},{"IDNum":3713,"expDef":1.042,"expFrag":0.955,"expSpot":0.604,"expDamage":768.076,"expWinRate":53.006},{"IDNum":3729,"expDef":0.818,"expFrag":0.877,"expSpot":1.323,"expDamage":648.324,"expWinRate":53.148},{"IDNum":3745,"expDef":0.501,"expFrag":0.891,"expSpot":1.018,"expDamage":1367.622,"expWinRate":51.504},{"IDNum":3841,"expDef":1.427,"expFrag":1.239,"expSpot":0.121,"expDamage":214.269,"expWinRate":54.598},{"IDNum":3857,"expDef":1.047,"expFrag":1.002,"expSpot":0.682,"expDamage":1036.875,"expWinRate":53.037},{"IDNum":3873,"expDef":0.970,"expFrag":0.991,"expSpot":1.071,"expDamage":1129.463,"expWinRate":53.995},{"IDNum":3889,"expDef":0.647,"expFrag":0.658,"expSpot":2.483,"expDamage":839.363,"expWinRate":51.669},{"IDNum":3905,"expDef":0.775,"expFrag":0.955,"expSpot":0.852,"expDamage":1579.020,"expWinRate":50.290},{"IDNum":3921,"expDef":0.800,"expFrag":0.828,"expSpot":1.040,"expDamage":1263.965,"expWinRate":52.522},{"IDNum":3937,"expDef":0.444,"expFrag":0.888,"expSpot":0.791,"expDamage":2010.033,"expWinRate":50.869},{"IDNum":3969,"expDef":1.108,"expFrag":0.941,"expSpot":0.580,"expDamage":975.266,"expWinRate":52.351},{"IDNum":3985,"expDef":0.641,"expFrag":0.948,"expSpot":0.967,"expDamage":847.209,"expWinRate":52.815},{"IDNum":4097,"expDef":0.758,"expFrag":0.902,"expSpot":0.020,"expDamage":1287.957,"expWinRate":50.996},{"IDNum":4113,"expDef":1.036,"expFrag":0.947,"expSpot":1.551,"expDamage":890.119,"expWinRate":53.598},{"IDNum":4129,"expDef":1.426,"expFrag":1.002,"expSpot":0.078,"expDamage":833.851,"expWinRate":51.345},{"IDNum":4145,"expDef":0.639,"expFrag":0.925,"expSpot":1.276,"expDamage":1802.564,"expWinRate":49.774},{"IDNum":4161,"expDef":2.240,"expFrag":1.118,"expSpot":0.099,"expDamage":622.892,"expWinRate":53.269},{"IDNum":4193,"expDef":0.485,"expFrag":0.804,"expSpot":0.694,"expDamage":1517.826,"expWinRate":51.707},{"IDNum":4225,"expDef":0.909,"expFrag":0.915,"expSpot":0.571,"expDamage":1342.527,"expWinRate":50.488},{"IDNum":4241,"expDef":0.648,"expFrag":0.886,"expSpot":1.292,"expDamage":1004.875,"expWinRate":53.112},{"IDNum":4353,"expDef":0.881,"expFrag":0.819,"expSpot":1.422,"expDamage":1059.409,"expWinRate":51.999},{"IDNum":4369,"expDef":1.111,"expFrag":1.028,"expSpot":1.874,"expDamage":376.225,"expWinRate":57.218},{"IDNum":4385,"expDef":0.946,"expFrag":0.865,"expSpot":1.162,"expDamage":1238.156,"expWinRate":52.396},{"IDNum":4401,"expDef":1.461,"expFrag":1.277,"expSpot":1.203,"expDamage":327.164,"expWinRate":57.543},{"IDNum":4417,"expDef":1.027,"expFrag":1.001,"expSpot":1.150,"expDamage":490.209,"expWinRate":54.329},{"IDNum":4433,"expDef":0.603,"expFrag":0.851,"expSpot":1.027,"expDamage":1633.064,"expWinRate":51.509},{"IDNum":4449,"expDef":1.088,"expFrag":1.085,"expSpot":0.724,"expDamage":377.852,"expWinRate":54.041},{"IDNum":4481,"expDef":0.895,"expFrag":0.976,"expSpot":0.569,"expDamage":1705.775,"expWinRate":50.641},{"IDNum":4497,"expDef":0.664,"expFrag":0.760,"expSpot":1.000,"expDamage":1115.053,"expWinRate":50.100},{"IDNum":4609,"expDef":1.840,"expFrag":1.382,"expSpot":1.081,"expDamage":239.475,"expWinRate":57.274},{"IDNum":4625,"expDef":1.631,"expFrag":1.017,"expSpot":0.166,"expDamage":405.270,"expWinRate":53.934},{"IDNum":4641,"expDef":1.583,"expFrag":1.012,"expSpot":0.127,"expDamage":390.259,"expWinRate":53.574},{"IDNum":4657,"expDef":1.156,"expFrag":0.996,"expSpot":1.382,"expDamage":485.870,"expWinRate":54.260},{"IDNum":4673,"expDef":1.481,"expFrag":1.036,"expSpot":0.076,"expDamage":923.441,"expWinRate":52.656},{"IDNum":4689,"expDef":1.213,"expFrag":0.983,"expSpot":0.733,"expDamage":764.592,"expWinRate":54.552},{"IDNum":4705,"expDef":1.087,"expFrag":1.158,"expSpot":0.718,"expDamage":349.146,"expWinRate":54.615},{"IDNum":4737,"expDef":0.836,"expFrag":1.027,"expSpot":0.616,"expDamage":2041.719,"expWinRate":50.479},{"IDNum":4865,"expDef":1.434,"expFrag":0.957,"expSpot":0.098,"expDamage":544.271,"expWinRate":50.724},{"IDNum":4881,"expDef":1.228,"expFrag":1.216,"expSpot":1.788,"expDamage":350.310,"expWinRate":57.330},{"IDNum":4897,"expDef":1.215,"expFrag":1.300,"expSpot":1.410,"expDamage":322.524,"expWinRate":56.771},{"IDNum":4913,"expDef":0.769,"expFrag":0.728,"expSpot":2.387,"expDamage":500.854,"expWinRate":52.596},{"IDNum":4929,"expDef":0.713,"expFrag":0.756,"expSpot":2.308,"expDamage":974.907,"expWinRate":51.192},{"IDNum":4945,"expDef":1.375,"expFrag":0.870,"expSpot":0.784,"expDamage":346.905,"expWinRate":55.124},{"IDNum":4961,"expDef":0.649,"expFrag":0.797,"expSpot":0.743,"expDamage":1256.846,"expWinRate":52.581},{"IDNum":4993,"expDef":0.660,"expFrag":0.852,"expSpot":1.197,"expDamage":1218.998,"expWinRate":51.355},{"IDNum":5121,"expDef":1.788,"expFrag":1.645,"expSpot":0.436,"expDamage":294.022,"expWinRate":58.541},{"IDNum":5137,"expDef":0.899,"expFrag":0.836,"expSpot":0.958,"expDamage":1240.395,"expWinRate":51.807},{"IDNum":5153,"expDef":1.094,"expFrag":0.845,"expSpot":2.292,"expDamage":294.917,"expWinRate":56.448},{"IDNum":5169,"expDef":1.054,"expFrag":0.956,"expSpot":1.471,"expDamage":687.924,"expWinRate":54.070},{"IDNum":5185,"expDef":0.818,"expFrag":0.752,"expSpot":2.153,"expDamage":683.341,"expWinRate":52.138},{"IDNum":5201,"expDef":1.460,"expFrag":1.427,"expSpot":1.258,"expDamage":253.614,"expWinRate":57.114},{"IDNum":5217,"expDef":0.650,"expFrag":0.951,"expSpot":0.971,"expDamage":1092.977,"expWinRate":54.904},{"IDNum":5249,"expDef":0.667,"expFrag":0.899,"expSpot":1.157,"expDamage":1541.021,"expWinRate":50.819},{"IDNum":5265,"expDef":0.640,"expFrag":0.960,"expSpot":1.573,"expDamage":1896.781,"expWinRate":50.891},{"IDNum":5377,"expDef":0.799,"expFrag":0.880,"expSpot":1.007,"expDamage":1268.042,"expWinRate":51.600},{"IDNum":5393,"expDef":0.746,"expFrag":0.694,"expSpot":2.304,"expDamage":397.278,"expWinRate":53.842},{"IDNum":5409,"expDef":0.939,"expFrag":0.792,"expSpot":1.929,"expDamage":379.130,"expWinRate":53.723},{"IDNum":5425,"expDef":0.556,"expFrag":0.858,"expSpot":1.336,"expDamage":1808.809,"expWinRate":49.909},{"IDNum":5457,"expDef":1.082,"expFrag":0.927,"expSpot":1.612,"expDamage":874.393,"expWinRate":53.069},{"IDNum":5473,"expDef":0.651,"expFrag":1.042,"expSpot":0.798,"expDamage":831.381,"expWinRate":54.282},{"IDNum":5505,"expDef":0.591,"expFrag":0.964,"expSpot":1.140,"expDamage":1892.804,"expWinRate":50.425},{"IDNum":5633,"expDef":1.191,"expFrag":1.034,"expSpot":0.066,"expDamage":970.896,"expWinRate":51.193},{"IDNum":5649,"expDef":1.579,"expFrag":1.079,"expSpot":0.102,"expDamage":634.421,"expWinRate":52.960},{"IDNum":5665,"expDef":1.485,"expFrag":1.332,"expSpot":1.545,"expDamage":236.523,"expWinRate":57.511},{"IDNum":5681,"expDef":0.617,"expFrag":0.685,"expSpot":2.469,"expDamage":1037.545,"expWinRate":50.091},{"IDNum":5697,"expDef":0.886,"expFrag":0.986,"expSpot":1.400,"expDamage":1421.522,"expWinRate":50.744},{"IDNum":5713,"expDef":0.800,"expFrag":0.868,"expSpot":1.232,"expDamage":1516.082,"expWinRate":50.832},{"IDNum":5729,"expDef":0.852,"expFrag":1.263,"expSpot":1.148,"expDamage":705.886,"expWinRate":54.873},{"IDNum":5889,"expDef":0.813,"expFrag":0.989,"expSpot":0.827,"expDamage":1075.244,"expWinRate":53.846},{"IDNum":5905,"expDef":1.616,"expFrag":1.005,"expSpot":0.149,"expDamage":358.616,"expWinRate":52.117},{"IDNum":5921,"expDef":1.026,"expFrag":0.827,"expSpot":1.392,"expDamage":1111.563,"expWinRate":52.009},{"IDNum":5937,"expDef":0.588,"expFrag":0.728,"expSpot":2.601,"expDamage":1297.296,"expWinRate":48.752},{"IDNum":5953,"expDef":1.622,"expFrag":1.083,"expSpot":0.895,"expDamage":292.493,"expWinRate":57.378},{"IDNum":5969,"expDef":0.927,"expFrag":0.774,"expSpot":1.252,"expDamage":1102.953,"expWinRate":52.535},{"IDNum":5985,"expDef":1.205,"expFrag":1.452,"expSpot":1.166,"expDamage":253.658,"expWinRate":57.455},{"IDNum":6145,"expDef":0.656,"expFrag":0.877,"expSpot":1.085,"expDamage":1853.666,"expWinRate":49.527},{"IDNum":6161,"expDef":1.103,"expFrag":0.887,"expSpot":2.535,"expDamage":349.644,"expWinRate":56.096},{"IDNum":6177,"expDef":1.600,"expFrag":1.845,"expSpot":1.066,"expDamage":279.867,"expWinRate":56.823},{"IDNum":6193,"expDef":0.475,"expFrag":0.887,"expSpot":1.241,"expDamage":1941.646,"expWinRate":49.382},{"IDNum":6209,"expDef":0.664,"expFrag":0.996,"expSpot":0.945,"expDamage":1912.913,"expWinRate":48.522},{"IDNum":6225,"expDef":0.636,"expFrag":0.866,"expSpot":1.038,"expDamage":1844.498,"expWinRate":49.113},{"IDNum":6401,"expDef":1.630,"expFrag":1.426,"expSpot":0.779,"expDamage":385.632,"expWinRate":57.019},{"IDNum":6417,"expDef":1.036,"expFrag":0.935,"expSpot":1.552,"expDamage":470.047,"expWinRate":54.971},{"IDNum":6433,"expDef":1.360,"expFrag":1.454,"expSpot":1.158,"expDamage":360.597,"expWinRate":58.110},{"IDNum":6449,"expDef":1.329,"expFrag":1.607,"expSpot":0.440,"expDamage":321.489,"expWinRate":59.181},{"IDNum":6465,"expDef":0.715,"expFrag":0.681,"expSpot":1.968,"expDamage":521.864,"expWinRate":52.242},{"IDNum":6481,"expDef":1.049,"expFrag":0.885,"expSpot":1.708,"expDamage":332.371,"expWinRate":55.213},{"IDNum":6657,"expDef":1.073,"expFrag":0.913,"expSpot":1.428,"expDamage":857.650,"expWinRate":53.934},{"IDNum":6673,"expDef":1.551,"expFrag":1.370,"expSpot":0.910,"expDamage":391.054,"expWinRate":58.766},{"IDNum":6705,"expDef":1.338,"expFrag":1.497,"expSpot":0.609,"expDamage":398.091,"expWinRate":56.747},{"IDNum":6721,"expDef":1.056,"expFrag":1.146,"expSpot":0.869,"expDamage":643.144,"expWinRate":55.429},{"IDNum":6913,"expDef":1.412,"expFrag":1.306,"expSpot":0.818,"expDamage":498.098,"expWinRate":55.984},{"IDNum":6929,"expDef":0.576,"expFrag":0.888,"expSpot":0.839,"expDamage":1864.153,"expWinRate":51.742},{"IDNum":6945,"expDef":1.354,"expFrag":1.121,"expSpot":0.937,"expDamage":580.585,"expWinRate":54.939},{"IDNum":6961,"expDef":1.189,"expFrag":1.411,"expSpot":0.674,"expDamage":569.157,"expWinRate":56.703},{"IDNum":6977,"expDef":0.997,"expFrag":0.880,"expSpot":0.934,"expDamage":1024.261,"expWinRate":53.542},{"IDNum":6993,"expDef":1.091,"expFrag":1.336,"expSpot":0.910,"expDamage":294.830,"expWinRate":56.361},{"IDNum":7169,"expDef":0.578,"expFrag":0.852,"expSpot":1.243,"expDamage":1796.190,"expWinRate":49.594},{"IDNum":7185,"expDef":0.880,"expFrag":0.944,"expSpot":1.251,"expDamage":729.692,"expWinRate":54.246},{"IDNum":7201,"expDef":1.113,"expFrag":1.005,"expSpot":0.835,"expDamage":793.200,"expWinRate":53.965},{"IDNum":7217,"expDef":0.902,"expFrag":1.072,"expSpot":0.503,"expDamage":602.081,"expWinRate":54.723},{"IDNum":7233,"expDef":1.183,"expFrag":0.903,"expSpot":0.062,"expDamage":1098.717,"expWinRate":51.519},{"IDNum":7249,"expDef":0.688,"expFrag":0.907,"expSpot":1.336,"expDamage":1800.279,"expWinRate":49.427},{"IDNum":7425,"expDef":0.788,"expFrag":1.045,"expSpot":0.509,"expDamage":1390.561,"expWinRate":50.393},{"IDNum":7441,"expDef":0.610,"expFrag":0.843,"expSpot":0.920,"expDamage":1534.867,"expWinRate":51.752},{"IDNum":7457,"expDef":0.850,"expFrag":0.876,"expSpot":0.034,"expDamage":1292.576,"expWinRate":51.145},{"IDNum":7473,"expDef":0.867,"expFrag":1.037,"expSpot":0.630,"expDamage":795.625,"expWinRate":53.825},{"IDNum":7489,"expDef":1.027,"expFrag":0.875,"expSpot":0.053,"expDamage":1240.566,"expWinRate":50.913},{"IDNum":7505,"expDef":1.125,"expFrag":1.222,"expSpot":1.638,"expDamage":327.291,"expWinRate":56.965},{"IDNum":7681,"expDef":1.791,"expFrag":1.199,"expSpot":0.123,"expDamage":450.178,"expWinRate":53.592},{"IDNum":7697,"expDef":0.953,"expFrag":1.006,"expSpot":0.572,"expDamage":1382.960,"expWinRate":51.665},{"IDNum":7713,"expDef":1.474,"expFrag":1.299,"expSpot":0.945,"expDamage":498.656,"expWinRate":56.463},{"IDNum":7729,"expDef":0.868,"expFrag":1.075,"expSpot":0.613,"expDamage":1023.477,"expWinRate":53.469},{"IDNum":7745,"expDef":1.819,"expFrag":1.788,"expSpot":0.741,"expDamage":303.357,"expWinRate":58.564},{"IDNum":7761,"expDef":1.283,"expFrag":1.386,"expSpot":1.758,"expDamage":246.055,"expWinRate":57.052},{"IDNum":7937,"expDef":0.801,"expFrag":0.890,"expSpot":1.574,"expDamage":1400.446,"expWinRate":50.982},{"IDNum":7953,"expDef":0.763,"expFrag":1.024,"expSpot":0.594,"expDamage":1733.638,"expWinRate":51.161},{"IDNum":7969,"expDef":1.051,"expFrag":0.928,"expSpot":0.049,"expDamage":1071.342,"expWinRate":51.843},{"IDNum":7985,"expDef":0.665,"expFrag":0.935,"expSpot":0.454,"expDamage":1316.735,"expWinRate":50.936},{"IDNum":8017,"expDef":1.737,"expFrag":1.480,"expSpot":0.732,"expDamage":376.209,"expWinRate":57.496},{"IDNum":8081,"expDef":0.637,"expFrag":0.931,"expSpot":1.134,"expDamage":1576.486,"expWinRate":50.967},{"IDNum":8193,"expDef":0.772,"expFrag":1.113,"expSpot":0.600,"expDamage":1823.902,"expWinRate":50.463},{"IDNum":8209,"expDef":1.203,"expFrag":0.928,"expSpot":2.239,"expDamage":347.969,"expWinRate":56.823},{"IDNum":8225,"expDef":0.872,"expFrag":0.971,"expSpot":0.547,"expDamage":1358.001,"expWinRate":52.590},{"IDNum":8241,"expDef":0.580,"expFrag":1.051,"expSpot":0.490,"expDamage":1767.873,"expWinRate":51.658},{"IDNum":8257,"expDef":1.788,"expFrag":1.381,"expSpot":0.895,"expDamage":363.661,"expWinRate":58.784},{"IDNum":8273,"expDef":1.579,"expFrag":1.639,"expSpot":1.126,"expDamage":278.399,"expWinRate":58.146},{"IDNum":8449,"expDef":0.770,"expFrag":0.913,"expSpot":0.025,"expDamage":1509.959,"expWinRate":50.294},{"IDNum":8465,"expDef":0.960,"expFrag":0.807,"expSpot":1.210,"expDamage":1097.746,"expWinRate":52.247},{"IDNum":8481,"expDef":0.610,"expFrag":0.803,"expSpot":0.026,"expDamage":1631.731,"expWinRate":49.852},{"IDNum":8497,"expDef":0.552,"expFrag":0.997,"expSpot":0.596,"expDamage":1991.300,"expWinRate":50.752},{"IDNum":8529,"expDef":1.194,"expFrag":0.960,"expSpot":0.609,"expDamage":1321.613,"expWinRate":52.465},{"IDNum":8705,"expDef":0.736,"expFrag":0.856,"expSpot":0.034,"expDamage":1633.276,"expWinRate":49.618},{"IDNum":8721,"expDef":0.724,"expFrag":0.873,"expSpot":0.030,"expDamage":1459.197,"expWinRate":50.450},{"IDNum":8737,"expDef":0.552,"expFrag":1.058,"expSpot":0.563,"expDamage":1773.457,"expWinRate":53.343},{"IDNum":8785,"expDef":1.691,"expFrag":1.096,"expSpot":0.739,"expDamage":545.724,"expWinRate":56.919},{"IDNum":8961,"expDef":1.011,"expFrag":0.904,"expSpot":1.453,"expDamage":843.984,"expWinRate":54.346},{"IDNum":8977,"expDef":0.991,"expFrag":0.957,"expSpot":0.043,"expDamage":1130.117,"expWinRate":51.230},{"IDNum":8993,"expDef":0.752,"expFrag":0.919,"expSpot":1.351,"expDamage":1517.525,"expWinRate":50.831},{"IDNum":9041,"expDef":1.576,"expFrag":1.217,"expSpot":1.156,"expDamage":447.340,"expWinRate":56.660},{"IDNum":9217,"expDef":0.795,"expFrag":0.974,"expSpot":1.086,"expDamage":1298.181,"expWinRate":51.926},{"IDNum":9233,"expDef":0.617,"expFrag":0.849,"expSpot":0.028,"expDamage":1645.125,"expWinRate":50.075},{"IDNum":9249,"expDef":1.113,"expFrag":1.018,"expSpot":0.754,"expDamage":1035.396,"expWinRate":53.284},{"IDNum":9297,"expDef":0.465,"expFrag":1.039,"expSpot":0.496,"expDamage":1979.445,"expWinRate":49.353},{"IDNum":9473,"expDef":1.005,"expFrag":0.807,"expSpot":2.411,"expDamage":378.177,"expWinRate":55.052},{"IDNum":9489,"expDef":0.486,"expFrag":0.894,"expSpot":0.934,"expDamage":1884.030,"expWinRate":50.101},{"IDNum":9505,"expDef":0.719,"expFrag":0.848,"expSpot":1.065,"expDamage":1524.705,"expWinRate":50.508},{"IDNum":9553,"expDef":1.365,"expFrag":1.005,"expSpot":0.654,"expDamage":759.467,"expWinRate":55.686},{"IDNum":9745,"expDef":0.705,"expFrag":0.873,"expSpot":0.974,"expDamage":1560.456,"expWinRate":51.537},{"IDNum":9761,"expDef":0.712,"expFrag":0.615,"expSpot":2.602,"expDamage":402.258,"expWinRate":53.283},{"IDNum":9793,"expDef":1.181,"expFrag":1.271,"expSpot":0.561,"expDamage":457.660,"expWinRate":56.414},{"IDNum":9809,"expDef":1.110,"expFrag":0.936,"expSpot":0.414,"expDamage":751.884,"expWinRate":53.090},{"IDNum":9985,"expDef":0.877,"expFrag":0.914,"expSpot":0.816,"expDamage":1267.789,"expWinRate":51.344},{"IDNum":10001,"expDef":0.641,"expFrag":0.631,"expSpot":2.398,"expDamage":491.513,"expWinRate":52.421},{"IDNum":10017,"expDef":1.101,"expFrag":0.984,"expSpot":1.128,"expDamage":703.961,"expWinRate":54.397},{"IDNum":10049,"expDef":1.310,"expFrag":1.173,"expSpot":0.710,"expDamage":616.435,"expWinRate":54.137},{"IDNum":10065,"expDef":1.275,"expFrag":1.029,"expSpot":0.640,"expDamage":1093.608,"expWinRate":55.409},{"IDNum":10241,"expDef":1.079,"expFrag":1.002,"expSpot":0.846,"expDamage":1017.176,"expWinRate":53.335},{"IDNum":10257,"expDef":0.720,"expFrag":0.913,"expSpot":1.275,"expDamage":1555.410,"expWinRate":51.343},{"IDNum":10273,"expDef":1.553,"expFrag":1.188,"expSpot":1.212,"expDamage":466.140,"expWinRate":56.946},{"IDNum":10497,"expDef":0.648,"expFrag":1.044,"expSpot":0.696,"expDamage":823.494,"expWinRate":53.396},{"IDNum":10513,"expDef":0.902,"expFrag":0.850,"expSpot":1.161,"expDamage":1217.271,"expWinRate":52.179},{"IDNum":10529,"expDef":1.376,"expFrag":1.149,"expSpot":1.371,"expDamage":596.794,"expWinRate":54.228},{"IDNum":10577,"expDef":1.157,"expFrag":1.282,"expSpot":0.206,"expDamage":193.620,"expWinRate":56.590},{"IDNum":10753,"expDef":0.658,"expFrag":0.865,"expSpot":0.917,"expDamage":1573.090,"expWinRate":51.416},{"IDNum":10769,"expDef":1.015,"expFrag":0.909,"expSpot":0.939,"expDamage":1047.986,"expWinRate":54.153},{"IDNum":10785,"expDef":0.653,"expFrag":0.881,"expSpot":1.225,"expDamage":1850.364,"expWinRate":49.142},{"IDNum":10817,"expDef":1.058,"expFrag":0.898,"expSpot":0.676,"expDamage":983.998,"expWinRate":53.315},{"IDNum":10833,"expDef":1.799,"expFrag":0.965,"expSpot":0.092,"expDamage":359.491,"expWinRate":54.279},{"IDNum":11009,"expDef":0.827,"expFrag":0.823,"expSpot":0.813,"expDamage":1211.450,"expWinRate":52.216},{"IDNum":11025,"expDef":0.979,"expFrag":0.979,"expSpot":0.465,"expDamage":1016.946,"expWinRate":51.063},{"IDNum":11041,"expDef":1.166,"expFrag":0.926,"expSpot":0.890,"expDamage":976.491,"expWinRate":53.098},{"IDNum":11073,"expDef":0.787,"expFrag":1.039,"expSpot":0.856,"expDamage":1660.773,"expWinRate":51.851},{"IDNum":11089,"expDef":1.540,"expFrag":1.115,"expSpot":0.106,"expDamage":597.608,"expWinRate":55.077},{"IDNum":11265,"expDef":0.844,"expFrag":0.997,"expSpot":0.896,"expDamage":800.880,"expWinRate":54.413},{"IDNum":11281,"expDef":1.550,"expFrag":1.279,"expSpot":0.781,"expDamage":494.092,"expWinRate":56.074},{"IDNum":11297,"expDef":0.911,"expFrag":0.938,"expSpot":0.522,"expDamage":1330.934,"expWinRate":51.242},{"IDNum":11345,"expDef":1.546,"expFrag":0.884,"expSpot":0.061,"expDamage":940.384,"expWinRate":52.457},{"IDNum":11521,"expDef":0.706,"expFrag":0.857,"expSpot":1.154,"expDamage":1518.320,"expWinRate":50.437},{"IDNum":11537,"expDef":0.889,"expFrag":0.990,"expSpot":0.681,"expDamage":1368.474,"expWinRate":51.136},{"IDNum":11553,"expDef":1.170,"expFrag":1.013,"expSpot":1.228,"expDamage":792.019,"expWinRate":53.323},{"IDNum":11585,"expDef":1.072,"expFrag":0.944,"expSpot":0.616,"expDamage":745.521,"expWinRate":52.998},{"IDNum":11601,"expDef":0.824,"expFrag":0.836,"expSpot":0.027,"expDamage":1422.657,"expWinRate":50.803},{"IDNum":11777,"expDef":1.094,"expFrag":1.153,"expSpot":0.848,"expDamage":628.814,"expWinRate":55.008},{"IDNum":11793,"expDef":1.126,"expFrag":1.013,"expSpot":0.569,"expDamage":818.424,"expWinRate":51.444},{"IDNum":11809,"expDef":1.210,"expFrag":0.994,"expSpot":1.615,"expDamage":877.434,"expWinRate":52.564},{"IDNum":11841,"expDef":0.970,"expFrag":0.931,"expSpot":0.053,"expDamage":1575.539,"expWinRate":50.042},{"IDNum":11857,"expDef":1.869,"expFrag":1.003,"expSpot":0.157,"expDamage":766.566,"expWinRate":53.580},{"IDNum":12033,"expDef":0.914,"expFrag":0.978,"expSpot":0.810,"expDamage":1545.586,"expWinRate":49.257},{"IDNum":12049,"expDef":0.426,"expFrag":1.005,"expSpot":0.599,"expDamage":2004.850,"expWinRate":50.967},{"IDNum":12097,"expDef":0.934,"expFrag":0.932,"expSpot":0.729,"expDamage":1278.617,"expWinRate":51.154},{"IDNum":12113,"expDef":0.890,"expFrag":0.844,"expSpot":0.027,"expDamage":1176.095,"expWinRate":51.136},{"IDNum":12289,"expDef":1.085,"expFrag":0.995,"expSpot":1.818,"expDamage":683.334,"expWinRate":54.325},{"IDNum":12305,"expDef":0.680,"expFrag":0.911,"expSpot":1.317,"expDamage":1832.887,"expWinRate":49.555},{"IDNum":12369,"expDef":0.733,"expFrag":0.753,"expSpot":0.021,"expDamage":1673.981,"expWinRate":50.709},{"IDNum":12545,"expDef":0.846,"expFrag":0.919,"expSpot":1.554,"expDamage":903.031,"expWinRate":52.836},{"IDNum":12561,"expDef":1.370,"expFrag":1.167,"expSpot":2.622,"expDamage":265.549,"expWinRate":56.008},{"IDNum":12577,"expDef":0.935,"expFrag":0.974,"expSpot":1.744,"expDamage":519.744,"expWinRate":55.565},{"IDNum":12817,"expDef":1.487,"expFrag":1.280,"expSpot":1.898,"expDamage":245.667,"expWinRate":56.155},{"IDNum":12881,"expDef":0.963,"expFrag":0.993,"expSpot":1.375,"expDamage":500.385,"expWinRate":54.636},{"IDNum":13073,"expDef":1.462,"expFrag":1.003,"expSpot":1.603,"expDamage":290.504,"expWinRate":57.852},{"IDNum":13089,"expDef":0.503,"expFrag":0.972,"expSpot":0.745,"expDamage":2008.783,"expWinRate":50.023},{"IDNum":13121,"expDef":1.610,"expFrag":1.296,"expSpot":1.067,"expDamage":386.017,"expWinRate":57.850},{"IDNum":13137,"expDef":0.747,"expFrag":0.998,"expSpot":0.539,"expDamage":1642.316,"expWinRate":50.532},{"IDNum":13313,"expDef":0.905,"expFrag":0.874,"expSpot":1.214,"expDamage":1147.138,"expWinRate":50.413},{"IDNum":13329,"expDef":1.272,"expFrag":1.195,"expSpot":1.066,"expDamage":422.284,"expWinRate":55.706},{"IDNum":13345,"expDef":0.944,"expFrag":0.842,"expSpot":1.026,"expDamage":1141.317,"expWinRate":51.188},{"IDNum":13393,"expDef":1.478,"expFrag":1.054,"expSpot":0.519,"expDamage":587.037,"expWinRate":54.126},{"IDNum":13569,"expDef":0.632,"expFrag":1.045,"expSpot":0.721,"expDamage":2041.868,"expWinRate":48.748},{"IDNum":13585,"expDef":1.269,"expFrag":1.071,"expSpot":1.585,"expDamage":376.609,"expWinRate":57.304},{"IDNum":13825,"expDef":0.749,"expFrag":0.939,"expSpot":1.393,"expDamage":1743.068,"expWinRate":48.757},{"IDNum":13841,"expDef":0.984,"expFrag":0.819,"expSpot":1.119,"expDamage":1132.824,"expWinRate":51.327},{"IDNum":13857,"expDef":0.444,"expFrag":0.983,"expSpot":0.683,"expDamage":2040.649,"expWinRate":51.489},{"IDNum":13889,"expDef":0.609,"expFrag":1.096,"expSpot":0.791,"expDamage":2043.854,"expWinRate":49.865},{"IDNum":13905,"expDef":0.384,"expFrag":1.058,"expSpot":0.380,"expDamage":1973.430,"expWinRate":49.992},{"IDNum":14097,"expDef":1.106,"expFrag":0.965,"expSpot":1.578,"expDamage":706.432,"expWinRate":54.583},{"IDNum":14113,"expDef":0.663,"expFrag":0.925,"expSpot":1.254,"expDamage":1839.710,"expWinRate":49.356},{"IDNum":14145,"expDef":0.762,"expFrag":0.631,"expSpot":2.373,"expDamage":403.278,"expWinRate":53.334},{"IDNum":14161,"expDef":0.980,"expFrag":1.032,"expSpot":0.784,"expDamage":1057.942,"expWinRate":52.948},{"IDNum":14337,"expDef":0.697,"expFrag":1.041,"expSpot":0.916,"expDamage":2007.844,"expWinRate":48.936},{"IDNum":14353,"expDef":0.712,"expFrag":0.603,"expSpot":2.020,"expDamage":668.300,"expWinRate":51.626},{"IDNum":14401,"expDef":0.974,"expFrag":0.856,"expSpot":0.037,"expDamage":1386.268,"expWinRate":50.631},{"IDNum":14417,"expDef":1.140,"expFrag":0.990,"expSpot":0.832,"expDamage":767.289,"expWinRate":52.951},{"IDNum":14609,"expDef":0.758,"expFrag":0.967,"expSpot":1.163,"expDamage":1895.382,"expWinRate":48.780},{"IDNum":14625,"expDef":1.035,"expFrag":0.910,"expSpot":1.241,"expDamage":1151.762,"expWinRate":50.934},{"IDNum":14657,"expDef":1.509,"expFrag":0.990,"expSpot":0.099,"expDamage":389.814,"expWinRate":54.625},{"IDNum":14673,"expDef":0.900,"expFrag":0.942,"expSpot":0.707,"expDamage":1320.565,"expWinRate":50.876},{"IDNum":14865,"expDef":0.808,"expFrag":0.953,"expSpot":1.118,"expDamage":1621.564,"expWinRate":50.247},{"IDNum":14881,"expDef":0.580,"expFrag":1.014,"expSpot":0.828,"expDamage":1967.295,"expWinRate":48.563},{"IDNum":14913,"expDef":1.186,"expFrag":0.942,"expSpot":0.899,"expDamage":387.713,"expWinRate":55.092},{"IDNum":15105,"expDef":1.562,"expFrag":1.224,"expSpot":1.326,"expDamage":311.195,"expWinRate":56.642},{"IDNum":15121,"expDef":0.807,"expFrag":1.025,"expSpot":0.123,"expDamage":210.650,"expWinRate":55.397},{"IDNum":15137,"expDef":0.698,"expFrag":0.621,"expSpot":2.137,"expDamage":501.871,"expWinRate":52.440},{"IDNum":15169,"expDef":1.788,"expFrag":1.240,"expSpot":0.813,"expDamage":264.708,"expWinRate":57.384},{"IDNum":15361,"expDef":1.727,"expFrag":1.316,"expSpot":1.318,"expDamage":232.150,"expWinRate":58.889},{"IDNum":15377,"expDef":0.776,"expFrag":0.825,"expSpot":0.024,"expDamage":1221.567,"expWinRate":51.387},{"IDNum":15393,"expDef":0.756,"expFrag":1.036,"expSpot":0.940,"expDamage":1590.743,"expWinRate":50.349},{"IDNum":15425,"expDef":0.762,"expFrag":0.924,"expSpot":1.336,"expDamage":1770.142,"expWinRate":49.361},{"IDNum":15441,"expDef":0.839,"expFrag":0.777,"expSpot":1.086,"expDamage":1117.585,"expWinRate":51.903},{"IDNum":15617,"expDef":0.747,"expFrag":1.109,"expSpot":1.487,"expDamage":1974.142,"expWinRate":51.806},{"IDNum":15633,"expDef":1.551,"expFrag":1.065,"expSpot":0.089,"expDamage":414.590,"expWinRate":54.889},{"IDNum":15649,"expDef":0.690,"expFrag":0.727,"expSpot":2.376,"expDamage":709.512,"expWinRate":51.345},{"IDNum":15681,"expDef":0.784,"expFrag":0.922,"expSpot":1.349,"expDamage":1537.754,"expWinRate":50.839},{"IDNum":15697,"expDef":0.486,"expFrag":0.872,"expSpot":1.006,"expDamage":1957.054,"expWinRate":49.595},{"IDNum":15873,"expDef":1.322,"expFrag":0.930,"expSpot":1.503,"expDamage":331.426,"expWinRate":55.650},{"IDNum":15889,"expDef":1.029,"expFrag":0.948,"expSpot":1.315,"expDamage":725.147,"expWinRate":53.552},{"IDNum":15905,"expDef":0.700,"expFrag":0.926,"expSpot":1.297,"expDamage":1863.666,"expWinRate":49.937},{"IDNum":15937,"expDef":2.100,"expFrag":1.381,"expSpot":0.924,"expDamage":251.781,"expWinRate":59.061},{"IDNum":15953,"expDef":0.570,"expFrag":0.970,"expSpot":0.708,"expDamage":1978.363,"expWinRate":51.700},{"IDNum":16129,"expDef":0.906,"expFrag":0.885,"expSpot":0.035,"expDamage":978.247,"expWinRate":51.945},{"IDNum":16145,"expDef":1.092,"expFrag":1.063,"expSpot":0.667,"expDamage":591.621,"expWinRate":52.562},{"IDNum":16161,"expDef":0.934,"expFrag":0.826,"expSpot":0.029,"expDamage":1466.534,"expWinRate":50.737},{"IDNum":16209,"expDef":0.869,"expFrag":0.924,"expSpot":1.450,"expDamage":588.716,"expWinRate":54.308},{"IDNum":16385,"expDef":1.248,"expFrag":1.040,"expSpot":0.082,"expDamage":581.957,"expWinRate":53.435},{"IDNum":16401,"expDef":0.825,"expFrag":1.032,"expSpot":0.508,"expDamage":1720.302,"expWinRate":50.330},{"IDNum":16417,"expDef":1.335,"expFrag":1.012,"expSpot":0.055,"expDamage":821.617,"expWinRate":53.353},{"IDNum":16449,"expDef":0.650,"expFrag":0.752,"expSpot":0.724,"expDamage":1182.377,"expWinRate":51.928},{"IDNum":16641,"expDef":0.791,"expFrag":0.678,"expSpot":2.629,"expDamage":471.465,"expWinRate":52.757},{"IDNum":16657,"expDef":0.937,"expFrag":1.065,"expSpot":0.451,"expDamage":1448.606,"expWinRate":50.863},{"IDNum":16673,"expDef":0.744,"expFrag":0.617,"expSpot":2.256,"expDamage":528.901,"expWinRate":52.355},{"IDNum":16705,"expDef":0.496,"expFrag":0.880,"expSpot":1.164,"expDamage":1703.606,"expWinRate":52.402},{"IDNum":16897,"expDef":0.776,"expFrag":0.959,"expSpot":1.412,"expDamage":1782.546,"expWinRate":49.061},{"IDNum":16913,"expDef":0.738,"expFrag":1.269,"expSpot":0.476,"expDamage":2151.487,"expWinRate":48.726},{"IDNum":16961,"expDef":0.473,"expFrag":0.810,"expSpot":1.177,"expDamage":1863.722,"expWinRate":49.574},{"IDNum":17153,"expDef":0.801,"expFrag":1.011,"expSpot":1.470,"expDamage":1795.554,"expWinRate":48.922},{"IDNum":17169,"expDef":1.145,"expFrag":1.288,"expSpot":1.280,"expDamage":338.468,"expWinRate":56.594},{"IDNum":17217,"expDef":0.551,"expFrag":0.811,"expSpot":2.520,"expDamage":1344.028,"expWinRate":48.934},{"IDNum":17425,"expDef":0.963,"expFrag":1.009,"expSpot":1.306,"expDamage":399.883,"expWinRate":55.960},{"IDNum":17473,"expDef":0.765,"expFrag":0.711,"expSpot":2.539,"expDamage":800.959,"expWinRate":51.442},{"IDNum":17665,"expDef":0.767,"expFrag":0.922,"expSpot":1.334,"expDamage":1462.646,"expWinRate":51.074},{"IDNum":17729,"expDef":0.573,"expFrag":1.124,"expSpot":0.701,"expDamage":1976.805,"expWinRate":51.111},{"IDNum":17937,"expDef":1.225,"expFrag":1.320,"expSpot":0.790,"expDamage":476.704,"expWinRate":56.486},{"IDNum":17953,"expDef":0.802,"expFrag":0.728,"expSpot":2.518,"expDamage":781.811,"expWinRate":51.900},{"IDNum":17985,"expDef":0.707,"expFrag":0.734,"expSpot":2.292,"expDamage":501.266,"expWinRate":53.593},{"IDNum":18177,"expDef":0.654,"expFrag":0.701,"expSpot":2.564,"expDamage":1006.443,"expWinRate":50.893},{"IDNum":18193,"expDef":0.961,"expFrag":1.033,"expSpot":1.222,"expDamage":511.411,"expWinRate":54.491},{"IDNum":18209,"expDef":0.609,"expFrag":0.665,"expSpot":2.346,"expDamage":995.676,"expWinRate":50.527},{"IDNum":18241,"expDef":0.704,"expFrag":0.728,"expSpot":2.683,"expDamage":666.433,"expWinRate":53.067},{"IDNum":18433,"expDef":0.837,"expFrag":0.700,"expSpot":2.669,"expDamage":775.611,"expWinRate":52.351},{"IDNum":18449,"expDef":0.714,"expFrag":0.681,"expSpot":2.637,"expDamage":968.646,"expWinRate":51.015},{"IDNum":18465,"expDef":1.700,"expFrag":0.956,"expSpot":0.106,"expDamage":279.830,"expWinRate":54.542},{"IDNum":18497,"expDef":0.717,"expFrag":0.657,"expSpot":2.755,"expDamage":815.330,"expWinRate":51.565},{"IDNum":18689,"expDef":0.954,"expFrag":1.160,"expSpot":1.271,"expDamage":629.030,"expWinRate":56.341},{"IDNum":18705,"expDef":0.516,"expFrag":0.875,"expSpot":0.719,"expDamage":1615.843,"expWinRate":52.526},{"IDNum":18721,"expDef":1.273,"expFrag":0.989,"expSpot":0.109,"expDamage":397.111,"expWinRate":54.498},{"IDNum":18753,"expDef":0.886,"expFrag":0.737,"expSpot":3.603,"expDamage":966.726,"expWinRate":53.307},{"IDNum":18961,"expDef":0.722,"expFrag":0.683,"expSpot":2.031,"expDamage":757.778,"expWinRate":51.562},{"IDNum":19009,"expDef":0.763,"expFrag":0.768,"expSpot":3.801,"expDamage":1268.068,"expWinRate":51.050},{"IDNum":19201,"expDef":0.695,"expFrag":0.771,"expSpot":3.150,"expDamage":1224.880,"expWinRate":50.446},{"IDNum":19217,"expDef":0.563,"expFrag":1.050,"expSpot":0.570,"expDamage":2019.297,"expWinRate":49.482},{"IDNum":19457,"expDef":0.785,"expFrag":0.832,"expSpot":2.304,"expDamage":712.981,"expWinRate":52.367},{"IDNum":19473,"expDef":0.421,"expFrag":0.870,"expSpot":0.991,"expDamage":1930.398,"expWinRate":50.887},{"IDNum":19489,"expDef":0.534,"expFrag":0.723,"expSpot":2.590,"expDamage":1319.729,"expWinRate":48.625},{"IDNum":19713,"expDef":0.535,"expFrag":0.866,"expSpot":1.105,"expDamage":1565.361,"expWinRate":52.309},{"IDNum":19729,"expDef":0.559,"expFrag":0.841,"expSpot":0.773,"expDamage":1278.748,"expWinRate":53.566},{"IDNum":19745,"expDef":0.761,"expFrag":0.767,"expSpot":2.813,"expDamage":670.654,"expWinRate":52.316},{"IDNum":19969,"expDef":0.539,"expFrag":0.963,"expSpot":1.331,"expDamage":1900.912,"expWinRate":50.360},{"IDNum":19985,"expDef":0.652,"expFrag":0.702,"expSpot":2.924,"expDamage":1251.533,"expWinRate":48.347},{"IDNum":20225,"expDef":0.414,"expFrag":0.970,"expSpot":1.182,"expDamage":2040.352,"expWinRate":52.584},{"IDNum":20241,"expDef":0.697,"expFrag":0.674,"expSpot":2.752,"expDamage":824.662,"expWinRate":51.973},{"IDNum":20257,"expDef":0.841,"expFrag":1.207,"expSpot":1.211,"expDamage":605.948,"expWinRate":56.393},{"IDNum":20481,"expDef":0.512,"expFrag":0.800,"expSpot":0.851,"expDamage":1242.814,"expWinRate":52.077},{"IDNum":20737,"expDef":0.449,"expFrag":0.858,"expSpot":0.961,"expDamage":1611.396,"expWinRate":52.154},{"IDNum":20993,"expDef":0.350,"expFrag":0.871,"expSpot":1.043,"expDamage":1945.076,"expWinRate":50.110},{"IDNum":21249,"expDef":0.582,"expFrag":0.955,"expSpot":0.857,"expDamage":1667.563,"expWinRate":51.967},{"IDNum":21505,"expDef":0.622,"expFrag":0.997,"expSpot":1.305,"expDamage":1646.398,"expWinRate":52.153},{"IDNum":21761,"expDef":0.705,"expFrag":0.998,"expSpot":1.129,"expDamage":1813.185,"expWinRate":49.329},{"IDNum":22017,"expDef":0.425,"expFrag":0.861,"expSpot":1.428,"expDamage":1915.762,"expWinRate":49.958},{"IDNum":22273,"expDef":0.476,"expFrag":0.933,"expSpot":0.911,"expDamage":1936.954,"expWinRate":50.999},{"IDNum":22529,"expDef":0.484,"expFrag":0.904,"expSpot":1.083,"expDamage":1632.145,"expWinRate":52.195},{"IDNum":22785,"expDef":0.543,"expFrag":0.841,"expSpot":0.834,"expDamage":1279.601,"expWinRate":52.263},{"IDNum":23041,"expDef":1.363,"expFrag":1.002,"expSpot":1.768,"expDamage":397.976,"expWinRate":55.791},{"IDNum":31233,"expDef":0.528,"expFrag":1.006,"expSpot":0.898,"expDamage":1142.201,"expWinRate":54.112},{"IDNum":31745,"expDef":0.467,"expFrag":0.998,"expSpot":0.340,"expDamage":1404.224,"expWinRate":51.276},{"IDNum":32001,"expDef":0.303,"expFrag":0.808,"expSpot":1.315,"expDamage":1809.345,"expWinRate":51.725},{"IDNum":32065,"expDef":0.355,"expFrag":0.755,"expSpot":1.359,"expDamage":1228.310,"expWinRate":51.195},{"IDNum":32257,"expDef":0.615,"expFrag":0.859,"expSpot":1.148,"expDamage":1280.177,"expWinRate":51.055},{"IDNum":32769,"expDef":0.761,"expFrag":1.015,"expSpot":1.005,"expDamage":1666.480,"expWinRate":51.734},{"IDNum":33281,"expDef":0.779,"expFrag":0.802,"expSpot":1.630,"expDamage":442.461,"expWinRate":54.622},{"IDNum":35105,"expDef":0.825,"expFrag":1.127,"expSpot":1.207,"expDamage":1538.656,"expWinRate":52.493},{"IDNum":43329,"expDef":2.202,"expFrag":1.149,"expSpot":1.842,"expDamage":274.320,"expWinRate":55.304},{"IDNum":43585,"expDef":0.812,"expFrag":0.716,"expSpot":3.300,"expDamage":865.465,"expWinRate":52.402},{"IDNum":43841,"expDef":1.709,"expFrag":1.008,"expSpot":0.873,"expDamage":280.661,"expWinRate":54.508},{"IDNum":44289,"expDef":0.460,"expFrag":0.921,"expSpot":1.049,"expDamage":1389.378,"expWinRate":52.349},{"IDNum":44545,"expDef":0.446,"expFrag":0.869,"expSpot":1.259,"expDamage":1658.481,"expWinRate":53.109},{"IDNum":44801,"expDef":1.142,"expFrag":0.905,"expSpot":1.744,"expDamage":319.333,"expWinRate":55.091},{"IDNum":45057,"expDef":0.636,"expFrag":1.051,"expSpot":0.461,"expDamage":1477.804,"expWinRate":50.740},{"IDNum":45313,"expDef":0.733,"expFrag":0.762,"expSpot":3.041,"expDamage":530.281,"expWinRate":54.035},{"IDNum":45569,"expDef":0.676,"expFrag":0.683,"expSpot":3.008,"expDamage":830.947,"expWinRate":51.851},{"IDNum":45585,"expDef":1.083,"expFrag":1.126,"expSpot":1.431,"expDamage":743.746,"expWinRate":54.718},{"IDNum":45841,"expDef":0.797,"expFrag":0.917,"expSpot":1.516,"expDamage":1205.739,"expWinRate":51.760},{"IDNum":46081,"expDef":0.685,"expFrag":0.888,"expSpot":1.465,"expDamage":1251.200,"expWinRate":51.749},{"IDNum":46097,"expDef":1.536,"expFrag":0.809,"expSpot":0.801,"expDamage":466.900,"expWinRate":54.559},{"IDNum":46337,"expDef":0.687,"expFrag":0.903,"expSpot":1.519,"expDamage":1244.977,"expWinRate":52.304},{"IDNum":46353,"expDef":0.731,"expFrag":0.948,"expSpot":1.236,"expDamage":1658.245,"expWinRate":50.587},{"IDNum":46593,"expDef":0.555,"expFrag":1.071,"expSpot":1.087,"expDamage":1171.465,"expWinRate":55.460},{"IDNum":46609,"expDef":0.683,"expFrag":0.792,"expSpot":0.957,"expDamage":1135.291,"expWinRate":52.815},{"IDNum":46849,"expDef":0.423,"expFrag":1.082,"expSpot":1.246,"expDamage":2407.643,"expWinRate":55.230},{"IDNum":46865,"expDef":0.468,"expFrag":0.794,"expSpot":1.341,"expDamage":1341.206,"expWinRate":51.974},{"IDNum":47105,"expDef":0.839,"expFrag":0.970,"expSpot":1.363,"expDamage":546.679,"expWinRate":54.562},{"IDNum":47121,"expDef":0.720,"expFrag":1.041,"expSpot":1.457,"expDamage":1808.267,"expWinRate":53.354},{"IDNum":47361,"expDef":0.620,"expFrag":0.855,"expSpot":0.980,"expDamage":1269.645,"expWinRate":50.909},{"IDNum":47377,"expDef":0.564,"expFrag":0.626,"expSpot":2.692,"expDamage":852.994,"expWinRate":50.748},{"IDNum":47617,"expDef":0.630,"expFrag":0.846,"expSpot":0.998,"expDamage":1237.430,"expWinRate":50.919},{"IDNum":47633,"expDef":1.605,"expFrag":1.406,"expSpot":1.287,"expDamage":310.484,"expWinRate":56.417},{"IDNum":47873,"expDef":0.918,"expFrag":1.156,"expSpot":1.128,"expDamage":349.113,"expWinRate":54.933},{"IDNum":48129,"expDef":0.847,"expFrag":0.933,"expSpot":1.190,"expDamage":717.724,"expWinRate":52.866},{"IDNum":48145,"expDef":0.541,"expFrag":0.813,"expSpot":0.762,"expDamage":1249.781,"expWinRate":52.939},{"IDNum":48385,"expDef":0.554,"expFrag":0.922,"expSpot":0.599,"expDamage":1418.943,"expWinRate":51.828},{"IDNum":48401,"expDef":0.781,"expFrag":0.953,"expSpot":0.654,"expDamage":1378.272,"expWinRate":51.438},{"IDNum":48641,"expDef":0.469,"expFrag":0.878,"expSpot":1.007,"expDamage":1382.513,"expWinRate":52.916},{"IDNum":48897,"expDef":0.688,"expFrag":0.897,"expSpot":1.519,"expDamage":1234.895,"expWinRate":52.028},{"IDNum":48913,"expDef":0.529,"expFrag":0.808,"expSpot":0.754,"expDamage":1254.685,"expWinRate":52.029},{"IDNum":49153,"expDef":0.688,"expFrag":0.883,"expSpot":1.439,"expDamage":1276.236,"expWinRate":51.218},{"IDNum":49169,"expDef":0.640,"expFrag":0.939,"expSpot":1.020,"expDamage":809.079,"expWinRate":54.162},{"IDNum":49409,"expDef":0.482,"expFrag":0.952,"expSpot":1.060,"expDamage":1384.294,"expWinRate":52.386},{"IDNum":49665,"expDef":0.477,"expFrag":0.881,"expSpot":1.000,"expDamage":1375.290,"expWinRate":53.118},{"IDNum":49921,"expDef":0.542,"expFrag":0.934,"expSpot":1.149,"expDamage":1047.063,"expWinRate":53.520},{"IDNum":49937,"expDef":0.766,"expFrag":0.787,"expSpot":1.194,"expDamage":1117.012,"expWinRate":51.224},{"IDNum":50193,"expDef":0.629,"expFrag":0.981,"expSpot":0.538,"expDamage":1399.995,"expWinRate":50.945},{"IDNum":50721,"expDef":0.697,"expFrag":0.819,"expSpot":1.164,"expDamage":1200.720,"expWinRate":51.249},{"IDNum":50849,"expDef":0.649,"expFrag":1.142,"expSpot":1.185,"expDamage":2168.378,"expWinRate":51.758},{"IDNum":50945,"expDef":1.352,"expFrag":1.209,"expSpot":1.150,"expDamage":252.654,"expWinRate":56.521},{"IDNum":50961,"expDef":0.610,"expFrag":0.634,"expSpot":2.511,"expDamage":826.918,"expWinRate":50.886},{"IDNum":50977,"expDef":0.656,"expFrag":0.697,"expSpot":2.427,"expDamage":551.051,"expWinRate":54.015},{"IDNum":51057,"expDef":0.498,"expFrag":1.086,"expSpot":0.961,"expDamage":1703.624,"expWinRate":53.515},{"IDNum":51089,"expDef":0.631,"expFrag":0.892,"expSpot":1.267,"expDamage":1332.860,"expWinRate":50.834},{"IDNum":51105,"expDef":0.457,"expFrag":0.946,"expSpot":1.060,"expDamage":1433.584,"expWinRate":51.748},{"IDNum":51201,"expDef":1.266,"expFrag":1.250,"expSpot":1.315,"expDamage":609.985,"expWinRate":57.655},{"IDNum":51233,"expDef":0.531,"expFrag":0.946,"expSpot":0.926,"expDamage":1419.971,"expWinRate":51.130},{"IDNum":51313,"expDef":0.742,"expFrag":0.991,"expSpot":1.069,"expDamage":1155.630,"expWinRate":55.970},{"IDNum":51345,"expDef":0.896,"expFrag":0.998,"expSpot":1.446,"expDamage":779.430,"expWinRate":54.198},{"IDNum":51361,"expDef":0.712,"expFrag":0.992,"expSpot":1.299,"expDamage":1335.396,"expWinRate":51.090},{"IDNum":51457,"expDef":1.344,"expFrag":1.158,"expSpot":1.104,"expDamage":524.365,"expWinRate":55.434},{"IDNum":51473,"expDef":1.047,"expFrag":1.389,"expSpot":2.073,"expDamage":822.067,"expWinRate":57.073},{"IDNum":51489,"expDef":1.299,"expFrag":1.277,"expSpot":2.410,"expDamage":241.126,"expWinRate":56.185},{"IDNum":51553,"expDef":1.129,"expFrag":0.936,"expSpot":1.066,"expDamage":512.353,"expWinRate":52.997},{"IDNum":51569,"expDef":0.819,"expFrag":0.939,"expSpot":1.335,"expDamage":736.516,"expWinRate":52.816},{"IDNum":51585,"expDef":0.876,"expFrag":1.036,"expSpot":0.985,"expDamage":791.133,"expWinRate":53.063},{"IDNum":51713,"expDef":1.326,"expFrag":1.172,"expSpot":1.175,"expDamage":605.710,"expWinRate":54.905},{"IDNum":51729,"expDef":2.369,"expFrag":1.645,"expSpot":1.373,"expDamage":401.368,"expWinRate":62.396},{"IDNum":51745,"expDef":1.148,"expFrag":1.047,"expSpot":1.393,"expDamage":513.601,"expWinRate":55.887},{"IDNum":51825,"expDef":0.673,"expFrag":0.884,"expSpot":1.101,"expDamage":1209.213,"expWinRate":50.482},{"IDNum":51841,"expDef":1.187,"expFrag":1.072,"expSpot":1.432,"expDamage":225.721,"expWinRate":56.152},{"IDNum":51985,"expDef":1.638,"expFrag":1.476,"expSpot":1.352,"expDamage":395.428,"expWinRate":58.526},{"IDNum":52001,"expDef":1.286,"expFrag":1.075,"expSpot":1.604,"expDamage":319.174,"expWinRate":55.091},{"IDNum":52049,"expDef":0.504,"expFrag":1.007,"expSpot":1.156,"expDamage":1678.497,"expWinRate":55.344},{"IDNum":52065,"expDef":0.819,"expFrag":0.800,"expSpot":1.222,"expDamage":1122.139,"expWinRate":51.049},{"IDNum":52097,"expDef":0.792,"expFrag":0.955,"expSpot":0.471,"expDamage":1433.591,"expWinRate":50.928},{"IDNum":52225,"expDef":1.360,"expFrag":1.269,"expSpot":2.186,"expDamage":343.103,"expWinRate":56.265},{"IDNum":52241,"expDef":1.626,"expFrag":1.537,"expSpot":1.570,"expDamage":486.994,"expWinRate":56.533},{"IDNum":52257,"expDef":1.056,"expFrag":1.015,"expSpot":1.614,"expDamage":473.204,"expWinRate":54.788},{"IDNum":52305,"expDef":0.736,"expFrag":1.135,"expSpot":0.611,"expDamage":1497.239,"expWinRate":51.822},{"IDNum":52321,"expDef":0.779,"expFrag":0.965,"expSpot":1.036,"expDamage":807.637,"expWinRate":54.354},{"IDNum":52353,"expDef":0.771,"expFrag":0.766,"expSpot":1.232,"expDamage":1119.640,"expWinRate":52.260},{"IDNum":52481,"expDef":1.696,"expFrag":1.256,"expSpot":1.468,"expDamage":375.811,"expWinRate":54.357},{"IDNum":52497,"expDef":2.878,"expFrag":1.879,"expSpot":1.608,"expDamage":327.997,"expWinRate":56.160},{"IDNum":52513,"expDef":0.626,"expFrag":0.807,"expSpot":1.159,"expDamage":1242.520,"expWinRate":51.401},{"IDNum":52561,"expDef":0.796,"expFrag":1.035,"expSpot":0.599,"expDamage":1736.379,"expWinRate":52.548},{"IDNum":52577,"expDef":0.500,"expFrag":0.752,"expSpot":1.463,"expDamage":1221.908,"expWinRate":52.622},{"IDNum":52609,"expDef":0.680,"expFrag":0.736,"expSpot":1.278,"expDamage":1095.370,"expWinRate":52.035},{"IDNum":52737,"expDef":1.595,"expFrag":1.019,"expSpot":1.611,"expDamage":264.006,"expWinRate":54.258},{"IDNum":52769,"expDef":1.650,"expFrag":1.110,"expSpot":2.467,"expDamage":297.871,"expWinRate":57.076},{"IDNum":52817,"expDef":1.377,"expFrag":0.922,"expSpot":1.398,"expDamage":373.180,"expWinRate":56.260},{"IDNum":52833,"expDef":0.669,"expFrag":0.762,"expSpot":1.775,"expDamage":1053.037,"expWinRate":51.958},{"IDNum":52865,"expDef":0.517,"expFrag":0.953,"expSpot":1.031,"expDamage":1401.647,"expWinRate":51.894},{"IDNum":52993,"expDef":1.031,"expFrag":1.191,"expSpot":2.527,"expDamage":457.391,"expWinRate":55.932},{"IDNum":53121,"expDef":0.720,"expFrag":0.918,"expSpot":1.263,"expDamage":1289.613,"expWinRate":51.395},{"IDNum":53249,"expDef":0.922,"expFrag":0.961,"expSpot":1.085,"expDamage":1239.112,"expWinRate":51.382},{"IDNum":53505,"expDef":1.743,"expFrag":1.448,"expSpot":1.590,"expDamage":338.157,"expWinRate":55.645},{"IDNum":53537,"expDef":1.295,"expFrag":1.158,"expSpot":1.525,"expDamage":224.822,"expWinRate":57.460},{"IDNum":53585,"expDef":1.428,"expFrag":1.082,"expSpot":0.788,"expDamage":534.329,"expWinRate":54.447},{"IDNum":53761,"expDef":1.392,"expFrag":1.238,"expSpot":0.820,"expDamage":601.799,"expWinRate":53.164},{"IDNum":53793,"expDef":0.927,"expFrag":0.838,"expSpot":1.308,"expDamage":1111.805,"expWinRate":51.724},{"IDNum":53841,"expDef":1.259,"expFrag":1.056,"expSpot":0.577,"expDamage":820.494,"expWinRate":52.827},{"IDNum":54017,"expDef":1.089,"expFrag":1.277,"expSpot":1.436,"expDamage":679.971,"expWinRate":57.680},{"IDNum":54033,"expDef":0.823,"expFrag":1.296,"expSpot":1.955,"expDamage":757.327,"expWinRate":57.061},{"IDNum":54097,"expDef":1.159,"expFrag":1.006,"expSpot":0.775,"expDamage":982.200,"expWinRate":54.355},{"IDNum":54145,"expDef":0.526,"expFrag":0.845,"expSpot":1.048,"expDamage":1666.024,"expWinRate":50.769},{"IDNum":54273,"expDef":1.518,"expFrag":1.834,"expSpot":0.913,"expDamage":473.146,"expWinRate":57.988},{"IDNum":54289,"expDef":0.803,"expFrag":0.788,"expSpot":0.897,"expDamage":1260.169,"expWinRate":51.866},{"IDNum":54353,"expDef":1.165,"expFrag":1.244,"expSpot":1.589,"expDamage":624.328,"expWinRate":56.731},{"IDNum":54529,"expDef":1.549,"expFrag":1.373,"expSpot":1.417,"expDamage":247.638,"expWinRate":56.283},{"IDNum":54545,"expDef":1.152,"expFrag":0.998,"expSpot":1.536,"expDamage":518.057,"expWinRate":54.715},{"IDNum":54609,"expDef":1.304,"expFrag":1.243,"expSpot":0.119,"expDamage":366.676,"expWinRate":56.492},{"IDNum":54785,"expDef":0.743,"expFrag":1.086,"expSpot":0.542,"expDamage":825.221,"expWinRate":53.212},{"IDNum":54801,"expDef":1.672,"expFrag":1.104,"expSpot":2.694,"expDamage":284.993,"expWinRate":58.278},{"IDNum":54865,"expDef":1.301,"expFrag":1.323,"expSpot":1.601,"expDamage":220.298,"expWinRate":55.256},{"IDNum":55057,"expDef":1.105,"expFrag":1.052,"expSpot":1.264,"expDamage":587.743,"expWinRate":53.165},{"IDNum":55073,"expDef":1.311,"expFrag":1.296,"expSpot":1.692,"expDamage":227.194,"expWinRate":55.802},{"IDNum":55121,"expDef":1.069,"expFrag":0.907,"expSpot":1.081,"expDamage":993.029,"expWinRate":53.690},{"IDNum":55297,"expDef":0.901,"expFrag":1.137,"expSpot":0.761,"expDamage":1055.161,"expWinRate":52.819},{"IDNum":55313,"expDef":1.063,"expFrag":0.920,"expSpot":0.770,"expDamage":1245.415,"expWinRate":51.139},{"IDNum":55377,"expDef":0.756,"expFrag":0.649,"expSpot":2.440,"expDamage":486.177,"expWinRate":52.762},{"IDNum":55569,"expDef":1.516,"expFrag":1.227,"expSpot":1.436,"expDamage":1001.031,"expWinRate":51.857},{"IDNum":55633,"expDef":0.772,"expFrag":0.765,"expSpot":1.270,"expDamage":1120.565,"expWinRate":51.457},{"IDNum":55841,"expDef":0.654,"expFrag":0.983,"expSpot":1.250,"expDamage":1907.491,"expWinRate":49.906},{"IDNum":55889,"expDef":0.970,"expFrag":1.051,"expSpot":2.188,"expDamage":746.746,"expWinRate":55.266},{"IDNum":56081,"expDef":0.401,"expFrag":0.805,"expSpot":0.917,"expDamage":1309.812,"expWinRate":52.536},{"IDNum":56097,"expDef":1.052,"expFrag":0.946,"expSpot":1.279,"expDamage":691.043,"expWinRate":54.152},{"IDNum":56145,"expDef":0.985,"expFrag":0.948,"expSpot":0.971,"expDamage":764.181,"expWinRate":53.350},{"IDNum":56353,"expDef":1.151,"expFrag":0.972,"expSpot":0.744,"expDamage":1022.817,"expWinRate":52.263},{"IDNum":56577,"expDef":1.593,"expFrag":1.191,"expSpot":1.325,"expDamage":273.940,"expWinRate":55.738},{"IDNum":56609,"expDef":0.806,"expFrag":0.937,"expSpot":0.792,"expDamage":1002.224,"expWinRate":53.799},{"IDNum":56657,"expDef":0.568,"expFrag":0.773,"expSpot":1.177,"expDamage":1227.445,"expWinRate":51.830},{"IDNum":56833,"expDef":0.877,"expFrag":1.193,"expSpot":1.514,"expDamage":1135.012,"expWinRate":55.438},{"IDNum":56865,"expDef":0.910,"expFrag":0.970,"expSpot":1.199,"expDamage":1886.545,"expWinRate":51.263},{"IDNum":56913,"expDef":0.674,"expFrag":0.771,"expSpot":1.344,"expDamage":1148.178,"expWinRate":52.222},{"IDNum":57105,"expDef":0.985,"expFrag":1.026,"expSpot":0.711,"expDamage":793.491,"expWinRate":52.286},{"IDNum":57121,"expDef":0.899,"expFrag":0.803,"expSpot":1.248,"expDamage":1117.578,"expWinRate":51.734},{"IDNum":57169,"expDef":0.833,"expFrag":1.009,"expSpot":1.015,"expDamage":837.495,"expWinRate":53.134},{"IDNum":57361,"expDef":1.189,"expFrag":0.934,"expSpot":1.028,"expDamage":723.837,"expWinRate":52.907},{"IDNum":57377,"expDef":0.774,"expFrag":0.775,"expSpot":1.313,"expDamage":1107.517,"expWinRate":50.792},{"IDNum":57425,"expDef":0.639,"expFrag":1.004,"expSpot":1.017,"expDamage":1512.012,"expWinRate":53.335},{"IDNum":57617,"expDef":1.051,"expFrag":0.983,"expSpot":1.326,"expDamage":909.064,"expWinRate":53.284},{"IDNum":57633,"expDef":0.733,"expFrag":0.693,"expSpot":2.722,"expDamage":688.274,"expWinRate":52.127},{"IDNum":57681,"expDef":1.010,"expFrag":1.125,"expSpot":0.802,"expDamage":910.020,"expWinRate":53.645},{"IDNum":57889,"expDef":0.770,"expFrag":0.652,"expSpot":2.966,"expDamage":763.248,"expWinRate":51.736},{"IDNum":57937,"expDef":0.493,"expFrag":1.023,"expSpot":1.390,"expDamage":2249.642,"expWinRate":52.683},{"IDNum":58113,"expDef":0.809,"expFrag":1.100,"expSpot":1.321,"expDamage":856.549,"expWinRate":54.507},{"IDNum":58369,"expDef":0.495,"expFrag":0.864,"expSpot":1.490,"expDamage":1941.053,"expWinRate":50.099},{"IDNum":58449,"expDef":0.709,"expFrag":0.642,"expSpot":2.878,"expDamage":808.512,"expWinRate":51.874},{"IDNum":58625,"expDef":0.662,"expFrag":0.944,"expSpot":0.424,"expDamage":1291.345,"expWinRate":50.845},{"IDNum":58641,"expDef":0.398,"expFrag":0.951,"expSpot":0.991,"expDamage":2058.278,"expWinRate":51.830},{"IDNum":58657,"expDef":0.463,"expFrag":0.768,"expSpot":1.227,"expDamage":1288.415,"expWinRate":52.295},{"IDNum":58705,"expDef":0.806,"expFrag":0.665,"expSpot":2.983,"expDamage":972.514,"expWinRate":53.414},{"IDNum":58881,"expDef":0.626,"expFrag":0.811,"expSpot":1.045,"expDamage":1247.617,"expWinRate":52.661},{"IDNum":58913,"expDef":0.695,"expFrag":0.788,"expSpot":1.236,"expDamage":1202.187,"expWinRate":52.586},{"IDNum":58961,"expDef":0.682,"expFrag":0.723,"expSpot":3.004,"expDamage":1271.161,"expWinRate":51.863},{"IDNum":59137,"expDef":0.725,"expFrag":1.043,"expSpot":1.081,"expDamage":1112.590,"expWinRate":54.374},{"IDNum":59169,"expDef":0.665,"expFrag":0.780,"expSpot":1.237,"expDamage":1208.626,"expWinRate":52.354},{"IDNum":59217,"expDef":0.517,"expFrag":0.953,"expSpot":0.852,"expDamage":795.411,"expWinRate":54.630},{"IDNum":59393,"expDef":0.930,"expFrag":1.011,"expSpot":1.455,"expDamage":782.669,"expWinRate":54.444},{"IDNum":59425,"expDef":0.532,"expFrag":0.736,"expSpot":0.839,"expDamage":1235.818,"expWinRate":51.514},{"IDNum":59473,"expDef":0.792,"expFrag":0.636,"expSpot":2.563,"expDamage":814.642,"expWinRate":52.381},{"IDNum":59649,"expDef":0.826,"expFrag":1.108,"expSpot":0.592,"expDamage":1039.388,"expWinRate":52.891},{"IDNum":59665,"expDef":1.145,"expFrag":1.223,"expSpot":1.317,"expDamage":335.377,"expWinRate":55.599},{"IDNum":59681,"expDef":0.861,"expFrag":0.963,"expSpot":1.198,"expDamage":752.282,"expWinRate":54.615},{"IDNum":59729,"expDef":0.887,"expFrag":0.654,"expSpot":2.419,"expDamage":629.876,"expWinRate":52.981},{"IDNum":59905,"expDef":0.758,"expFrag":0.834,"expSpot":1.260,"expDamage":1133.429,"expWinRate":51.896},{"IDNum":59937,"expDef":0.751,"expFrag":0.960,"expSpot":1.166,"expDamage":1013.600,"expWinRate":55.405},{"IDNum":59985,"expDef":0.612,"expFrag":0.954,"expSpot":0.591,"expDamage":1353.577,"expWinRate":53.399},{"IDNum":60161,"expDef":0.780,"expFrag":1.103,"expSpot":1.091,"expDamage":931.252,"expWinRate":56.458},{"IDNum":60177,"expDef":0.903,"expFrag":0.805,"expSpot":1.074,"expDamage":1104.145,"expWinRate":50.663},{"IDNum":60193,"expDef":0.451,"expFrag":0.789,"expSpot":1.257,"expDamage":1295.466,"expWinRate":52.785},{"IDNum":60225,"expDef":0.748,"expFrag":1.005,"expSpot":1.774,"expDamage":1347.159,"expWinRate":51.731},{"IDNum":60241,"expDef":1.030,"expFrag":0.994,"expSpot":0.789,"expDamage":643.667,"expWinRate":55.126},{"IDNum":60417,"expDef":0.486,"expFrag":0.987,"expSpot":0.918,"expDamage":1400.743,"expWinRate":53.267},{"IDNum":60433,"expDef":1.560,"expFrag":1.199,"expSpot":1.794,"expDamage":235.283,"expWinRate":57.681},{"IDNum":60449,"expDef":0.559,"expFrag":1.009,"expSpot":0.736,"expDamage":1444.760,"expWinRate":53.530},{"IDNum":60481,"expDef":0.784,"expFrag":1.119,"expSpot":1.307,"expDamage":1787.077,"expWinRate":51.668},{"IDNum":60689,"expDef":1.486,"expFrag":1.095,"expSpot":0.626,"expDamage":538.824,"expWinRate":53.349},{"IDNum":60737,"expDef":0.829,"expFrag":1.010,"expSpot":1.346,"expDamage":813.338,"expWinRate":54.705},{"IDNum":60929,"expDef":0.945,"expFrag":1.020,"expSpot":1.712,"expDamage":340.008,"expWinRate":54.585},{"IDNum":60945,"expDef":0.734,"expFrag":0.944,"expSpot":1.398,"expDamage":1547.336,"expWinRate":51.416},{"IDNum":60977,"expDef":0.400,"expFrag":1.124,"expSpot":0.443,"expDamage":2180.053,"expWinRate":55.276},{"IDNum":60993,"expDef":0.855,"expFrag":1.042,"expSpot":1.191,"expDamage":888.481,"expWinRate":53.839},{"IDNum":61185,"expDef":0.736,"expFrag":0.897,"expSpot":1.223,"expDamage":1805.052,"expWinRate":51.290},{"IDNum":61217,"expDef":0.944,"expFrag":1.159,"expSpot":1.024,"expDamage":975.794,"expWinRate":54.683},{"IDNum":61249,"expDef":1.052,"expFrag":1.165,"expSpot":0.863,"expDamage":679.790,"expWinRate":53.706},{"IDNum":61441,"expDef":1.040,"expFrag":1.238,"expSpot":1.098,"expDamage":505.116,"expWinRate":56.490},{"IDNum":61457,"expDef":0.974,"expFrag":0.934,"expSpot":1.289,"expDamage":520.827,"expWinRate":54.723},{"IDNum":61473,"expDef":0.642,"expFrag":0.902,"expSpot":1.096,"expDamage":1066.819,"expWinRate":54.381},{"IDNum":61505,"expDef":0.858,"expFrag":0.706,"expSpot":3.063,"expDamage":777.563,"expWinRate":52.578},{"IDNum":61697,"expDef":0.758,"expFrag":0.973,"expSpot":1.565,"expDamage":1822.851,"expWinRate":52.178},{"IDNum":61713,"expDef":1.039,"expFrag":0.989,"expSpot":0.566,"expDamage":1026.110,"expWinRate":52.311},{"IDNum":61729,"expDef":0.460,"expFrag":0.840,"expSpot":1.122,"expDamage":1690.132,"expWinRate":51.772},{"IDNum":61761,"expDef":0.749,"expFrag":0.953,"expSpot":0.640,"expDamage":1376.524,"expWinRate":51.257},{"IDNum":61953,"expDef":0.768,"expFrag":0.878,"expSpot":1.449,"expDamage":1168.666,"expWinRate":51.853},{"IDNum":61969,"expDef":1.280,"expFrag":0.936,"expSpot":0.824,"expDamage":1168.237,"expWinRate":50.193},{"IDNum":61985,"expDef":0.547,"expFrag":0.918,"expSpot":1.157,"expDamage":1451.421,"expWinRate":52.952},{"IDNum":62001,"expDef":0.696,"expFrag":0.661,"expSpot":2.603,"expDamage":816.191,"expWinRate":51.488},{"IDNum":62017,"expDef":0.560,"expFrag":0.753,"expSpot":0.989,"expDamage":1242.671,"expWinRate":52.330},{"IDNum":62209,"expDef":0.820,"expFrag":0.819,"expSpot":0.687,"expDamage":1202.422,"expWinRate":54.478},{"IDNum":62241,"expDef":0.667,"expFrag":0.828,"expSpot":1.258,"expDamage":1203.684,"expWinRate":51.427},{"IDNum":62273,"expDef":0.575,"expFrag":1.037,"expSpot":0.715,"expDamage":1452.546,"expWinRate":52.158},{"IDNum":62481,"expDef":0.585,"expFrag":0.998,"expSpot":0.496,"expDamage":1440.768,"expWinRate":51.454},{"IDNum":62497,"expDef":0.886,"expFrag":0.933,"expSpot":1.035,"expDamage":979.046,"expWinRate":54.132},{"IDNum":62529,"expDef":0.691,"expFrag":0.966,"expSpot":1.042,"expDamage":1308.856,"expWinRate":50.892},{"IDNum":62737,"expDef":0.791,"expFrag":0.884,"expSpot":0.649,"expDamage":1325.493,"expWinRate":54.562},{"IDNum":62753,"expDef":0.561,"expFrag":1.030,"expSpot":1.477,"expDamage":2004.795,"expWinRate":53.751},{"IDNum":62785,"expDef":0.554,"expFrag":0.757,"expSpot":1.008,"expDamage":1242.859,"expWinRate":52.406},{"IDNum":62977,"expDef":0.727,"expFrag":0.890,"expSpot":1.515,"expDamage":1213.973,"expWinRate":51.940},{"IDNum":62993,"expDef":0.853,"expFrag":0.935,"expSpot":1.076,"expDamage":1076.855,"expWinRate":54.305},{"IDNum":63041,"expDef":0.656,"expFrag":0.836,"expSpot":0.826,"expDamage":1220.050,"expWinRate":50.817},{"IDNum":63233,"expDef":0.550,"expFrag":0.758,"expSpot":0.938,"expDamage":1286.701,"expWinRate":52.212},{"IDNum":63249,"expDef":1.064,"expFrag":0.992,"expSpot":1.088,"expDamage":545.519,"expWinRate":54.636},{"IDNum":63281,"expDef":0.687,"expFrag":1.040,"expSpot":0.780,"expDamage":1389.659,"expWinRate":52.264},{"IDNum":63297,"expDef":0.804,"expFrag":0.793,"expSpot":2.561,"expDamage":724.454,"expWinRate":52.254},{"IDNum":63505,"expDef":1.400,"expFrag":0.758,"expSpot":1.074,"expDamage":277.207,"expWinRate":53.756},{"IDNum":63537,"expDef":0.646,"expFrag":0.954,"expSpot":1.294,"expDamage":1902.057,"expWinRate":50.809},{"IDNum":63553,"expDef":0.987,"expFrag":0.809,"expSpot":1.406,"expDamage":1096.268,"expWinRate":50.653},{"IDNum":63761,"expDef":0.838,"expFrag":0.812,"expSpot":1.241,"expDamage":1128.145,"expWinRate":51.415},{"IDNum":63793,"expDef":0.903,"expFrag":0.802,"expSpot":1.280,"expDamage":1054.381,"expWinRate":51.882},{"IDNum":63809,"expDef":0.824,"expFrag":0.879,"expSpot":2.874,"expDamage":780.206,"expWinRate":53.168},{"IDNum":64017,"expDef":0.602,"expFrag":0.638,"expSpot":2.584,"expDamage":814.820,"expWinRate":50.886},{"IDNum":64049,"expDef":0.737,"expFrag":0.885,"expSpot":1.338,"expDamage":1139.940,"expWinRate":50.656},{"IDNum":64065,"expDef":1.055,"expFrag":0.892,"expSpot":1.339,"expDamage":1193.459,"expWinRate":50.870},{"IDNum":64273,"expDef":0.895,"expFrag":0.798,"expSpot":1.237,"expDamage":1112.782,"expWinRate":51.650},{"IDNum":64561,"expDef":0.606,"expFrag":0.876,"expSpot":1.325,"expDamage":1251.905,"expWinRate":52.772},{"IDNum":64769,"expDef":0.473,"expFrag":1.127,"expSpot":0.754,"expDamage":895.507,"expWinRate":54.738},{"IDNum":64817,"expDef":0.783,"expFrag":0.790,"expSpot":2.661,"expDamage":582.257,"expWinRate":52.359},{"IDNum":65073,"expDef":0.481,"expFrag":0.863,"expSpot":1.353,"expDamage":1276.455,"expWinRate":52.354},{"IDNum":65329,"expDef":0.623,"expFrag":0.915,"expSpot":0.980,"expDamage":1418.686,"expWinRate":51.903}],"header":{"url":"https://static.modxvm.com/wn8-data-exp/json/wn8exp-2021-10-09.json","source":"XVM","version":"2021-10-09"}}
