{"header":{"version":3},"data":[{"IDNum":1,"expFrag":0.6584,"expDamage":322.4656,"expSpot":1.1476,"expDef":0.6222,"expWinRate":50.6811},{"IDNum":33,"expFrag":1.0357,"expDamage":472.6183,"expSpot":1.3288,"expDef":0.8933,"expWinRate":52.5021},{"IDNum":49,"expFrag":1.0498,"expDamage":1198.118,"expSpot":1.7488,"expDef":0.9848,"expWinRate":54.4642},{"IDNum":81,"expFrag":1.1005,"expDamage":140.0263,"expSpot":0.7607,"expDef":0.7534,"expWinRate":52.0783},{"IDNum":113,"expFrag":1.2556,"expDamage":166.15,"expSpot":0.9516,"expDef":0.5817,"expWinRate":55.2288},{"IDNum":129,"expFrag":1.2402,"expDamage":170.6467,"expSpot":1.5699,"expDef":0.6918,"expWinRate":56.0355},{"IDNum":145,"expFrag":1.2374,"expDamage":954.7454,"expSpot":1.4671,"expDef":0.7473,"expWinRate":58.587},{"IDNum":257,"expFrag":0.8591,"expDamage":436.8177,"expSpot":0.4772,"expDef":0.7673,"expWinRate":50.6579},{"IDNum":273,"expFrag":1.0023,"expDamage":890.9821,"expSpot":0.0799,"expDef":1.1078,"expWinRate":50.6989},{"IDNum":289,"expFrag":0.5224,"expDamage":131.2132,"expSpot":1.9147,"expDef":0.6432,"expWinRate":50.4051},{"IDNum":305,"expFrag":0.6088,"expDamage":633.037,"expSpot":2.553,"expDef":0.5478,"expWinRate":51.9715},{"IDNum":321,"expFrag":0.7193,"expDamage":171.8973,"expSpot":0.5963,"expDef":0.9334,"expWinRate":52.2887},{"IDNum":337,"expFrag":0.9689,"expDamage":165.3448,"expSpot":0.7215,"expDef":0.7368,"expWinRate":51.5003},{"IDNum":353,"expFrag":1.0761,"expDamage":176.275,"expSpot":1.1118,"expDef":0.9745,"expWinRate":53.7085},{"IDNum":369,"expFrag":1.1397,"expDamage":211.7789,"expSpot":1.4589,"expDef":1.0713,"expWinRate":55.1928},{"IDNum":385,"expFrag":1.4079,"expDamage":245.6054,"expSpot":1.414,"expDef":1.0699,"expWinRate":57.6222},{"IDNum":513,"expFrag":0.876,"expDamage":870.7629,"expSpot":0.9149,"expDef":0.636,"expWinRate":50.6275},{"IDNum":529,"expFrag":0.8864,"expDamage":971.0215,"expSpot":0.9103,"expDef":0.814,"expWinRate":52.026},{"IDNum":545,"expFrag":1.0194,"expDamage":131.0957,"expSpot":1.5001,"expDef":0.8243,"expWinRate":54.05},{"IDNum":577,"expFrag":0.8479,"expDamage":114.9606,"expSpot":0.8881,"expDef":0.983,"expWinRate":51.3139},{"IDNum":593,"expFrag":1.3231,"expDamage":231.84,"expSpot":2.1487,"expDef":1.2353,"expWinRate":57.6918},{"IDNum":609,"expFrag":1.1266,"expDamage":139.9958,"expSpot":1.0645,"expDef":1.0352,"expWinRate":53.3379},{"IDNum":625,"expFrag":0.8466,"expDamage":247.4285,"expSpot":1.0278,"expDef":1.1882,"expWinRate":54.4046},{"IDNum":641,"expFrag":1.1324,"expDamage":307.2523,"expSpot":1.4589,"expDef":1.2688,"expWinRate":56.5857},{"IDNum":769,"expFrag":0.3074,"expDamage":84.5507,"expSpot":1.5793,"expDef":0.3864,"expWinRate":47.8651},{"IDNum":785,"expFrag":0.8464,"expDamage":143.7319,"expSpot":1.09,"expDef":1.1538,"expWinRate":50.7313},{"IDNum":801,"expFrag":0.813,"expDamage":660.6573,"expSpot":0.8783,"expDef":0.6392,"expWinRate":50.9219},{"IDNum":817,"expFrag":1.1304,"expDamage":1465.0887,"expSpot":1.3376,"expDef":0.7592,"expWinRate":56.4817},{"IDNum":833,"expFrag":1.169,"expDamage":195.1238,"expSpot":0.1384,"expDef":1.2406,"expWinRate":53.6505},{"IDNum":849,"expFrag":0.9418,"expDamage":353.7646,"expSpot":0.6578,"expDef":1.193,"expWinRate":53.7617},{"IDNum":865,"expFrag":1.2678,"expDamage":213.4065,"expSpot":1.4548,"expDef":1.1532,"expWinRate":55.5673},{"IDNum":881,"expFrag":0.7384,"expDamage":285.3433,"expSpot":0.984,"expDef":0.8332,"expWinRate":51.5704},{"IDNum":897,"expFrag":0.8174,"expDamage":311.7962,"expSpot":1.1512,"expDef":0.6759,"expWinRate":52.092},{"IDNum":1025,"expFrag":0.7504,"expDamage":131.298,"expSpot":1.4854,"expDef":0.7867,"expWinRate":49.756},{"IDNum":1041,"expFrag":0.8576,"expDamage":438.7877,"expSpot":0.6515,"expDef":0.8281,"expWinRate":50.7907},{"IDNum":1057,"expFrag":1.1101,"expDamage":533.3361,"expSpot":1.3159,"expDef":0.8359,"expWinRate":54.9128},{"IDNum":1073,"expFrag":1.0521,"expDamage":1029.0317,"expSpot":1.5549,"expDef":0.9434,"expWinRate":56.9716},{"IDNum":1089,"expFrag":0.628,"expDamage":197.5057,"expSpot":0.8133,"expDef":0.7695,"expWinRate":47.4278},{"IDNum":1105,"expFrag":1.062,"expDamage":727.9368,"expSpot":1.9317,"expDef":0.8712,"expWinRate":56.4983},{"IDNum":1121,"expFrag":1.0335,"expDamage":1025.198,"expSpot":1.0413,"expDef":1.0362,"expWinRate":53.0996},{"IDNum":1137,"expFrag":0.8258,"expDamage":469.8284,"expSpot":1.3516,"expDef":0.8043,"expWinRate":53.1666},{"IDNum":1153,"expFrag":0.9013,"expDamage":480.2527,"expSpot":1.1153,"expDef":0.6724,"expWinRate":52.4798},{"IDNum":1297,"expFrag":0.9046,"expDamage":904.5441,"expSpot":1.2145,"expDef":1.0595,"expWinRate":54.6524},{"IDNum":1313,"expFrag":0.8915,"expDamage":617.8488,"expSpot":1.4152,"expDef":0.8568,"expWinRate":53.9423},{"IDNum":1329,"expFrag":1.4183,"expDamage":182.1898,"expSpot":1.2513,"expDef":1.3065,"expWinRate":53.4464},{"IDNum":1345,"expFrag":1.1621,"expDamage":192.0454,"expSpot":1.0723,"expDef":1.7282,"expWinRate":55.7936},{"IDNum":1361,"expFrag":1.1033,"expDamage":280.6039,"expSpot":1.7963,"expDef":1.2079,"expWinRate":56.8758},{"IDNum":1377,"expFrag":0.8349,"expDamage":440.8582,"expSpot":1.1358,"expDef":0.7349,"expWinRate":52.774},{"IDNum":1393,"expFrag":1.0326,"expDamage":792.2198,"expSpot":1.4105,"expDef":0.9227,"expWinRate":54.9581},{"IDNum":1409,"expFrag":1.0967,"expDamage":831.7629,"expSpot":1.1155,"expDef":0.8935,"expWinRate":55.2804},{"IDNum":1537,"expFrag":0.4995,"expDamage":187.1318,"expSpot":0.9506,"expDef":0.3808,"expWinRate":48.7382},{"IDNum":1553,"expFrag":0.8838,"expDamage":617.2064,"expSpot":0.6821,"expDef":0.8854,"expWinRate":51.4471},{"IDNum":1569,"expFrag":1.0409,"expDamage":1017.179,"expSpot":1.7201,"expDef":1.0123,"expWinRate":56.6835},{"IDNum":1585,"expFrag":0.9143,"expDamage":1138.5466,"expSpot":1.6203,"expDef":0.8508,"expWinRate":53.9146},{"IDNum":1601,"expFrag":0.9109,"expDamage":151.3295,"expSpot":0.7287,"expDef":1.547,"expWinRate":51.6915},{"IDNum":1617,"expFrag":0.8454,"expDamage":314.8099,"expSpot":0.738,"expDef":0.7502,"expWinRate":51.3498},{"IDNum":1633,"expFrag":0.7214,"expDamage":273.2358,"expSpot":1.0641,"expDef":0.6493,"expWinRate":51.7122},{"IDNum":1649,"expFrag":1.0474,"expDamage":1088.8544,"expSpot":1.2128,"expDef":0.8633,"expWinRate":55.8604},{"IDNum":1665,"expFrag":1.0774,"expDamage":1082.4244,"expSpot":1.3071,"expDef":0.7981,"expWinRate":55.7462},{"IDNum":1793,"expFrag":0.9291,"expDamage":1155.3604,"expSpot":0.0461,"expDef":0.6672,"expWinRate":50.2722},{"IDNum":1809,"expFrag":0.8897,"expDamage":284.2009,"expSpot":0.4412,"expDef":0.6831,"expWinRate":51.4022},{"IDNum":1825,"expFrag":1.0007,"expDamage":167.9436,"expSpot":2.1437,"expDef":0.989,"expWinRate":54.0292},{"IDNum":1841,"expFrag":1.0037,"expDamage":1590.4188,"expSpot":1.5034,"expDef":0.6715,"expWinRate":54.4631},{"IDNum":1889,"expFrag":1.0367,"expDamage":768.3585,"expSpot":1.0858,"expDef":0.9534,"expWinRate":53.4573},{"IDNum":1905,"expFrag":0.9509,"expDamage":1258.9994,"expSpot":1.0491,"expDef":0.8467,"expWinRate":54.0154},{"IDNum":1921,"expFrag":1.3031,"expDamage":1733.9863,"expSpot":0.8869,"expDef":0.8065,"expWinRate":58.0241},{"IDNum":2049,"expFrag":0.1911,"expDamage":76.6553,"expSpot":1.9011,"expDef":0.2016,"expWinRate":47.5259},{"IDNum":2065,"expFrag":0.9689,"expDamage":162.1342,"expSpot":1.4335,"expDef":1.2112,"expWinRate":52.6178},{"IDNum":2081,"expFrag":0.9789,"expDamage":173.2077,"expSpot":0.3941,"expDef":1.3628,"expWinRate":51.1014},{"IDNum":2097,"expFrag":1.0586,"expDamage":1853.2008,"expSpot":1.2699,"expDef":0.5799,"expWinRate":56.3499},{"IDNum":2113,"expFrag":1.3436,"expDamage":669.5423,"expSpot":0.1063,"expDef":1.4558,"expWinRate":55.5942},{"IDNum":2129,"expFrag":0.7155,"expDamage":344.1323,"expSpot":1.4942,"expDef":0.6994,"expWinRate":51.2609},{"IDNum":2145,"expFrag":1.1434,"expDamage":289.1895,"expSpot":1.099,"expDef":1.0297,"expWinRate":55.6642},{"IDNum":2161,"expFrag":1.4077,"expDamage":2183.085,"expSpot":1.1517,"expDef":0.8833,"expWinRate":58.01},{"IDNum":2177,"expFrag":1.2798,"expDamage":2064.1672,"expSpot":0.9787,"expDef":0.6535,"expWinRate":58.0897},{"IDNum":2305,"expFrag":0.9845,"expDamage":945.1249,"expSpot":0.5155,"expDef":0.6861,"expWinRate":51.9587},{"IDNum":2321,"expFrag":0.878,"expDamage":643.2338,"expSpot":1.0786,"expDef":0.787,"expWinRate":53.1839},{"IDNum":2353,"expFrag":1.3197,"expDamage":218.3845,"expSpot":1.299,"expDef":1.2606,"expWinRate":56.2361},{"IDNum":2369,"expFrag":1.7311,"expDamage":425.3814,"expSpot":1.0663,"expDef":1.5426,"expWinRate":59.581},{"IDNum":2385,"expFrag":0.5998,"expDamage":155.9239,"expSpot":0.6912,"expDef":0.6811,"expWinRate":49.9228},{"IDNum":2401,"expFrag":1.1063,"expDamage":272.6802,"expSpot":1.6096,"expDef":1.1856,"expWinRate":55.845},{"IDNum":2417,"expFrag":1.5529,"expDamage":2612.5381,"expSpot":1.4398,"expDef":0.8218,"expWinRate":56.4847},{"IDNum":2433,"expFrag":1.3451,"expDamage":2509.0459,"expSpot":1.2287,"expDef":0.6425,"expWinRate":57.1803},{"IDNum":2561,"expFrag":0.7753,"expDamage":575.7456,"expSpot":1.1997,"expDef":0.6632,"expWinRate":51.868},{"IDNum":2577,"expFrag":0.8577,"expDamage":564.0299,"expSpot":1.2328,"expDef":0.7435,"expWinRate":52.4976},{"IDNum":2593,"expFrag":1.0952,"expDamage":1850.911,"expSpot":0.7249,"expDef":0.5729,"expWinRate":52.5392},{"IDNum":2625,"expFrag":0.8805,"expDamage":765.5985,"expSpot":0.8177,"expDef":0.6965,"expWinRate":53.0674},{"IDNum":2657,"expFrag":0.9964,"expDamage":1315.3777,"expSpot":1.3021,"expDef":1.0485,"expWinRate":54.0417},{"IDNum":2689,"expFrag":0.9545,"expDamage":172.0968,"expSpot":0.5462,"expDef":0.8624,"expWinRate":53.4706},{"IDNum":2817,"expFrag":0.9984,"expDamage":765.034,"expSpot":0.953,"expDef":0.613,"expWinRate":53.6277},{"IDNum":2833,"expFrag":0.7881,"expDamage":244.4948,"expSpot":0.2,"expDef":0.9407,"expWinRate":52.9918},{"IDNum":2849,"expFrag":0.9053,"expDamage":1378.7515,"expSpot":0.8011,"expDef":0.6845,"expWinRate":52.3602},{"IDNum":2865,"expFrag":0.9994,"expDamage":1402.3007,"expSpot":1.107,"expDef":0.7538,"expWinRate":56.0733},{"IDNum":2881,"expFrag":0.4171,"expDamage":137.7923,"expSpot":0.5671,"expDef":0.5414,"expWinRate":49.1569},{"IDNum":2897,"expFrag":0.9686,"expDamage":528.0055,"expSpot":0.7627,"expDef":0.9492,"expWinRate":52.7113},{"IDNum":2913,"expFrag":0.9284,"expDamage":340.6433,"expSpot":1.6772,"expDef":0.8362,"expWinRate":54.6614},{"IDNum":2945,"expFrag":1.1593,"expDamage":314.3102,"expSpot":0.5612,"expDef":1.1036,"expWinRate":54.8563},{"IDNum":3073,"expFrag":0.4373,"expDamage":111.5805,"expSpot":0.9556,"expDef":0.4378,"expWinRate":48.5181},{"IDNum":3089,"expFrag":0.9523,"expDamage":128.3164,"expSpot":1.2177,"expDef":1.0031,"expWinRate":52.8006},{"IDNum":3105,"expFrag":0.606,"expDamage":210.4169,"expSpot":0.6647,"expDef":0.4653,"expWinRate":49.2282},{"IDNum":3121,"expFrag":0.525,"expDamage":198.1839,"expSpot":2.1837,"expDef":0.485,"expWinRate":50.216},{"IDNum":3137,"expFrag":1.23,"expDamage":1524.672,"expSpot":0.9167,"expDef":1.0584,"expWinRate":54.9527},{"IDNum":3153,"expFrag":1.0148,"expDamage":1072.6409,"expSpot":0.8178,"expDef":1.0671,"expWinRate":55.9593},{"IDNum":3169,"expFrag":0.9567,"expDamage":170.3895,"expSpot":1.1453,"expDef":0.9453,"expWinRate":53.3182},{"IDNum":3201,"expFrag":0.8244,"expDamage":284.1471,"expSpot":0.5065,"expDef":0.7267,"expWinRate":50.7622},{"IDNum":3329,"expFrag":1.0154,"expDamage":133.7829,"expSpot":0.9223,"expDef":0.9929,"expWinRate":52.6405},{"IDNum":3345,"expFrag":0.6254,"expDamage":153.8089,"expSpot":0.9396,"expDef":0.6882,"expWinRate":50.7024},{"IDNum":3361,"expFrag":0.8721,"expDamage":462.4498,"expSpot":0.9109,"expDef":0.7504,"expWinRate":50.7188},{"IDNum":3377,"expFrag":0.5803,"expDamage":645.9568,"expSpot":2.6271,"expDef":0.4694,"expWinRate":52.6693},{"IDNum":3393,"expFrag":0.937,"expDamage":329.6777,"expSpot":0.1374,"expDef":1.4382,"expWinRate":50.212},{"IDNum":3409,"expFrag":0.744,"expDamage":183.2491,"expSpot":0.1212,"expDef":1.0479,"expWinRate":51.1635},{"IDNum":3425,"expFrag":1.1322,"expDamage":1851.6254,"expSpot":1.2482,"expDef":0.862,"expWinRate":55.1924},{"IDNum":3457,"expFrag":0.9561,"expDamage":448.0042,"expSpot":0.743,"expDef":0.6068,"expWinRate":51.9496},{"IDNum":3585,"expFrag":1.0412,"expDamage":747.502,"expSpot":0.726,"expDef":0.8635,"expWinRate":52.9251},{"IDNum":3601,"expFrag":1.5018,"expDamage":250.0453,"expSpot":0.828,"expDef":1.3506,"expWinRate":55.9642},{"IDNum":3617,"expFrag":0.8909,"expDamage":473.0946,"expSpot":0.1178,"expDef":1.575,"expWinRate":49.5602},{"IDNum":3633,"expFrag":1.162,"expDamage":1219.9135,"expSpot":1.1028,"expDef":0.7727,"expWinRate":57.092},{"IDNum":3649,"expFrag":1.2542,"expDamage":1971.7198,"expSpot":1.9762,"expDef":0.8059,"expWinRate":52.4057},{"IDNum":3665,"expFrag":1.0677,"expDamage":810.6553,"expSpot":1.0487,"expDef":0.9717,"expWinRate":54.2494},{"IDNum":3681,"expFrag":1.2667,"expDamage":2276.3572,"expSpot":1.4875,"expDef":0.8525,"expWinRate":54.898},{"IDNum":3713,"expFrag":1.0352,"expDamage":816.154,"expSpot":0.6397,"expDef":0.8474,"expWinRate":53.508},{"IDNum":3841,"expFrag":0.861,"expDamage":149.8861,"expSpot":0.1373,"expDef":1.2232,"expWinRate":49.0156},{"IDNum":3857,"expFrag":1.0373,"expDamage":1044.3187,"expSpot":0.6851,"expDef":0.8946,"expWinRate":53.455},{"IDNum":3873,"expFrag":1.0859,"expDamage":1181.2867,"expSpot":1.0361,"expDef":0.9188,"expWinRate":54.9395},{"IDNum":3889,"expFrag":0.6409,"expDamage":832.8635,"expSpot":2.7302,"expDef":0.51,"expWinRate":52.9751},{"IDNum":3905,"expFrag":1.2159,"expDamage":1861.9197,"expSpot":0.8934,"expDef":0.8464,"expWinRate":53.8151},{"IDNum":3921,"expFrag":0.9074,"expDamage":1335.6979,"expSpot":1.0701,"expDef":0.8838,"expWinRate":54.2732},{"IDNum":3937,"expFrag":1.0959,"expDamage":2219.1543,"expSpot":0.8445,"expDef":0.4517,"expWinRate":55.5795},{"IDNum":3969,"expFrag":1.0128,"expDamage":1051.9475,"expSpot":0.604,"expDef":0.8802,"expWinRate":53.2175},{"IDNum":4097,"expFrag":0.9525,"expDamage":1252.9327,"expSpot":0.023,"expDef":0.5604,"expWinRate":49.8942},{"IDNum":4113,"expFrag":0.9173,"expDamage":830.6787,"expSpot":1.4909,"expDef":0.9007,"expWinRate":53.5271},{"IDNum":4129,"expFrag":1.0184,"expDamage":800.6511,"expSpot":0.0797,"expDef":1.2407,"expWinRate":51.3554},{"IDNum":4145,"expFrag":1.1418,"expDamage":2104.6453,"expSpot":1.4129,"expDef":0.6669,"expWinRate":53.908},{"IDNum":4161,"expFrag":1.0016,"expDamage":540.8324,"expSpot":0.0984,"expDef":1.7859,"expWinRate":51.5318},{"IDNum":4193,"expFrag":0.9147,"expDamage":1625.5865,"expSpot":0.6548,"expDef":0.4229,"expWinRate":54.2839},{"IDNum":4225,"expFrag":1.0912,"expDamage":1561.1328,"expSpot":0.6227,"expDef":0.8907,"expWinRate":53.163},{"IDNum":4353,"expFrag":0.8065,"expDamage":954.5984,"expSpot":1.6205,"expDef":0.7462,"expWinRate":52.3349},{"IDNum":4369,"expFrag":0.4716,"expDamage":147.9305,"expSpot":1.5057,"expDef":0.4146,"expWinRate":49.9571},{"IDNum":4385,"expFrag":0.9871,"expDamage":1341.0148,"expSpot":1.1729,"expDef":0.9155,"expWinRate":54.0714},{"IDNum":4401,"expFrag":1.1027,"expDamage":270.4634,"expSpot":1.0944,"expDef":1.1059,"expWinRate":54.7519},{"IDNum":4417,"expFrag":0.9957,"expDamage":474.4524,"expSpot":1.1059,"expDef":0.7978,"expWinRate":53.2911},{"IDNum":4433,"expFrag":1.0392,"expDamage":1838.906,"expSpot":1.0163,"expDef":0.6813,"expWinRate":54.8123},{"IDNum":4449,"expFrag":0.7362,"expDamage":263.7973,"expSpot":0.6152,"expDef":0.6026,"expWinRate":48.73},{"IDNum":4481,"expFrag":1.2479,"expDamage":2141.0999,"expSpot":0.6297,"expDef":0.8977,"expWinRate":55.4462},{"IDNum":4609,"expFrag":0.8022,"expDamage":136.0961,"expSpot":0.7103,"expDef":1.1097,"expWinRate":49.458},{"IDNum":4625,"expFrag":0.641,"expDamage":252.6126,"expSpot":0.1697,"expDef":1.0427,"expWinRate":48.7789},{"IDNum":4641,"expFrag":0.6706,"expDamage":251.7746,"expSpot":0.1616,"expDef":0.9176,"expWinRate":48.522},{"IDNum":4657,"expFrag":0.9677,"expDamage":458.3772,"expSpot":1.3325,"expDef":0.8715,"expWinRate":53.3093},{"IDNum":4673,"expFrag":1.0549,"expDamage":928.2251,"expSpot":0.0822,"expDef":1.3022,"expWinRate":52.5107},{"IDNum":4689,"expFrag":0.9517,"expDamage":728.4496,"expSpot":0.6883,"expDef":0.9311,"expWinRate":53.3471},{"IDNum":4705,"expFrag":0.8713,"expDamage":270.0938,"expSpot":0.7383,"expDef":0.7986,"expWinRate":51.5905},{"IDNum":4737,"expFrag":1.4445,"expDamage":2741.374,"expSpot":0.7511,"expDef":0.9336,"expWinRate":55.8366},{"IDNum":4865,"expFrag":0.9333,"expDamage":520.9877,"expSpot":0.0992,"expDef":1.2249,"expWinRate":50.1844},{"IDNum":4881,"expFrag":0.4988,"expDamage":121.7484,"expSpot":1.251,"expDef":0.4515,"expWinRate":49.6086},{"IDNum":4897,"expFrag":0.6997,"expDamage":158.4254,"expSpot":1.0358,"expDef":0.5763,"expWinRate":50.2614},{"IDNum":4913,"expFrag":0.4797,"expDamage":344.2122,"expSpot":2.7427,"expDef":0.3928,"expWinRate":51.659},{"IDNum":4929,"expFrag":0.7372,"expDamage":843.7605,"expSpot":2.4053,"expDef":0.5768,"expWinRate":52.7901},{"IDNum":4945,"expFrag":0.6572,"expDamage":255.0678,"expSpot":0.6806,"expDef":0.8563,"expWinRate":51.8621},{"IDNum":4961,"expFrag":0.9589,"expDamage":1402.4509,"expSpot":0.7875,"expDef":0.6074,"expWinRate":55.1521},{"IDNum":5121,"expFrag":1.1314,"expDamage":196.4405,"expSpot":0.3685,"expDef":1.1493,"expWinRate":52.9816},{"IDNum":5137,"expFrag":0.9108,"expDamage":1281.8939,"expSpot":0.9675,"expDef":0.7961,"expWinRate":52.1315},{"IDNum":5153,"expFrag":0.4711,"expDamage":165.6819,"expSpot":2.3326,"expDef":0.4759,"expWinRate":51.265},{"IDNum":5169,"expFrag":1.0252,"expDamage":715.0584,"expSpot":1.5088,"expDef":0.8973,"expWinRate":54.9782},{"IDNum":5185,"expFrag":0.5559,"expDamage":517.6892,"expSpot":2.0687,"expDef":0.4682,"expWinRate":51.8461},{"IDNum":5201,"expFrag":1.2456,"expDamage":214.0149,"expSpot":1.1315,"expDef":1.1107,"expWinRate":54.5864},{"IDNum":5217,"expFrag":1.0774,"expDamage":1234.272,"expSpot":0.9932,"expDef":0.6459,"expWinRate":57.0792},{"IDNum":5377,"expFrag":0.9491,"expDamage":1295.3862,"expSpot":0.9621,"expDef":0.7421,"expWinRate":52.2617},{"IDNum":5393,"expFrag":0.4093,"expDamage":199.2731,"expSpot":2.7867,"expDef":0.3402,"expWinRate":51.1717},{"IDNum":5409,"expFrag":0.6516,"expDamage":304.7985,"expSpot":1.7933,"expDef":0.5679,"expWinRate":50.8496},{"IDNum":5425,"expFrag":1.0875,"expDamage":2151.2478,"expSpot":1.3862,"expDef":0.5759,"expWinRate":55.2296},{"IDNum":5457,"expFrag":1.0724,"expDamage":985.2716,"expSpot":1.7307,"expDef":1.0363,"expWinRate":54.8486},{"IDNum":5473,"expFrag":1.1524,"expDamage":911.0654,"expSpot":0.821,"expDef":0.5946,"expWinRate":55.4198},{"IDNum":5633,"expFrag":0.9934,"expDamage":904.7177,"expSpot":0.0686,"expDef":0.9948,"expWinRate":50.2513},{"IDNum":5649,"expFrag":0.9589,"expDamage":561.0435,"expSpot":0.106,"expDef":1.272,"expWinRate":51.2228},{"IDNum":5665,"expFrag":0.7533,"expDamage":133.2187,"expSpot":1.2548,"expDef":0.8809,"expWinRate":49.9926},{"IDNum":5681,"expFrag":1.0409,"expDamage":1525.057,"expSpot":2.447,"expDef":0.653,"expWinRate":54.6865},{"IDNum":5697,"expFrag":1.048,"expDamage":1424.6589,"expSpot":1.4027,"expDef":0.7888,"expWinRate":52.4326},{"IDNum":5713,"expFrag":1.0625,"expDamage":1780.9586,"expSpot":1.2231,"expDef":0.8608,"expWinRate":54.8113},{"IDNum":5729,"expFrag":1.3563,"expDamage":754.369,"expSpot":1.1411,"expDef":0.6889,"expWinRate":55.6271},{"IDNum":5889,"expFrag":0.9323,"expDamage":990.4981,"expSpot":0.7371,"expDef":0.6461,"expWinRate":52.024},{"IDNum":5905,"expFrag":0.7276,"expDamage":254.9781,"expSpot":0.1502,"expDef":1.0767,"expWinRate":48.5338},{"IDNum":5921,"expFrag":1.0363,"expDamage":1296.984,"expSpot":1.5957,"expDef":1.1068,"expWinRate":55.6119},{"IDNum":5937,"expFrag":1.2022,"expDamage":2059.7146,"expSpot":2.7829,"expDef":0.7195,"expWinRate":53.6445},{"IDNum":5953,"expFrag":0.5589,"expDamage":126.0599,"expSpot":0.7044,"expDef":0.8994,"expWinRate":51.8226},{"IDNum":5969,"expFrag":0.926,"expDamage":1275.9131,"expSpot":1.2933,"expDef":0.9271,"expWinRate":55.4821},{"IDNum":5985,"expFrag":1.3753,"expDamage":228.3167,"expSpot":1.1824,"expDef":0.9168,"expWinRate":55.8806},{"IDNum":6145,"expFrag":1.0244,"expDamage":1993.1516,"expSpot":1.0875,"expDef":0.6806,"expWinRate":51.4854},{"IDNum":6161,"expFrag":0.5543,"expDamage":183.6587,"expSpot":2.0129,"expDef":0.5311,"expWinRate":51.8715},{"IDNum":6177,"expFrag":1.65,"expDamage":242.3204,"expSpot":1.0207,"expDef":1.0757,"expWinRate":54.4021},{"IDNum":6193,"expFrag":1.3545,"expDamage":2995.1956,"expSpot":1.3205,"expDef":0.5619,"expWinRate":58.1906},{"IDNum":6209,"expFrag":1.3053,"expDamage":2300.2651,"expSpot":1.0168,"expDef":0.7991,"expWinRate":53.5074},{"IDNum":6225,"expFrag":1.145,"expDamage":2257.7673,"expSpot":1.1222,"expDef":0.6905,"expWinRate":54.6462},{"IDNum":6401,"expFrag":0.681,"expDamage":188.4692,"expSpot":0.5735,"expDef":0.7439,"expWinRate":49.9391},{"IDNum":6417,"expFrag":0.6267,"expDamage":307.3368,"expSpot":1.3317,"expDef":0.5332,"expWinRate":50.1743},{"IDNum":6433,"expFrag":1.0309,"expDamage":246.6478,"expSpot":1.0255,"expDef":0.7399,"expWinRate":52.6877},{"IDNum":6449,"expFrag":1.5457,"expDamage":234.5633,"expSpot":0.5471,"expDef":0.8288,"expWinRate":58.5406},{"IDNum":6465,"expFrag":0.4799,"expDamage":374.7003,"expSpot":1.8183,"expDef":0.3944,"expWinRate":50.9616},{"IDNum":6481,"expFrag":0.5486,"expDamage":197.5832,"expSpot":1.3576,"expDef":0.5403,"expWinRate":50.1732},{"IDNum":6657,"expFrag":0.8112,"expDamage":752.3942,"expSpot":1.3763,"expDef":0.7738,"expWinRate":52.3517},{"IDNum":6673,"expFrag":1.017,"expDamage":284.4974,"expSpot":0.7863,"expDef":0.9974,"expWinRate":54.3459},{"IDNum":6705,"expFrag":1.4572,"expDamage":337.584,"expSpot":0.6494,"expDef":1.0336,"expWinRate":57.1643},{"IDNum":6721,"expFrag":0.9179,"expDamage":505.0726,"expSpot":0.7144,"expDef":0.7068,"expWinRate":51.6115},{"IDNum":6913,"expFrag":0.7546,"expDamage":286.2407,"expSpot":0.7188,"expDef":0.6832,"expWinRate":50.2823},{"IDNum":6929,"expFrag":0.9983,"expDamage":1939.0129,"expSpot":0.9179,"expDef":0.6953,"expWinRate":53.771},{"IDNum":6945,"expFrag":0.9136,"expDamage":467.1564,"expSpot":0.8016,"expDef":0.8985,"expWinRate":51.9884},{"IDNum":6961,"expFrag":1.3846,"expDamage":471.8097,"expSpot":0.641,"expDef":0.7839,"expWinRate":56.1499},{"IDNum":6977,"expFrag":0.908,"expDamage":1027.9126,"expSpot":0.8752,"expDef":0.8659,"expWinRate":53.25},{"IDNum":6993,"expFrag":1.0963,"expDamage":244.2407,"expSpot":0.8422,"expDef":0.7987,"expWinRate":53.7256},{"IDNum":7169,"expFrag":0.9298,"expDamage":1838.1611,"expSpot":1.1934,"expDef":0.5827,"expWinRate":50.7782},{"IDNum":7185,"expFrag":0.7685,"expDamage":566.7265,"expSpot":1.1227,"expDef":0.6276,"expWinRate":51.7337},{"IDNum":7201,"expFrag":0.9469,"expDamage":728.9432,"expSpot":0.8288,"expDef":0.9103,"expWinRate":53.4002},{"IDNum":7217,"expFrag":0.9565,"expDamage":505.6489,"expSpot":0.462,"expDef":0.5366,"expWinRate":52.0939},{"IDNum":7233,"expFrag":0.926,"expDamage":1099.9695,"expSpot":0.0711,"expDef":1.0384,"expWinRate":51.7075},{"IDNum":7249,"expFrag":1.1753,"expDamage":2186.9771,"expSpot":1.4019,"expDef":0.7476,"expWinRate":54.0875},{"IDNum":7425,"expFrag":1.1394,"expDamage":1489.8646,"expSpot":0.5627,"expDef":0.7121,"expWinRate":51.2936},{"IDNum":7441,"expFrag":1.0047,"expDamage":1674.7354,"expSpot":0.9741,"expDef":0.6429,"expWinRate":53.2667},{"IDNum":7457,"expFrag":1.0151,"expDamage":1454.8173,"expSpot":0.0451,"expDef":0.7162,"expWinRate":52.3515},{"IDNum":7473,"expFrag":1.1581,"expDamage":849.7826,"expSpot":0.6459,"expDef":0.6601,"expWinRate":55.0885},{"IDNum":7489,"expFrag":0.9822,"expDamage":1358.3448,"expSpot":0.0679,"expDef":0.9078,"expWinRate":51.7219},{"IDNum":7505,"expFrag":0.9785,"expDamage":248.8124,"expSpot":1.4403,"expDef":0.7815,"expWinRate":54.2051},{"IDNum":7681,"expFrag":0.994,"expDamage":369.4044,"expSpot":0.1135,"expDef":1.414,"expWinRate":51.779},{"IDNum":7697,"expFrag":1.1026,"expDamage":1452.8771,"expSpot":0.6004,"expDef":0.8611,"expWinRate":52.5301},{"IDNum":7713,"expFrag":0.9162,"expDamage":345.002,"expSpot":0.8897,"expDef":0.8228,"expWinRate":52.2428},{"IDNum":7729,"expFrag":1.3122,"expDamage":1200.0538,"expSpot":0.6345,"expDef":0.729,"expWinRate":56.2149},{"IDNum":7745,"expFrag":1.6669,"expDamage":267.5239,"expSpot":0.6936,"expDef":1.4941,"expWinRate":56.582},{"IDNum":7761,"expFrag":1.3523,"expDamage":230.0894,"expSpot":1.7204,"expDef":1.028,"expWinRate":57.0087},{"IDNum":7937,"expFrag":0.9733,"expDamage":1466.9995,"expSpot":1.8138,"expDef":0.7048,"expWinRate":52.791},{"IDNum":7953,"expFrag":1.1688,"expDamage":1902.9863,"expSpot":0.6386,"expDef":0.7161,"expWinRate":52.997},{"IDNum":7969,"expFrag":0.9898,"expDamage":1144.0433,"expSpot":0.0559,"expDef":0.9019,"expWinRate":52.0072},{"IDNum":7985,"expFrag":1.1374,"expDamage":1558.8246,"expSpot":0.4739,"expDef":0.5253,"expWinRate":54.3867},{"IDNum":8017,"expFrag":1.2053,"expDamage":269.512,"expSpot":0.6685,"expDef":1.0856,"expWinRate":53.0066},{"IDNum":8193,"expFrag":1.2972,"expDamage":2073.8496,"expSpot":0.6951,"expDef":0.7533,"expWinRate":52.8433},{"IDNum":8209,"expFrag":0.3042,"expDamage":111.8829,"expSpot":1.6127,"expDef":0.3383,"expWinRate":49.035},{"IDNum":8225,"expFrag":1.0589,"expDamage":1430.239,"expSpot":0.4908,"expDef":0.8559,"expWinRate":52.3771},{"IDNum":8241,"expFrag":1.4256,"expDamage":2321.646,"expSpot":0.5217,"expDef":0.5646,"expWinRate":57.87},{"IDNum":8257,"expFrag":1.0821,"expDamage":272.0014,"expSpot":0.8463,"expDef":1.2596,"expWinRate":55.162},{"IDNum":8273,"expFrag":1.4436,"expDamage":233.7896,"expSpot":1.1309,"expDef":1.1861,"expWinRate":55.562},{"IDNum":8449,"expFrag":1.012,"expDamage":1529.2404,"expSpot":0.0308,"expDef":0.5818,"expWinRate":50.0966},{"IDNum":8465,"expFrag":0.9226,"expDamage":1180.2568,"expSpot":1.368,"expDef":0.8983,"expWinRate":54.4754},{"IDNum":8481,"expFrag":0.9218,"expDamage":1713.7639,"expSpot":0.0395,"expDef":0.5299,"expWinRate":50.0313},{"IDNum":8497,"expFrag":1.3876,"expDamage":2669.1145,"expSpot":0.667,"expDef":0.5361,"expWinRate":55.7092},{"IDNum":8529,"expFrag":1.0938,"expDamage":1462.894,"expSpot":0.6135,"expDef":1.0535,"expWinRate":54.0354},{"IDNum":8705,"expFrag":1.0097,"expDamage":1768.0175,"expSpot":0.0502,"expDef":0.6639,"expWinRate":49.8589},{"IDNum":8721,"expFrag":0.9375,"expDamage":1430.4044,"expSpot":0.0398,"expDef":0.5267,"expWinRate":49.7977},{"IDNum":8737,"expFrag":1.1473,"expDamage":1842.016,"expSpot":0.4604,"expDef":0.6064,"expWinRate":53.4008},{"IDNum":8785,"expFrag":0.951,"expDamage":466.768,"expSpot":0.6667,"expDef":1.1553,"expWinRate":54.1932},{"IDNum":8961,"expFrag":0.5817,"expDamage":515.9661,"expSpot":1.2992,"expDef":0.6222,"expWinRate":49.557},{"IDNum":8977,"expFrag":1.009,"expDamage":1193.024,"expSpot":0.0476,"expDef":0.8816,"expWinRate":51.4485},{"IDNum":8993,"expFrag":1.1594,"expDamage":1772.4562,"expSpot":1.639,"expDef":0.8288,"expWinRate":55.1985},{"IDNum":9041,"expFrag":0.8221,"expDamage":284.7204,"expSpot":1.1176,"expDef":0.7174,"expWinRate":51.1826},{"IDNum":9217,"expFrag":1.2063,"expDamage":1544.9078,"expSpot":1.1341,"expDef":0.8374,"expWinRate":55.7501},{"IDNum":9233,"expFrag":0.966,"expDamage":1704.4698,"expSpot":0.0385,"expDef":0.5099,"expWinRate":49.9579},{"IDNum":9249,"expFrag":1.0879,"expDamage":1066.5706,"expSpot":0.8053,"expDef":1.0282,"expWinRate":54.3581},{"IDNum":9297,"expFrag":1.2185,"expDamage":2247.3149,"expSpot":0.5732,"expDef":0.4536,"expWinRate":51.147},{"IDNum":9473,"expFrag":0.3615,"expDamage":141.2761,"expSpot":3.4267,"expDef":0.3084,"expWinRate":51.7529},{"IDNum":9489,"expFrag":1.0424,"expDamage":2088.5906,"expSpot":0.987,"expDef":0.5204,"expWinRate":52.9839},{"IDNum":9505,"expFrag":1.011,"expDamage":1687.347,"expSpot":1.0765,"expDef":0.7051,"expWinRate":52.2017},{"IDNum":9553,"expFrag":0.9904,"expDamage":733.3106,"expSpot":0.6229,"expDef":1.0751,"expWinRate":55.0202},{"IDNum":9745,"expFrag":1.013,"expDamage":1687.2842,"expSpot":1.0154,"expDef":0.6821,"expWinRate":53.145},{"IDNum":9761,"expFrag":0.589,"expDamage":425.2183,"expSpot":2.7774,"expDef":0.5478,"expWinRate":52.8702},{"IDNum":9793,"expFrag":0.7254,"expDamage":251.4742,"expSpot":0.4247,"expDef":0.6096,"expWinRate":50.5609},{"IDNum":9809,"expFrag":0.8056,"expDamage":630.6336,"expSpot":0.3999,"expDef":0.7868,"expWinRate":50.7435},{"IDNum":9985,"expFrag":1.0403,"expDamage":1309.98,"expSpot":0.9584,"expDef":0.8924,"expWinRate":50.9236},{"IDNum":10001,"expFrag":0.5475,"expDamage":442.8755,"expSpot":2.7081,"expDef":0.423,"expWinRate":52.1903},{"IDNum":10017,"expFrag":1.0107,"expDamage":711.5622,"expSpot":1.104,"expDef":0.9906,"expWinRate":54.5808},{"IDNum":10049,"expFrag":1.1642,"expDamage":599.3146,"expSpot":0.7404,"expDef":1.0499,"expWinRate":53.8292},{"IDNum":10065,"expFrag":1.1626,"expDamage":1207.0934,"expSpot":0.6343,"expDef":1.1367,"expWinRate":57.214},{"IDNum":10241,"expFrag":1.0597,"expDamage":1047.7126,"expSpot":0.865,"expDef":1.0331,"expWinRate":53.6044},{"IDNum":10257,"expFrag":1.089,"expDamage":1742.0264,"expSpot":1.4243,"expDef":0.7483,"expWinRate":54.61},{"IDNum":10273,"expFrag":0.75,"expDamage":283.2931,"expSpot":1.17,"expDef":0.7638,"expWinRate":51.236},{"IDNum":10497,"expFrag":1.0513,"expDamage":807.0718,"expSpot":0.6571,"expDef":0.6046,"expWinRate":53.4669},{"IDNum":10513,"expFrag":0.962,"expDamage":1304.7218,"expSpot":1.1715,"expDef":0.8324,"expWinRate":53.2903},{"IDNum":10529,"expFrag":1.0192,"expDamage":509.2541,"expSpot":1.5211,"expDef":0.9595,"expWinRate":53.1765},{"IDNum":10577,"expFrag":1.0727,"expDamage":152.8677,"expSpot":0.2682,"expDef":0.9495,"expWinRate":53.7347},{"IDNum":10753,"expFrag":0.9527,"expDamage":1680.8748,"expSpot":0.8985,"expDef":0.592,"expWinRate":52.705},{"IDNum":10769,"expFrag":0.9577,"expDamage":1066.3385,"expSpot":0.8947,"expDef":0.9081,"expWinRate":54.3515},{"IDNum":10785,"expFrag":1.0623,"expDamage":2077.4026,"expSpot":1.2155,"expDef":0.7167,"expWinRate":52.8099},{"IDNum":10817,"expFrag":0.9148,"expDamage":988.9247,"expSpot":0.6742,"expDef":0.8438,"expWinRate":53.1116},{"IDNum":10833,"expFrag":0.7058,"expDamage":257.34,"expSpot":0.0849,"expDef":1.1825,"expWinRate":50.0189},{"IDNum":11009,"expFrag":0.8215,"expDamage":1185.7404,"expSpot":0.7658,"expDef":0.649,"expWinRate":51.4963},{"IDNum":11025,"expFrag":1.0121,"expDamage":1038.335,"expSpot":0.4789,"expDef":0.8178,"expWinRate":50.9293},{"IDNum":11041,"expFrag":0.9237,"expDamage":970.5992,"expSpot":0.9337,"expDef":0.9438,"expWinRate":52.9675},{"IDNum":11073,"expFrag":1.0858,"expDamage":1752.1799,"expSpot":0.9957,"expDef":0.7583,"expWinRate":53.8219},{"IDNum":11089,"expFrag":1.0118,"expDamage":530.8701,"expSpot":0.1076,"expDef":1.1942,"expWinRate":53.0653},{"IDNum":11265,"expFrag":0.7794,"expDamage":619.9573,"expSpot":0.6724,"expDef":0.5866,"expWinRate":50.3292},{"IDNum":11281,"expFrag":1.0217,"expDamage":390.6259,"expSpot":0.7569,"expDef":0.9916,"expWinRate":52.8286},{"IDNum":11297,"expFrag":1.021,"expDamage":1410.0673,"expSpot":0.4838,"expDef":0.8116,"expWinRate":51.7188},{"IDNum":11345,"expFrag":0.8819,"expDamage":921.9392,"expSpot":0.0707,"expDef":1.3249,"expWinRate":51.8695},{"IDNum":11521,"expFrag":0.95,"expDamage":1541.4111,"expSpot":1.0568,"expDef":0.662,"expWinRate":50.3769},{"IDNum":11537,"expFrag":1.1498,"expDamage":1564.7189,"expSpot":0.7571,"expDef":0.8346,"expWinRate":53.701},{"IDNum":11553,"expFrag":1.0732,"expDamage":814.6653,"expSpot":1.3395,"expDef":1.0148,"expWinRate":54.9807},{"IDNum":11585,"expFrag":0.8755,"expDamage":684.4448,"expSpot":0.6105,"expDef":0.8078,"expWinRate":51.5109},{"IDNum":11601,"expFrag":0.9469,"expDamage":1550.2812,"expSpot":0.0319,"expDef":0.6445,"expWinRate":52.1574},{"IDNum":11777,"expFrag":0.898,"expDamage":486.5092,"expSpot":0.6532,"expDef":0.7135,"expWinRate":50.9603},{"IDNum":11793,"expFrag":1.0344,"expDamage":816.938,"expSpot":0.6143,"expDef":0.9083,"expWinRate":51.4208},{"IDNum":11809,"expFrag":1.2289,"expDamage":1024.4524,"expSpot":1.8291,"expDef":1.3437,"expWinRate":55.6141},{"IDNum":11841,"expFrag":1.1244,"expDamage":1752.9402,"expSpot":0.0792,"expDef":0.9514,"expWinRate":51.1478},{"IDNum":11857,"expFrag":0.9909,"expDamage":729.882,"expSpot":0.1798,"expDef":1.594,"expWinRate":53.369},{"IDNum":12033,"expFrag":1.0877,"expDamage":1676.562,"expSpot":0.9233,"expDef":0.7892,"expWinRate":51.3517},{"IDNum":12049,"expFrag":1.1231,"expDamage":2196.4395,"expSpot":0.6702,"expDef":0.4022,"expWinRate":51.8683},{"IDNum":12097,"expFrag":1.0159,"expDamage":1372.2683,"expSpot":0.8049,"expDef":0.8348,"expWinRate":52.4934},{"IDNum":12113,"expFrag":0.8919,"expDamage":1217.476,"expSpot":0.0302,"expDef":0.69,"expWinRate":51.4861},{"IDNum":12289,"expFrag":0.9823,"expDamage":659.2149,"expSpot":1.9694,"expDef":0.8453,"expWinRate":54.3245},{"IDNum":12305,"expFrag":1.1714,"expDamage":2208.8967,"expSpot":1.4545,"expDef":0.7438,"expWinRate":54.2873},{"IDNum":12369,"expFrag":0.8886,"expDamage":1836.1595,"expSpot":0.031,"expDef":0.6553,"expWinRate":51.9146},{"IDNum":12545,"expFrag":1.0598,"expDamage":1017.8714,"expSpot":1.712,"expDef":0.8192,"expWinRate":54.5622},{"IDNum":12561,"expFrag":0.9774,"expDamage":212.6498,"expSpot":2.8116,"expDef":0.922,"expWinRate":54.7069},{"IDNum":12577,"expFrag":1.2299,"expDamage":592.2658,"expSpot":2.0512,"expDef":0.9348,"expWinRate":58.2235},{"IDNum":12817,"expFrag":0.8965,"expDamage":142.9394,"expSpot":1.9843,"expDef":0.8894,"expWinRate":52.7927},{"IDNum":12881,"expFrag":0.9888,"expDamage":490.6719,"expSpot":1.347,"expDef":0.7603,"expWinRate":54.1157},{"IDNum":13073,"expFrag":0.8554,"expDamage":226.7625,"expSpot":1.6291,"expDef":1.0092,"expWinRate":56.2398},{"IDNum":13089,"expFrag":1.1396,"expDamage":2258.3496,"expSpot":0.8285,"expDef":0.5288,"expWinRate":51.9014},{"IDNum":13121,"expFrag":1.1679,"expDamage":308.1439,"expSpot":1.0818,"expDef":1.2924,"expWinRate":56.8202},{"IDNum":13137,"expFrag":1.2029,"expDamage":1913.4625,"expSpot":0.6,"expDef":0.8641,"expWinRate":53.4309},{"IDNum":13313,"expFrag":1.0689,"expDamage":1354.4727,"expSpot":1.4275,"expDef":0.9171,"expWinRate":53.3188},{"IDNum":13329,"expFrag":0.5932,"expDamage":202.302,"expSpot":0.7286,"expDef":0.5603,"expWinRate":47.7774},{"IDNum":13345,"expFrag":0.9217,"expDamage":1190.0621,"expSpot":0.9642,"expDef":0.9284,"expWinRate":52.7107},{"IDNum":13393,"expFrag":0.9827,"expDamage":536.7058,"expSpot":0.4955,"expDef":1.1849,"expWinRate":52.6386},{"IDNum":13569,"expFrag":1.2057,"expDamage":2290.3562,"expSpot":0.828,"expDef":0.6266,"expWinRate":51.0804},{"IDNum":13585,"expFrag":0.6325,"expDamage":210.492,"expSpot":1.2355,"expDef":0.6078,"expWinRate":51.6172},{"IDNum":13825,"expFrag":1.0779,"expDamage":1908.8817,"expSpot":1.5572,"expDef":0.7021,"expWinRate":51.6708},{"IDNum":13841,"expFrag":1.0028,"expDamage":1321.9688,"expSpot":1.2469,"expDef":1.0408,"expWinRate":54.4432},{"IDNum":13857,"expFrag":1.1679,"expDamage":2322.6067,"expSpot":0.7813,"expDef":0.4954,"expWinRate":53.5808},{"IDNum":13889,"expFrag":1.3191,"expDamage":2393.8826,"expSpot":0.9302,"expDef":0.6249,"expWinRate":53.2334},{"IDNum":13905,"expFrag":1.2074,"expDamage":2200.0259,"expSpot":0.444,"expDef":0.4059,"expWinRate":49.992},{"IDNum":14097,"expFrag":0.9403,"expDamage":679.0917,"expSpot":1.518,"expDef":0.8904,"expWinRate":54.1777},{"IDNum":14113,"expFrag":1.2052,"expDamage":2189.8667,"expSpot":1.5133,"expDef":0.772,"expWinRate":54.0655},{"IDNum":14145,"expFrag":0.434,"expDamage":297.4371,"expSpot":2.8308,"expDef":0.387,"expWinRate":51.2136},{"IDNum":14161,"expFrag":0.9996,"expDamage":987.367,"expSpot":0.9433,"expDef":1.1041,"expWinRate":51.7672},{"IDNum":14337,"expFrag":1.2149,"expDamage":2298.1592,"expSpot":1.0432,"expDef":0.6695,"expWinRate":52.7684},{"IDNum":14353,"expFrag":0.5725,"expDamage":638.698,"expSpot":2.3067,"expDef":0.5132,"expWinRate":51.4809},{"IDNum":14401,"expFrag":0.903,"expDamage":1422.7491,"expSpot":0.0458,"expDef":0.7953,"expWinRate":51.0335},{"IDNum":14417,"expFrag":1.0175,"expDamage":783.5407,"expSpot":0.9323,"expDef":1.0399,"expWinRate":52.5498},{"IDNum":14609,"expFrag":1.2518,"expDamage":2274.5366,"expSpot":1.5967,"expDef":0.9609,"expWinRate":54.2168},{"IDNum":14625,"expFrag":1.0908,"expDamage":1340.7589,"expSpot":1.3345,"expDef":1.0483,"expWinRate":53.5591},{"IDNum":14657,"expFrag":0.7856,"expDamage":303.6584,"expSpot":0.0994,"expDef":1.0457,"expWinRate":51.4918},{"IDNum":14673,"expFrag":1.1636,"expDamage":1559.6865,"expSpot":0.8559,"expDef":1.0651,"expWinRate":53.7513},{"IDNum":14865,"expFrag":1.0344,"expDamage":1696.5023,"expSpot":1.3531,"expDef":0.8639,"expWinRate":53.8142},{"IDNum":14881,"expFrag":1.2847,"expDamage":2339.6807,"expSpot":0.868,"expDef":0.6723,"expWinRate":52.4639},{"IDNum":14913,"expFrag":0.8085,"expDamage":332.1156,"expSpot":0.7708,"expDef":0.8034,"expWinRate":51.5433},{"IDNum":15105,"expFrag":0.9504,"expDamage":228.5508,"expSpot":1.1792,"expDef":1.0298,"expWinRate":53.0743},{"IDNum":15121,"expFrag":0.8194,"expDamage":129.1926,"expSpot":0.1825,"expDef":0.762,"expWinRate":52.2872},{"IDNum":15137,"expFrag":0.4661,"expDamage":396.4159,"expSpot":2.3652,"expDef":0.4043,"expWinRate":50.7013},{"IDNum":15169,"expFrag":1.0807,"expDamage":186.5756,"expSpot":0.8924,"expDef":1.2245,"expWinRate":54.3125},{"IDNum":15361,"expFrag":1.0981,"expDamage":185.7628,"expSpot":1.2961,"expDef":1.1824,"expWinRate":56.5098},{"IDNum":15377,"expFrag":0.7917,"expDamage":1130.5378,"expSpot":0.0323,"expDef":0.4732,"expWinRate":49.9467},{"IDNum":15393,"expFrag":1.249,"expDamage":1848.3149,"expSpot":1.035,"expDef":0.763,"expWinRate":53.6708},{"IDNum":15425,"expFrag":1.2511,"expDamage":2302.7048,"expSpot":1.4452,"expDef":0.854,"expWinRate":55.4462},{"IDNum":15441,"expFrag":1.0125,"expDamage":1414.0923,"expSpot":1.1761,"expDef":0.8282,"expWinRate":55.9372},{"IDNum":15617,"expFrag":1.4883,"expDamage":2500.3694,"expSpot":1.6411,"expDef":1.0537,"expWinRate":58.8748},{"IDNum":15633,"expFrag":0.9431,"expDamage":354.6804,"expSpot":0.0917,"expDef":1.1955,"expWinRate":53.326},{"IDNum":15649,"expFrag":0.6543,"expDamage":696.2926,"expSpot":2.6775,"expDef":0.5477,"expWinRate":52.2149},{"IDNum":15681,"expFrag":1.1731,"expDamage":1893.1611,"expSpot":1.3757,"expDef":0.8728,"expWinRate":55.9515},{"IDNum":15697,"expFrag":1.3691,"expDamage":2955.5386,"expSpot":1.0916,"expDef":0.6603,"expWinRate":56.9962},{"IDNum":15873,"expFrag":0.5352,"expDamage":189.6283,"expSpot":1.187,"expDef":0.6555,"expWinRate":50.3425},{"IDNum":15889,"expFrag":0.9615,"expDamage":727.2582,"expSpot":1.3184,"expDef":0.8601,"expWinRate":53.3818},{"IDNum":15905,"expFrag":1.297,"expDamage":2421.967,"expSpot":1.4166,"expDef":0.9502,"expWinRate":56.6455},{"IDNum":15937,"expFrag":1.2521,"expDamage":209.0902,"expSpot":1.0179,"expDef":1.5804,"expWinRate":56.6834},{"IDNum":15953,"expFrag":1.3868,"expDamage":2829.9983,"expSpot":0.8251,"expDef":0.6267,"expWinRate":57.8391},{"IDNum":16129,"expFrag":0.7768,"expDamage":874.0308,"expSpot":0.04,"expDef":0.5803,"expWinRate":49.8371},{"IDNum":16145,"expFrag":0.9409,"expDamage":515.4535,"expSpot":0.6822,"expDef":0.7364,"expWinRate":50.403},{"IDNum":16161,"expFrag":0.9329,"expDamage":1557.217,"expSpot":0.0386,"expDef":0.6706,"expWinRate":51.8382},{"IDNum":16385,"expFrag":0.789,"expDamage":438.6301,"expSpot":0.0785,"expDef":0.8154,"expWinRate":49.5453},{"IDNum":16401,"expFrag":1.2152,"expDamage":2003.9532,"expSpot":0.6269,"expDef":0.8126,"expWinRate":53.2118},{"IDNum":16417,"expFrag":0.9557,"expDamage":753.5904,"expSpot":0.0689,"expDef":0.9914,"expWinRate":52.3881},{"IDNum":16449,"expFrag":0.9414,"expDamage":1485.8781,"expSpot":0.7214,"expDef":0.4603,"expWinRate":54.1695},{"IDNum":16641,"expFrag":0.422,"expDamage":292.794,"expSpot":3.962,"expDef":0.4304,"expWinRate":52.083},{"IDNum":16657,"expFrag":1.292,"expDamage":1729.3831,"expSpot":0.562,"expDef":0.9774,"expWinRate":53.9307},{"IDNum":16673,"expFrag":0.6803,"expDamage":597.6268,"expSpot":2.3964,"expDef":0.6632,"expWinRate":53.8169},{"IDNum":16705,"expFrag":1.5016,"expDamage":2691.5662,"expSpot":1.2777,"expDef":0.6654,"expWinRate":63.2565},{"IDNum":16897,"expFrag":1.1871,"expDamage":2112.6284,"expSpot":1.6095,"expDef":0.8312,"expWinRate":53.0535},{"IDNum":16913,"expFrag":1.5326,"expDamage":2519.1257,"expSpot":0.5097,"expDef":0.7194,"expWinRate":52.2496},{"IDNum":16961,"expFrag":1.3304,"expDamage":3021.7983,"expSpot":1.4177,"expDef":0.6999,"expWinRate":59.0328},{"IDNum":17153,"expFrag":1.248,"expDamage":2139.2705,"expSpot":1.6544,"expDef":0.8028,"expWinRate":54.4751},{"IDNum":17169,"expFrag":1.1977,"expDamage":279.9358,"expSpot":1.2842,"expDef":0.907,"expWinRate":56.3096},{"IDNum":17217,"expFrag":1.339,"expDamage":2087.5952,"expSpot":2.6151,"expDef":0.8194,"expWinRate":53.4928},{"IDNum":17425,"expFrag":0.8021,"expDamage":314.3422,"expSpot":1.1583,"expDef":0.5906,"expWinRate":53.2739},{"IDNum":17473,"expFrag":0.9407,"expDamage":1013.2077,"expSpot":2.4077,"expDef":0.7115,"expWinRate":54.0719},{"IDNum":17665,"expFrag":1.1609,"expDamage":1770.6781,"expSpot":1.5687,"expDef":0.8181,"expWinRate":56.1621},{"IDNum":17729,"expFrag":1.5782,"expDamage":2613.6067,"expSpot":0.8094,"expDef":0.5913,"expWinRate":55.3804},{"IDNum":17937,"expFrag":1.2129,"expDamage":403.9043,"expSpot":0.762,"expDef":0.8678,"expWinRate":55.46},{"IDNum":17953,"expFrag":0.8024,"expDamage":836.0204,"expSpot":2.7751,"expDef":0.68,"expWinRate":53.4096},{"IDNum":18177,"expFrag":0.8206,"expDamage":1119.9406,"expSpot":2.5669,"expDef":0.6091,"expWinRate":53.71},{"IDNum":18193,"expFrag":0.7539,"expDamage":371.7649,"expSpot":1.0061,"expDef":0.6011,"expWinRate":51.045},{"IDNum":18209,"expFrag":0.673,"expDamage":976.5352,"expSpot":2.1184,"expDef":0.5045,"expWinRate":51.6472},{"IDNum":18433,"expFrag":0.755,"expDamage":784.0345,"expSpot":3.0519,"expDef":0.6835,"expWinRate":53.6002},{"IDNum":18449,"expFrag":0.7672,"expDamage":1022.7539,"expSpot":2.7718,"expDef":0.6275,"expWinRate":53.4299},{"IDNum":18465,"expFrag":0.771,"expDamage":213.3483,"expSpot":0.102,"expDef":1.4592,"expWinRate":52.8221},{"IDNum":18689,"expFrag":1.2813,"expDamage":660.1609,"expSpot":1.2985,"expDef":0.8007,"expWinRate":57.6668},{"IDNum":18705,"expFrag":1.1665,"expDamage":2118.689,"expSpot":0.7253,"expDef":0.4542,"expWinRate":58.9081},{"IDNum":18721,"expFrag":0.9571,"expDamage":380.5565,"expSpot":0.1135,"expDef":0.9726,"expWinRate":54.5799},{"IDNum":18961,"expFrag":0.8336,"expDamage":952.1188,"expSpot":2.0543,"expDef":0.6977,"expWinRate":54.1112},{"IDNum":19201,"expFrag":1.1461,"expDamage":1747.3696,"expSpot":3.3244,"expDef":0.8087,"expWinRate":53.2543},{"IDNum":19217,"expFrag":1.3511,"expDamage":2492.2217,"expSpot":0.7078,"expDef":0.5647,"expWinRate":52.6177},{"IDNum":19457,"expFrag":1.23,"expDamage":991.6507,"expSpot":2.359,"expDef":0.8832,"expWinRate":57.0002},{"IDNum":19473,"expFrag":1.2556,"expDamage":2651.2249,"expSpot":1.0754,"expDef":0.4843,"expWinRate":58.6576},{"IDNum":19489,"expFrag":1.1158,"expDamage":1931.2419,"expSpot":2.7283,"expDef":0.6771,"expWinRate":52.0881},{"IDNum":19729,"expFrag":1.0424,"expDamage":1558.3927,"expSpot":0.7868,"expDef":0.4873,"expWinRate":58.4363},{"IDNum":19745,"expFrag":1.1248,"expDamage":949.5276,"expSpot":3.1136,"expDef":0.9443,"expWinRate":55.33},{"IDNum":19985,"expFrag":1.065,"expDamage":1830.0906,"expSpot":3.1545,"expDef":0.7392,"expWinRate":51.7048},{"IDNum":20241,"expFrag":0.9668,"expDamage":1123.2247,"expSpot":2.7762,"expDef":0.6957,"expWinRate":55.8214},{"IDNum":47361,"expFrag":1.1157,"expDamage":1672.3447,"expSpot":1.0616,"expDef":0.5916,"expWinRate":56.5358},{"IDNum":47617,"expFrag":1.1104,"expDamage":1690.1259,"expSpot":1.0616,"expDef":0.6543,"expWinRate":56.3784},{"IDNum":47873,"expFrag":1.5271,"expDamage":356.2877,"expSpot":1.2258,"expDef":0.6404,"expWinRate":56.7803},{"IDNum":48129,"expFrag":1.0145,"expDamage":781.0886,"expSpot":1.2102,"expDef":0.6963,"expWinRate":55.7039},{"IDNum":48641,"expFrag":1.176,"expDamage":1754.5399,"expSpot":1.0101,"expDef":0.5541,"expWinRate":57.4314},{"IDNum":48913,"expFrag":1.1218,"expDamage":1527.3452,"expSpot":0.9898,"expDef":0.6954,"expWinRate":59.8985},{"IDNum":49169,"expFrag":1.0369,"expDamage":900.5335,"expSpot":0.99,"expDef":0.4827,"expWinRate":55.3669},{"IDNum":49665,"expFrag":1.1847,"expDamage":1754.4247,"expSpot":1.0344,"expDef":0.5476,"expWinRate":58.0672},{"IDNum":49921,"expFrag":1.0754,"expDamage":1158.1987,"expSpot":1.1184,"expDef":0.523,"expWinRate":53.6594},{"IDNum":50193,"expFrag":1.3111,"expDamage":1830.4863,"expSpot":0.6462,"expDef":0.6972,"expWinRate":55.8817},{"IDNum":50945,"expFrag":1.1145,"expDamage":195.0002,"expSpot":1.2297,"expDef":0.8667,"expWinRate":55.2946},{"IDNum":50961,"expFrag":0.7486,"expDamage":992.1029,"expSpot":2.6571,"expDef":0.5379,"expWinRate":53.3431},{"IDNum":51201,"expFrag":1.0451,"expDamage":479.4279,"expSpot":1.0742,"expDef":1.1448,"expWinRate":53.3439},{"IDNum":51457,"expFrag":1.1215,"expDamage":485.5675,"expSpot":1.0442,"expDef":1.1492,"expWinRate":54.5106},{"IDNum":51473,"expFrag":0.9464,"expDamage":575.1244,"expSpot":1.7592,"expDef":0.831,"expWinRate":53.2748},{"IDNum":51489,"expFrag":0.8897,"expDamage":155.3381,"expSpot":2.8615,"expDef":0.8341,"expWinRate":55.9292},{"IDNum":51553,"expFrag":1.0224,"expDamage":539.9829,"expSpot":1.0803,"expDef":0.9897,"expWinRate":53.8821},{"IDNum":51569,"expFrag":1.1039,"expDamage":840.5662,"expSpot":1.3522,"expDef":0.7643,"expWinRate":55.7597},{"IDNum":51585,"expFrag":1.2536,"expDamage":903.4191,"expSpot":1.0041,"expDef":0.8633,"expWinRate":56.0994},{"IDNum":51713,"expFrag":1.0739,"expDamage":523.3504,"expSpot":1.0397,"expDef":1.0903,"expWinRate":52.6222},{"IDNum":51729,"expFrag":1.9318,"expDamage":367.7,"expSpot":1.7322,"expDef":2.4895,"expWinRate":67.7274},{"IDNum":51745,"expFrag":0.9988,"expDamage":466.7002,"expSpot":1.3538,"expDef":0.9158,"expWinRate":55.0393},{"IDNum":51841,"expFrag":0.7638,"expDamage":134.3361,"expSpot":1.1376,"expDef":0.5906,"expWinRate":52.7962},{"IDNum":51985,"expFrag":1.684,"expDamage":390.5833,"expSpot":1.4797,"expDef":1.5899,"expWinRate":61.5313},{"IDNum":52065,"expFrag":0.9724,"expDamage":1290.9904,"expSpot":1.1398,"expDef":0.8908,"expWinRate":53.0582},{"IDNum":52097,"expFrag":1.2317,"expDamage":1791.9905,"expSpot":0.5163,"expDef":0.816,"expWinRate":55.1158},{"IDNum":52225,"expFrag":1.5475,"expDamage":340.7595,"expSpot":2.2254,"expDef":1.325,"expWinRate":58.2457},{"IDNum":52241,"expFrag":1.8693,"expDamage":540.3423,"expSpot":1.6938,"expDef":1.7589,"expWinRate":62.8487},{"IDNum":52257,"expFrag":0.9458,"expDamage":424.4353,"expSpot":1.5179,"expDef":0.8021,"expWinRate":53.6499},{"IDNum":52321,"expFrag":1.0609,"expDamage":840.4053,"expSpot":0.9993,"expDef":0.7352,"expWinRate":55.6992},{"IDNum":52353,"expFrag":1.0038,"expDamage":1376.4253,"expSpot":1.2849,"expDef":0.7971,"expWinRate":56.3356},{"IDNum":52481,"expFrag":1.3504,"expDamage":373.3994,"expSpot":1.5224,"expDef":1.5625,"expWinRate":55.9108},{"IDNum":52497,"expFrag":2.3107,"expDamage":355.7469,"expSpot":1.8903,"expDef":3.4256,"expWinRate":59.7719},{"IDNum":52513,"expFrag":0.9246,"expDamage":1318.9664,"expSpot":1.15,"expDef":0.6884,"expWinRate":53.3386},{"IDNum":52561,"expFrag":1.1463,"expDamage":1871.179,"expSpot":0.5759,"expDef":0.7856,"expWinRate":53.8006},{"IDNum":52609,"expFrag":0.8912,"expDamage":1350.981,"expSpot":1.2936,"expDef":0.5011,"expWinRate":55.1183},{"IDNum":52737,"expFrag":0.5714,"expDamage":136.255,"expSpot":1.5572,"expDef":0.6841,"expWinRate":48.9098},{"IDNum":52769,"expFrag":1.0544,"expDamage":252.9361,"expSpot":2.8,"expDef":1.1769,"expWinRate":56.9701},{"IDNum":52817,"expFrag":0.8837,"expDamage":353.5519,"expSpot":1.3922,"expDef":1.1188,"expWinRate":56.551},{"IDNum":52993,"expFrag":1.0694,"expDamage":331.5656,"expSpot":2.8261,"expDef":0.7505,"expWinRate":56.507},{"IDNum":53249,"expFrag":1.0917,"expDamage":1322.5159,"expSpot":1.0867,"expDef":0.9092,"expWinRate":52.2493},{"IDNum":53505,"expFrag":1.7136,"expDamage":366.85,"expSpot":1.7165,"expDef":1.7334,"expWinRate":58.4246},{"IDNum":53537,"expFrag":0.8252,"expDamage":145.1447,"expSpot":1.3969,"expDef":0.7471,"expWinRate":53.3363},{"IDNum":53585,"expFrag":1.1381,"expDamage":534.4342,"expSpot":0.7598,"expDef":1.3125,"expWinRate":55.2935},{"IDNum":53761,"expFrag":1.2986,"expDamage":604.4164,"expSpot":0.8292,"expDef":1.2604,"expWinRate":53.728},{"IDNum":53793,"expFrag":0.9917,"expDamage":1271.4323,"expSpot":1.364,"expDef":0.866,"expWinRate":53.3856},{"IDNum":53841,"expFrag":1.1727,"expDamage":841.7152,"expSpot":0.5458,"expDef":1.1986,"expWinRate":53.7711},{"IDNum":54017,"expFrag":1.4626,"expDamage":701.9442,"expSpot":1.4155,"expDef":1.1886,"expWinRate":60.8862},{"IDNum":54033,"expFrag":1.2626,"expDamage":683.7338,"expSpot":1.8927,"expDef":0.8739,"expWinRate":58.3427},{"IDNum":54097,"expFrag":0.9815,"expDamage":986.2256,"expSpot":0.6982,"expDef":1.0304,"expWinRate":53.088},{"IDNum":54273,"expFrag":2.1937,"expDamage":463.9241,"expSpot":1.0409,"expDef":1.6242,"expWinRate":61.6073},{"IDNum":54289,"expFrag":0.8814,"expDamage":1299.3185,"expSpot":0.8457,"expDef":0.7873,"expWinRate":51.652},{"IDNum":54353,"expFrag":1.2538,"expDamage":585.7953,"expSpot":1.5169,"expDef":0.995,"expWinRate":56.4959},{"IDNum":54529,"expFrag":1.3547,"expDamage":229.6049,"expSpot":1.4717,"expDef":1.2875,"expWinRate":55.5255},{"IDNum":54545,"expFrag":1.0171,"expDamage":509.9772,"expSpot":1.4659,"expDef":0.9254,"expWinRate":55.0632},{"IDNum":54609,"expFrag":1.0836,"expDamage":278.0285,"expSpot":0.1249,"expDef":1.4335,"expWinRate":54.7255},{"IDNum":54785,"expFrag":1.1691,"expDamage":865.2832,"expSpot":0.5807,"expDef":0.6867,"expWinRate":54.3348},{"IDNum":54801,"expFrag":1.0301,"expDamage":238.1245,"expSpot":3.2,"expDef":1.1494,"expWinRate":59.1825},{"IDNum":54865,"expFrag":0.8886,"expDamage":134.3602,"expSpot":1.4616,"expDef":0.7199,"expWinRate":52.5384},{"IDNum":55057,"expFrag":1.2547,"expDamage":611.4445,"expSpot":1.3299,"expDef":1.3162,"expWinRate":55.7553},{"IDNum":55073,"expFrag":0.7806,"expDamage":120.5344,"expSpot":1.4848,"expDef":0.6095,"expWinRate":53.0257},{"IDNum":55121,"expFrag":0.9426,"expDamage":1028.1931,"expSpot":1.0409,"expDef":0.8446,"expWinRate":54.0567},{"IDNum":55297,"expFrag":1.3043,"expDamage":1209.665,"expSpot":0.8216,"expDef":0.8794,"expWinRate":55.1455},{"IDNum":55313,"expFrag":1.0002,"expDamage":1341.1868,"expSpot":0.7726,"expDef":0.9496,"expWinRate":52.0978},{"IDNum":55569,"expFrag":1.4072,"expDamage":1125.0043,"expSpot":1.558,"expDef":1.5689,"expWinRate":54.303},{"IDNum":55633,"expFrag":0.9736,"expDamage":1357.726,"expSpot":1.0638,"expDef":0.8762,"expWinRate":53.9559},{"IDNum":55841,"expFrag":1.2466,"expDamage":2317.5493,"expSpot":1.1673,"expDef":0.8598,"expWinRate":55.9944},{"IDNum":55889,"expFrag":1.2996,"expDamage":886.9801,"expSpot":2.2715,"expDef":1.0041,"expWinRate":60.0285},{"IDNum":56097,"expFrag":1.0642,"expDamage":748.7514,"expSpot":1.3573,"expDef":0.9859,"expWinRate":56.3033},{"IDNum":56145,"expFrag":1.1083,"expDamage":863.2847,"expSpot":0.962,"expDef":0.9296,"expWinRate":55.5927},{"IDNum":56353,"expFrag":1.1329,"expDamage":1205.1755,"expSpot":0.7847,"expDef":1.2554,"expWinRate":53.9819},{"IDNum":56577,"expFrag":1.053,"expDamage":237.0493,"expSpot":1.2565,"expDef":1.1287,"expWinRate":53.853},{"IDNum":56609,"expFrag":1.0408,"expDamage":1118.8595,"expSpot":0.8035,"expDef":0.743,"expWinRate":54.4837},{"IDNum":56657,"expFrag":0.9885,"expDamage":1527.9023,"expSpot":1.2096,"expDef":0.3756,"expWinRate":60.0334},{"IDNum":56833,"expFrag":1.4931,"expDamage":1371.7456,"expSpot":1.6808,"expDef":1.0948,"expWinRate":60.1135},{"IDNum":56865,"expFrag":1.2646,"expDamage":2375.686,"expSpot":1.255,"expDef":0.9319,"expWinRate":57.4426},{"IDNum":57105,"expFrag":1.0896,"expDamage":822.992,"expSpot":0.7654,"expDef":0.9067,"expWinRate":53.0582},{"IDNum":57121,"expFrag":1.0241,"expDamage":1392.4376,"expSpot":1.3208,"expDef":0.8197,"expWinRate":54.0805},{"IDNum":57361,"expFrag":0.9827,"expDamage":732.1376,"expSpot":1.0443,"expDef":1.1006,"expWinRate":53.8489},{"IDNum":57377,"expFrag":0.9871,"expDamage":1389.9502,"expSpot":1.3421,"expDef":0.7253,"expWinRate":53.9611},{"IDNum":57617,"expFrag":0.9605,"expDamage":880.0565,"expSpot":1.2701,"expDef":1.0032,"expWinRate":53.9271},{"IDNum":57633,"expFrag":0.8355,"expDamage":836.4779,"expSpot":3.0745,"expDef":0.6255,"expWinRate":55.2486},{"IDNum":57889,"expFrag":1.0072,"expDamage":1094.868,"expSpot":3.3236,"expDef":0.8882,"expWinRate":56.53},{"IDNum":58113,"expFrag":1.0391,"expDamage":745.8742,"expSpot":1.3069,"expDef":0.8004,"expWinRate":56.3963},{"IDNum":58369,"expFrag":1.2708,"expDamage":2546.7961,"expSpot":1.5463,"expDef":0.6917,"expWinRate":58.2212},{"IDNum":58625,"expFrag":0.9709,"expDamage":1289.3922,"expSpot":0.4076,"expDef":0.6027,"expWinRate":49.3238},{"IDNum":58641,"expFrag":1.1201,"expDamage":2278.4299,"expSpot":1.1206,"expDef":0.5191,"expWinRate":56.2674},{"IDNum":58657,"expFrag":1.0002,"expDamage":1618.1049,"expSpot":1.2688,"expDef":0.4628,"expWinRate":57.034},{"IDNum":58881,"expFrag":1.163,"expDamage":1647.1403,"expSpot":1.1154,"expDef":0.8222,"expWinRate":58.3005},{"IDNum":58913,"expFrag":1.0561,"expDamage":1532.5417,"expSpot":1.2889,"expDef":0.7119,"expWinRate":56.7502},{"IDNum":59137,"expFrag":1.2821,"expDamage":1351.097,"expSpot":1.1212,"expDef":0.7795,"expWinRate":57.9369},{"IDNum":59393,"expFrag":1.2085,"expDamage":902.628,"expSpot":1.5325,"expDef":0.9372,"expWinRate":58.3931},{"IDNum":59425,"expFrag":0.8021,"expDamage":1287.2134,"expSpot":0.7697,"expDef":0.4703,"expWinRate":51.6493},{"IDNum":59649,"expFrag":1.1982,"expDamage":1142.9205,"expSpot":0.5739,"expDef":0.7763,"expWinRate":54.2646},{"IDNum":59665,"expFrag":1.3721,"expDamage":325.7526,"expSpot":1.5708,"expDef":1.0472,"expWinRate":59.8334},{"IDNum":59681,"expFrag":1.1875,"expDamage":879.3445,"expSpot":1.2364,"expDef":0.6882,"expWinRate":58.5162},{"IDNum":59905,"expFrag":0.9932,"expDamage":1285.691,"expSpot":1.2087,"expDef":0.8,"expWinRate":53.5047},{"IDNum":60161,"expFrag":1.4515,"expDamage":1057.5724,"expSpot":1.039,"expDef":1.3834,"expWinRate":64.3728},{"IDNum":60177,"expFrag":0.9725,"expDamage":1301.3568,"expSpot":1.1258,"expDef":0.9107,"expWinRate":53.5466},{"IDNum":60417,"expFrag":0.9945,"expDamage":1406.0121,"expSpot":0.917,"expDef":0.584,"expWinRate":54.3304},{"IDNum":60433,"expFrag":0.775,"expDamage":140.1989,"expSpot":1.7331,"expDef":0.8491,"expWinRate":53.5312},{"IDNum":60689,"expFrag":0.9853,"expDamage":471.8351,"expSpot":0.6229,"expDef":1.017,"expWinRate":51.2819},{"IDNum":60929,"expFrag":0.8494,"expDamage":211.3215,"expSpot":1.7089,"expDef":0.5915,"expWinRate":53.1435},{"IDNum":60945,"expFrag":1.2683,"expDamage":1945.0044,"expSpot":1.428,"expDef":0.8876,"expWinRate":58.1779},{"IDNum":61185,"expFrag":1.045,"expDamage":2084.3987,"expSpot":1.2952,"expDef":0.7597,"expWinRate":55.0632},{"IDNum":61441,"expFrag":1.4354,"expDamage":560.6717,"expSpot":1.1118,"expDef":1.1263,"expWinRate":58.9879},{"IDNum":61457,"expFrag":1.094,"expDamage":551.1817,"expSpot":1.3453,"expDef":0.8382,"expWinRate":56.4189},{"IDNum":61697,"expFrag":1.4937,"expDamage":2666.0017,"expSpot":1.8221,"expDef":0.9347,"expWinRate":63.6346},{"IDNum":61713,"expFrag":1.1502,"expDamage":1175.3552,"expSpot":0.5671,"expDef":1.0069,"expWinRate":54.8398},{"IDNum":61761,"expFrag":1.237,"expDamage":1741.5018,"expSpot":0.7091,"expDef":0.6805,"expWinRate":56.1742},{"IDNum":61969,"expFrag":0.9469,"expDamage":1134.0764,"expSpot":0.8537,"expDef":1.335,"expWinRate":50.4801},{"IDNum":62209,"expFrag":0.9109,"expDamage":1327.822,"expSpot":0.733,"expDef":0.6564,"expWinRate":53.7819},{"IDNum":62481,"expFrag":1.2054,"expDamage":1691.8923,"expSpot":0.5908,"expDef":0.946,"expWinRate":54.7085},{"IDNum":62529,"expFrag":1.401,"expDamage":1865.1458,"expSpot":1.0685,"expDef":0.8167,"expWinRate":58.1071},{"IDNum":62737,"expFrag":0.9799,"expDamage":1431.7732,"expSpot":0.6452,"expDef":0.8218,"expWinRate":56.344},{"IDNum":62785,"expFrag":0.9405,"expDamage":1466.3463,"expSpot":1.0096,"expDef":0.5289,"expWinRate":57.4892},{"IDNum":62977,"expFrag":1.0205,"expDamage":1334.6478,"expSpot":1.4153,"expDef":0.7425,"expWinRate":53.8531},{"IDNum":62993,"expFrag":1.163,"expDamage":1303.9127,"expSpot":1.0648,"expDef":0.8164,"expWinRate":58.7228},{"IDNum":63041,"expFrag":1.1391,"expDamage":1633.3033,"expSpot":0.8931,"expDef":0.7447,"expWinRate":56.0164},{"IDNum":63233,"expFrag":0.9776,"expDamage":1505.1046,"expSpot":0.9109,"expDef":0.6013,"expWinRate":55.8713},{"IDNum":63249,"expFrag":1.1822,"expDamage":611.4652,"expSpot":1.1657,"expDef":0.9444,"expWinRate":56.2281},{"IDNum":63281,"expFrag":1.385,"expDamage":1816.183,"expSpot":0.8133,"expDef":0.6365,"expWinRate":58.0524},{"IDNum":63297,"expFrag":0.7516,"expDamage":732.8231,"expSpot":2.2878,"expDef":0.7071,"expWinRate":52.69},{"IDNum":63505,"expFrag":0.4977,"expDamage":147.8253,"expSpot":0.9743,"expDef":0.676,"expWinRate":51.7485},{"IDNum":63537,"expFrag":1.2424,"expDamage":2311.8601,"expSpot":1.2646,"expDef":0.8236,"expWinRate":57.0883},{"IDNum":63553,"expFrag":1.0306,"expDamage":1365.3385,"expSpot":1.5097,"expDef":1.0128,"expWinRate":54.2025},{"IDNum":63761,"expFrag":1.152,"expDamage":1470.1238,"expSpot":1.3578,"expDef":1.1238,"expWinRate":56.1244},{"IDNum":63793,"expFrag":0.9292,"expDamage":1186.5973,"expSpot":1.2866,"expDef":0.7975,"expWinRate":53.9137},{"IDNum":63809,"expFrag":0.6678,"expDamage":667.1198,"expSpot":2.2093,"expDef":0.6199,"expWinRate":51.9843},{"IDNum":64017,"expFrag":0.7457,"expDamage":913.6413,"expSpot":2.7795,"expDef":0.575,"expWinRate":52.3396},{"IDNum":64049,"expFrag":1.019,"expDamage":1266.9137,"expSpot":1.4521,"expDef":0.7596,"expWinRate":53.5741},{"IDNum":64065,"expFrag":1.1568,"expDamage":1486.4983,"expSpot":1.4494,"expDef":1.1771,"expWinRate":55.6096},{"IDNum":64273,"expFrag":0.9984,"expDamage":1346.4481,"expSpot":1.2688,"expDef":0.8986,"expWinRate":55.0457},{"IDNum":64561,"expFrag":0.994,"expDamage":1340.0381,"expSpot":1.3153,"expDef":0.6399,"expWinRate":55.2557},{"IDNum":64817,"expFrag":0.7516,"expDamage":594.971,"expSpot":2.7704,"expDef":0.6224,"expWinRate":54.5516}]}