﻿{
    "carousel": {
        "nations_order": [],
        "sorting_criteria": ["nation", "type", "level"],
        "types_order": ["lightTank", "mediumTank", "heavyTank", "AT-SPG", "SPG"]
    },
    "enableLockBackground": true,
    "enabled": true,
    "filters": {
        "bonus": {
            "enabled": true
        },
        "elite": {
            "enabled": true
        },
        "favorite": {
            "enabled": true
        },
        "params": {
            "enabled": true
        },
        "premium": {
            "enabled": true
        }
    },
    "hideBottomText": true,
    "hideBuySlot": false,
    "hideBuyTank": false,
    "hideRestoreTank": false,
    "hideSimplifiedVehParams": true,
    "rows": 1,
    "showTotalSlots": false,
    "showUsedSlots": true,
    "smallDoubleCarousel": false,
    "version": "1.3.0 (18.04.2020)"
}