﻿{
    "enabled": true,
    "hideBuySlot": true,
    "hideBuyTank": true,
    "hideRestoreTank": false,
    "rows": 2,
    "showTotalSlots": false,
    "showUsedSlots": true,
    "smallDoubleCarousel": false,
    "enableLockBackground": true,
    "carousel": {
        "nations_order": ["germany", "ussr", "usa", "china", "france", "uk", "japan", "czech", "poland", "sweden", "italy"],
        "sorting_criteria": ["nation", "type", "level"],
        "types_order": ["lightTank", "mediumTank", "heavyTank", "AT-SPG", "SPG"]
    },
    "filters": {
        "bonus": {"enabled": true},
        "elite": {"enabled": true},
        "favorite": {"enabled": true},
        "params": {"enabled": true},
        "premium": {"enabled": true}
    }
}