﻿{
    "aliveOnly": false,
    "altKey": ["KEY_LALT"],
    "compareValues": {
        "equal": {
            "color": "#FFFFFF",
            "delim": "="
        },
        "lessThan": {
            "color": "#00FF00",
            "delim": "&lt;"
        },
        "moreThan": {
            "color": "#FF0000",
            "delim": "&gt;"
        }
    },
    "delay": 5,
    "enabled": true,
    "format": "<font color='#F0F0F0'><b>{{vehicle_name}}</b></font>\n<textformat tabstops='[80]'><font color='#14AFF1'>{{gun_reload_equip}} sec.</font><tab><font color='#96CC29'>{{vision_radius}} mt.</font></textformat>",
    "height": 100,
    "showFor": 0,
    "textLength": 1,
    "textLock": false,
    "textPosition": {
        "alignX": "center",
        "alignY": "center",
        "x": 0,
        "y": 150
    },
    "textShadow": {
        "alpha": 0.8,
        "angle": 90,
        "blurX": 2,
        "blurY": 2,
        "color": "0x000000",
        "distance": 0,
        "enabled": true,
        "quality": 2,
        "strength": 2
    },
    "textStyle": {
        "align": "center",
        "font": "$TitleFont",
        "size": 14
    },
    "version": "1.1.5 (25.11.2020)",
    "width": 200
}