﻿{
    "enabled": true,
    "height": 132,
    "image": "../../../mods/configs/Driftkings/SixthSenseIcon/SixthSenseIcon.png",
    "moveInBattle": false,
    "playSound": true,
    "sixthSenseSound": "SixthSense_05",
    "textPosition": {
        "alignX": "center",
        "alignY": "center",
        "x": 0.0,
        "y": -290.0
    },
    "textShadow": {
        "alpha": 0.8,
        "angle": 90,
        "blurX": 2,
        "blurY": 2,
        "color": "0x000000",
        "distance": 0,
        "enabled": true,
        "quality": 2,
        "strength": 2
    },
    "timeLeft": 2,
    "width": 175
}