{
    "enabled": true,
    "format": "<font color ='#FFFFFF'>%(timeLeft)s</font>",
    "image": "../../../mods/configs/Driftkings/SixthSenseIcon/SixthSenseIcon.png",
    "moveInBattle": false,
    "panel_1": {
        "height": 170,
        "textPosition": {
            "alignX": "center",
            "alignY": "center",
            "x": 0,
            "y": -290
        },
        "width": 170
    },
    "panel_2": {
        "shadow": {
            "alpha": 0.8,
            "angle": 90,
            "blurX": 2,
            "blurY": 2,
            "color": "0x000000",
            "distance": 0,
            "enabled": false,
            "quality": 2,
            "strength": 2
        },
        "textPosition": {
            "alignX": "center",
            "alignY": "center",
            "x": 35,
            "y": -220
        }
    },
    "playSound": true,
    "showTime": true,
    "sixthSenseSound": "SixthSense_06",
    "textStyle": {"font": "$TitleFont",  "size": 32},
    "timeLeft": 10
}