{
    "battle": {
        "format": "<font color='#FFFFFF'>%H:%M:%S</font>",
        "textLock": true,
        "textPosition": {
            "alignX": "left",
            "alignY": "top",
            "x": 185,
            "y": 2
        },
        "textShadow": {
            "alpha": 0.8,
            "angle": 90,
            "blurX": 2,
            "blurY": 2,
            "color": "0x000000",
            "distance": 0,
            "enabled": true,
            "quality": 2,
            "strength": 2
        },
        "textStyle": {
            "align": "left",
            "font": "$TitleFont",
            "size": 16
        }
    },
    "enabled": true,
    "inBattle": true,
    "inLobby": true,
    "lobby": {
        "format": "<font face='$FieldFont' color='#959688'><textformat leading='-38'><font size='36'>        %H:%M:%S</font><br/></textformat><textformat rightMargin='85' leading='-2'>%A<br/><font size='15'>%d %b %Y</font></textformat></font>",
        "position": [
            1720,
            45
        ],
        "scaleBox": [
            200,
            50
        ],
        "textShadow": {
            "alpha": 0.8,
            "angle": 90,
            "blurX": 2,
            "blurY": 2,
            "color": "#000000",
            "distance": 0,
            "quality": 4,
            "strength": 2
        }
    }
}