﻿{
    "battle": {
        "format": "<font face='$FieldFont' size='16' color='#FFFFFF'><p align='left'>%H:%M:%S</p></font>",
        "position": [185, 2],
        "shadow": true,
        "textShadow": {
            "alpha": 0.8,
            "angle": 90,
            "blurX": 2,
            "blurY": 2,
            "color": "#000000",
            "distance": 0,
            "quality": 4,
            "strength": 2
        }
    },
    "enabled": true,
    "inBattle": true,
    "inLobby": true,
    "inLogin": true,
    "lobby": {
        "format": "<font face='$FieldFont' color='#959688'><textformat leading='-38'><font size='36'>        %H:%M:%S</font><br/></textformat><textformat rightMargin='85' leading='-2'>%A<br/><font size='15'>%d %b %Y</font></textformat></font>",
        "position": [1720.0, 46.0],
        "shadow": true,
        "textShadow": {
            "alpha": 0.8,
            "angle": 90,
            "blurX": 2,
            "blurY": 2,
            "color": "#000000",
            "distance": 0,
            "quality": 4,
            "strength": 2
        }
    },
    "login": {
        "format": "<font face='$FieldFont' color='#959688'><textformat leading='-38'><font size='36'>        %H:%M:%S</font><br/></textformat><textformat rightMargin='85' leading='-2'>%A<br/><font size='15'>%d %b %Y</font></textformat></font>",
        "position": [842.6, 46.0],
        "shadow": true,
        "textShadow": {
            "alpha": 0.8,
            "angle": 90,
            "blurX": 2,
            "blurY": 2,
            "color": "#000000",
            "distance": 0,
            "quality": 4,
            "strength": 2
        }
    }
}