{
    "arcade": {
        "distRange": [
            2,
            200
        ],
        "enabled": true,
        "scrollSensitivity": 5,
        "shotRecoilEffect": true,
        "startDist": 2
    },
    "enabled": true,
    "noBinoculars": false,
    "noFlashBang": false,
    "postMortem": {
        "distRange": [
            2,
            200
        ],
        "enabled": true,
        "scrollSensitivity": 5,
        "shotRecoilEffect": true,
        "startDist": 2
    },
    "sniper": {
        "enabled": true,
        "mode": 2,
        "shotRecoilEffect": true,
        "zooms": [
            4,
            8,
            16,
            25,
            30
        ]
    },
    "strategic": {
        "distRange": [
            40,
            250
        ],
        "shotRecoilEffect": true
    }
}