﻿{
    "enabled": true,
    "textFields": {
        "1spt": {
            "left": {"align": "left", "text": "", "x": 0, "y": 0},
            "right": {
                "align": "left",
                "neverSeen": "<img src='img://../mods/configs/Driftkings/SpottedStatus/icons/neverSeen.png' width='20' height='20'>",
                "lost": "<img src='img://../mods/configs/Driftkings/SpottedStatus/icons/lost.png' width='20' height='20'>",
                "spotted": "<img src='img://../mods/configs/Driftkings/SpottedStatus/icons/spotted.png' width='20' height='20'>",
                "dead": "<img src='img://../mods/configs/Driftkings/SpottedStatus/icons/dead.png' width='20' height='20'>",
                "x": -190,
                "y": 4
            }
        }
    }
}