﻿{
    "dead": "<img src='img://../mods/configs/Driftkings/SpottedStatus/icons/dead.png' width='22' height='22'>",
    "enabled": true,
    "lost": "<img src='img://../mods/configs/Driftkings/SpottedStatus/icons/lost.png' width='22' height='22'>",
    "neverSeen": "<img src='img://../mods/configs/Driftkings/SpottedStatus/icons/neverSeen.png' width='22' height='22'>",
    "spotted": "<img src='img://../mods/configs/Driftkings/SpottedStatus/icons/spotted.png' width='22' height='22'>",
    "text": {
        "x": -60,
        "y": 0
    }
}