﻿{
    "enable": true,
    "shadow": {
        "alpha": 100,
        "angle": 90,
        "color": "#000000",
        "distance": 0,
        "size": 2,
        "strength": 200
    },
    "text": {
        "dead": "<img src='img://../mods/configs/Driftkings/SpottedStatus/icons/dead.png' width='22' height='22'>",
        "lost": "<img src='img://../mods/configs/Driftkings/SpottedStatus/icons/lost.png' width='22' height='22'>",
        "neverSeen": "<img src='img://../mods/configs/Driftkings/SpottedStatus/icons/neverSeen.png' width='22' height='22'>",
        "spotted": "<img src='img://../mods/configs/Driftkings/SpottedStatus/icons/spotted.png' width='22' height='22'>",
        "x": -190,
        "y": 4
    }
}