﻿{
    "autoLogin": false,
    "battleCount": true,
    "buttonStats": true,
    "crewReturn": false,
    "enabled": true,
    "generalChatButton": false,
    "popUpMessages": true,
    "promoPremVehicle": false,
    "referralButton": true,
    "saveLastServer": false,
    "showConsumablesCount": true,
    "showCustomizationCounter": true,
    "showDailyQuestWidget": true,
    "showDirectivesCount": false,
    "showProgressiveDecalsWindow": true,
    "showRankedBattleResults": false,
    "showTenYearsBanner": true,
    "showUnreadCounter": false,
    "showXpToUnlockVeh": true
}