﻿{
    "antiSpam": true,
    "autoLogin": true,
    "barracksShowFlags": true,
    "barracksShowSkills": true,
    "battleCount": true,
    "blockVehicleIfLowAmmo": true,
    "buttonStats": true,
    "carouselRows": 2,
    "carouselSettings": false,
    "enabled": true,
    "equipAutoReturn": true,
    "generalChatButton": false,
    "iconOff": false,
    "lowAmmoPercentage": 10,
    "piggyBankWindow": true,
    "popUpMessages": true,
    "promoPremVehicle": false,
    "referralButton": true,
    "rewardWindow": false,
    "saveLastServer": false,
    "smallDoubleCarousel": false,
    "unreadCounter": false
}