﻿{
    "antiSpam": true,
    "autoLogin": true,
    "battleCount": true,
    "buttonStats": true,
    "carouselRows": 2,
    "carouselSettings": false,
    "enabled": true,
    "equipAutoReturn": true,
    "generalChatButton": false,
    "iconOff": true,
    "logging": true,
    "piggyBankWindow": false,
    "popUpMessages": true,
    "promoPremVehicle": true,
    "referralButton": true,
    "rewardWindow": false,
    "saveLastServer": false,
    "smallDoubleCarousel": false,
    "unreadCounter": false
}