﻿{
    "antiSpam": true,
    "autoLogin": false,
    "battleCount": false,
    "buttonStats": false,
    "crewReturn": false,
    "enabled": true,
    "equipAutoReturn": true,
    "generalChatButton": false,
    "iconOff": true,
    "popUpMessages": true,
    "promoPremVehicle": false,
    "referralButton": true,
    "saveLastServer": false,
    "showDailyQuestWidget": true,
    "showRankedBattleResults": false,
    "showUnreadCounter": false,
    "showXpToUnlockVeh": true,
    "version": "2.2.5 (19.04.2020)"
}