{
    "autoLogin": true,
    "battleCount": false,
    "buttonStats": false,
    "clock": {
        "background": false,
        "format": "<font face='$FieldFont' color='#C3C3C3'><textformat leading='-38'><font size='34'>        %H:%M:%S</font><br></textformat><textformat rightMargin='85' leading='-2'>%A<br><font size='15' color='#C3C3C3'>%d %b %Y</font></textformat></font>"
    },
    "crewReturn": true,
    "enabled": true,
    "generalChatButton": false,
    "hangarClock": true,
    "popUpMessages": true,
    "promoPremVehicle": false,
    "referralButton": true,
    "showCustomizationCounter": true,
    "showDailyQuestWidget": true,
    "showEventBanner": true,
    "showProgressiveDecalsWindow": true,
    "showRankedBattleResults": false,
    "showUnreadCounter": false,
    "showXpToUnlockVeh": true
}