{
    "autoLogin": true,
    "battleCount": false,
    "buttonStats": false,
    "crewReturn": true,
    "enabled": true,
    "generalChatButton": false,
    "hangarClock": true,
    "popUpMessages": true,
    "promoPremVehicle": false,
    "referralButton": true,
    "showCustomizationCounter": true,
    "showDailyQuestWidget": true,
    "showEventBanner": true,
    "showProgressiveDecalsWindow": true,
    "showRankedBattleResults": false,
    "showUnreadCounter": false,
    "showXpToUnlockVeh": true
}