﻿{
    "autoLogin": false,
    "battleCount": false,
    "buttonStats": false,
    "crewReturn": false,
    "enabled": true,
    "generalChatButton": false,
    "hangarClock": true,
    "popUpMessages": true,
    "promoPremVehicle": false,
    "referralButton": true,
    "saveLastServer": false,
    "showCustomizationCounter": true,
    "showDailyQuestWidget": true,
    "showEventBanner": true,
    "showProgressiveDecalsWindow": true,
    "showRankedBattleResults": false,
    "showUnreadCounter": false,
    "showXpToUnlockVeh": true
}