﻿{
    "UI": 4,
    "background": true,
    "backgroundData": {
        "alpha": 1.0
    },
    "backgroundImage": "../maps/icons/quests/inBattleHint.png",
    "battleMessage": "<font size='14'>{currentMarkOfGun}</font> <font size='10'>{damageCurrentPercent}</font><font size='14'> ~ {c_nextMarkOfGun}</font> <font size='10'>{c_damageNextPercent}</font>\n<font size='20'>{c_battleMarkOfGun}{status}</font><font size='14'>{c_damageCurrent}</font>",
    "battleMessageAlt": "<font size='14'>{currentMarkOfGun}</font> <font size='10'>{damageCurrentPercent}</font><font size='14'> ~ {c_nextMarkOfGun}</font> <font size='10'>{c_damageNextPercent}</font>\n<font size='20'>{c_battleMarkOfGun}{status}</font><font size='14'>{c_damageCurrent}</font>\n{c_damageToMark65}{c_damageToMark85}\n{c_damageToMark95}{c_damageToMark100}",
    "battleMessageSizeInPercent": 100,
    "battleMessage{assistSpam}": "<img src='img://gui/maps/icons/library/efficiency/48x48/stun.png' width='16' height=\"16\" vspace='-5'/>",
    "battleMessage{assistSpot}": "<img src='img://gui/maps/icons/library/efficiency/48x48/detection.png' width='16' height='16' vspace='-5'/>",
    "battleMessage{assistTrack}": "<img src='img://gui/maps/icons/library/efficiency/48x48/immobilized.png' width='16' height='16' vspace='-5'/>",
    "battleMessage{battleMarkOfGun}": "%.2f%%",
    "battleMessage{c_battleMarkOfGun}": "%s",
    "battleMessage{c_currentMarkOfGun}": "%s",
    "battleMessage{c_damageCurrentPercent}": "%s",
    "battleMessage{c_damageCurrent}": "%s",
    "battleMessage{c_damageNextPercent}": "%s",
    "battleMessage{c_damageToMark100}": "%s",
    "battleMessage{c_damageToMark65}": "%s",
    "battleMessage{c_damageToMark85}": "%s",
    "battleMessage{c_damageToMark95}": "%s",
    "battleMessage{c_damageToMarkInfoLevel}": "%s",
    "battleMessage{c_damageToMarkInfo}": "%s",
    "battleMessage{c_nextMarkOfGun}": "%s",
    "battleMessage{c_status}Down": "V",
    "battleMessage{c_status}Unknown": "~",
    "battleMessage{c_status}Up": "?",
    "battleMessage{currentMarkOfGun}": "%.2f%%",
    "battleMessage{damageCurrentPercent}": "[<b>%.0f</b>]",
    "battleMessage{damageCurrent}": "[<b>%.0f</b>]",
    "battleMessage{damageNextPercent}": "[<b>%.0f</b>]",
    "battleMessage{damageToMark100}": "<b>100%%:%.0f</b>",
    "battleMessage{damageToMark65}": "<b>65%%:%.0f</b>, ",
    "battleMessage{damageToMark85}": "<b>85%%:%.0f</b>",
    "battleMessage{damageToMark95}": "<b>95%%:%.0f</b>, ",
    "battleMessage{damageToMarkInfoLevel}": "%s%%",
    "battleMessage{damageToMarkInfo}": "%s",
    "battleMessage{nextMarkOfGun}": "%.1f%%",
    "battleMessage{status}Down": "<img src='img://gui/maps/icons/messenger/status/24x24/chat_icon_user_is_busy.png' vspace='-5'/>",
    "battleMessage{status}Unknown": "<img src='img://gui/maps/icons/messenger/status/24x24/chat_icon_user_is_busy_violet.png' vspace='-5'/>",
    "battleMessage{status}Up": "<img src='img://gui/maps/icons/messenger/status/24x24/chat_icon_user_is_online.png' vspace='-5'/> ",
    "buttonReset": ["KEY_DELETE", ["KEY_LSHIFT", "KEY_RSHIFT"], ["KEY_LCONTROL", "KEY_RCONTROL"]],
    "buttonShow": ["KEY_NUMPAD9", ["KEY_LALT", "KEY_RALT"]],
    "buttonSizeDown": ["KEY_PGDN", ["KEY_LALT", "KEY_RALT"]],
    "buttonSizeUp": ["KEY_PGUP", ["KEY_LALT", "KEY_RALT"]],
    "downColor": 20,
    "enabled": true,
    "font": "$TitleFont",
    "panel": {
        "alignX": "left",
        "alignY": "bottom",
        "border": true,
        "drag": true,
        "height": 50,
        "width": 163,
        "x": 230,
        "y": -228
    },
    "panelSize": {
        "heightAlt": 80,
        "heightNormal": 50,
        "widthAlt": 163,
        "widthNormal": 163
    },
    "shadow": true,
    "shadowText": {
        "alpha": 1,
        "angle": 0,
        "blurX": 1,
        "blurY": 1,
        "color": 0,
        "distance": 0,
        "quality": 1,
        "strength": 1
    },
    "showInBattle": false,
    "showInBattleHalfPercents": false,
    "showInHangar": true,
    "showInReplay": true,
    "showInStatistic": true,
    "showInTechTree": true,
    "showInTechTreeMarkOfGunPercent": true,
    "showInTechTreeMarkOfGunPercentFirst": false,
    "unknownColor": 16,
    "upColor": 9
}