﻿{
    "background": {
        "enabled": false,
        "height": 25,
        "image": "../maps/bg.png",
        "width": 250
    },
    "battleResultsWindow": {
        "enabled": false,
        "textFormat": "<textFormat tabstops='[210]'>{mapName} - {battleType}<tab>WN8: <font color='{c:wn8}'>{wn8}</font>, EFF: <font color='{c:eff}'>{eff}</font></textFormat>"
    },
    "colors": {
        "diff": {
            "bad": "#FE0E00",
            "good": "#60FF00"
        },
        "eff": [
            {
                "color": "#FE0E00",
                "value": 604
            },
            {
                "color": "#FE7903",
                "value": 884
            },
            {
                "color": "#F8F400",
                "value": 1187
            },
            {
                "color": "#60FF00",
                "value": 1547
            },
            {
                "color": "#02C9B3",
                "value": 1872
            },
            {
                "color": "#D042F3",
                "value": 999999
            }
        ],
        "wn8": [
            {
                "color": "#FE0E00",
                "value": 450
            },
            {
                "color": "#FE7903",
                "value": 984
            },
            {
                "color": "#F8F400",
                "value": 1577
            },
            {
                "color": "#60FF00",
                "value": 2368
            },
            {
                "color": "#02C9B3",
                "value": 3182
            },
            {
                "color": "#D042F3",
                "value": 999999
            }
        ],
        "x": [
            {
                "color": "#FE0E00",
                "value": 16.5
            },
            {
                "color": "#FE7903",
                "value": 33.5
            },
            {
                "color": "#F8F400",
                "value": 52.5
            },
            {
                "color": "#60FF00",
                "value": 75.5
            },
            {
                "color": "#02C9B3",
                "value": 92.5
            },
            {
                "color": "#D042F3",
                "value": 999
            }
        ]
    },
    "enabled": true,
    "format": "WN8: <font color='{c:wn8}'>{wn8}</font> EFF: <font color='{c:eff}'>{eff}</font>",
    "textFormat": {
        "font": "$IMELanguageBar",
        "size": 15
    },
    "textLength": 1,
    "textLock": false,
    "textPosition": {
        "alignX": "left",
        "alignY": "top",
        "x": 158,
        "y": 38
    },
    "textShadow": {
        "alpha": 1,
        "angle": 90,
        "blurX": 2,
        "blurY": 2,
        "color": "#000000",
        "distance": 0,
        "enabled": true,
        "quality": 2,
        "strength": 2
    },
    "version": 125
}