﻿{
    "artyMessage": false,
    "artyTxt": "({player-tank} {player-name}) shoot me :(",
    "attackCommandOnSight": false,
    "clipLoad": false,
    "delay": 0.8,
    "enabled": false,
    "enabledFor": 0,
    "helpMessage": true,
    "ignoreLessThan": 6,
    "loadTxt": "I'm in reload take shell in {clipLoad} sec.",
    "msgIn": 0,
    "showWhenLess": 6,
    "spottedMessage": false,
    "spottedTxt": "I'm Spotted in {pos}",
    "teamDamage": false,
    "teamDmg": "<font color='#00EAFF'>{attacker-name} ({attacker-vehicle}) Hit an Ally</font> {victim-name} on {victim-vehicle}<font color='#FFDD33'> {damage}</font>!",
    "timeout": 5
}