﻿{
    "artyMessage": true,
    "artyTxt": "({player-tank} {player-name}) shoot me :(",
    "attackCommandOnSight": false,
    "clipLoad": true,
    "delay": 0.4,
    "enabled": true,
    "enabledFor": 1,
    "helpMessage": true,
    "ignoreLessThan": 4,
    "loadTxt": "Reloading! {clipLoad} sec left.",
    "maxLinesCount": 6,
    "msgIn": 0,
    "showWhenLess": 4,
    "spottedMessage": true,
    "spottedTxt": "I'm Spotted on {pos}",
    "teamDamage": true,
    "teamDmg": "<font color='#00EAFF'>{attacker-name} ({attacker-vehicle}) Hit the Ally</font> {victim-name} {victim-vehicle}<font color='#FFDD33'> did {damage}</font>!",
    "timeout": 3
}