﻿{
    "artyMessage": {
        "artyTxt": "{{arty-tank}} ({{arty-name}}) shoot me :(",
        "enabled": true
    },
    "clipLoad": {
        "enabled": true,
        "loadTxt": "I'm in reload take shell in {{clipLoad}} sec."
    },
    "enabled": true,
    "spottedMessage": {
        "enabled": true,
        "helpCommand": true,
        "showWhenLess": 4,
        "spottedTxt": "I'm Spotted in {{position}}"
    },
    "teamDamage": {
        "enabled": true,
        "enabledFor": "all",
        "ignoreLessThan": 6,
        "msgIn": "chat",
        "teamDmg": "<font color='#00EAFF'>{{attacker-name}} ({{attacker-vehicle}})</font> {{victim-name}} ({{victim-vehicle}})<font color='#FFDD33'> {{damage}}</font>!"
    },
    "version": 120
}