﻿{
    "enabled": true,
    "mode": 0,
    "textFields": {
        "1text": {
            "left": {
                "align": "center",
                "text": "<font face='$FieldFont' color='#FFFFFF' size='11'>%(curHealth)s/%(maxHealth)s</font>",
                "x": 111,
                "y": 3
            },
            "right": {
                "align": "center",
                "text": "<font face='$FieldFont' color='#FFFFFF' size='11'>%(curHealth)s/%(maxHealth)s</font>",
                "x": -115,
                "y": 3
            }
        },
        "2img": {
            "hideIfDead": true,
            "left": {
                "align": "left",
                "text": "<img src='img://../mods/configs/Driftkings/PlayersPanelHP/icons/hpBar_left.png' width='%(barWidth)d' height='14'>",
                "width": 72,
                "x": 75,
                "y": 3
            },
            "right": {
                "align": "left",
                "text": "<img src='img://../mods/configs/Driftkings/PlayersPanelHP/icons/hpBar_right.png' width='%(barWidth)d' height='14'>",
                "width": 72,
                "x": -151,
                "y": 3
            }
        },
        "3bg": {
            "left": {
                "align": "left",
                "text": "<img src='img://../mods/configs/Driftkings/PlayersPanelHP/icons/hpBg.png' width='70' height='12'>",
                "x": 76,
                "y": 4
            },
            "right": {
                "align": "left",
                "text": "<img src='img://../mods/configs/Driftkings/PlayersPanelHP/icons/hpBg.png' width='70' height='12'>",
                "x": -150,
                "y": 4
            }
        }
    },
    "toggle_key": [
        [
            "KEY_LALT",
            "KEY_RALT"
        ]
    ]
}