﻿{
    "sound_notifications": {
        //Gun Reloaded
        "gun_reloaded": {
            "fx": "driftkings_sound_gunReloaded"
        },
        //Critical Damage
        "enemy_hp_damaged_by_projectile_and_chassis_damaged_by_player": {
            "voice": "driftkings_sound_critical_dmg"
        },
        "enemy_hp_damaged_by_projectile_and_gun_damaged_by_player": {
            "voice": "driftkings_sound_critical_dmg"
        },
        "enemy_no_hp_damage_at_attempt_and_chassis_damaged_by_player": {
            "voice": "driftkings_sound_critical_dmg"
        },
        "enemy_no_hp_damage_at_attempt_and_gun_damaged_by_player": {
            "voice": "driftkings_sound_critical_dmg"
        },
        "enemy_no_hp_damage_at_no_attempt_and_chassis_damaged_by_player": {
            "voice": "driftkings_sound_critical_dmg"
        },
        "enemy_no_hp_damage_at_no_attempt_and_gun_damaged_by_player": {
            "voice": "driftkings_sound_critical_dmg"
        },
        //Ammo Bay Damaged
        "ammo_bay_damaged": {
            "voice": "driftkings_sound_ammo_bay"
        },
        //Fire
        "fire_started": {
            "voice": "driftkings_sound_fire"
        },
        //Blowup
        "IBlowUp": {
            "voice": "driftkings_sound_blowup"
        },
        "MiBlowUp": {
            "voice": "driftkings_sound_blowup"
        }
    }
}